Date,Adj Close,Close,High,Low,Open,Volume
2010-01-04,6.406478404998779,7.643214225769043,7.660714149475098,7.585000038146973,7.622499942779541,493729600
2010-01-05,6.417555809020996,7.656428813934326,7.699643135070801,7.6160712242126465,7.664286136627197,601904800
2010-01-06,6.31547737121582,7.534643173217773,7.68678617477417,7.526785850524902,7.656428813934326,552160000
2010-01-07,6.303802013397217,7.520713806152344,7.5714287757873535,7.466071128845215,7.5625,477131200
2010-01-08,6.345711708068848,7.570713996887207,7.5714287757873535,7.466429233551025,7.510714054107666,447610800
2010-01-11,6.289732456207275,7.503929138183594,7.607142925262451,7.444643020629883,7.599999904632568,462229600
2010-01-12,6.21818733215332,7.4185709953308105,7.491786003112793,7.372142791748047,7.471070766448975,594459600
2010-01-13,6.3058977127075195,7.523213863372803,7.533214092254639,7.289286136627197,7.423929214477539,605892000
2010-01-14,6.269375324249268,7.479642868041992,7.5164289474487305,7.465000152587891,7.503929138183594,432894000
2010-01-15,6.1646013259887695,7.354642868041992,7.557143211364746,7.352499961853027,7.533214092254639,594067600
2010-01-19,6.437313079833984,7.679999828338623,7.685357093811035,7.401429176330566,7.440357208251953,730007600
2010-01-20,6.338226795196533,7.56178617477417,7.698214054107666,7.482142925262451,7.675356864929199,612152800
2010-01-21,6.228662967681885,7.431070804595947,7.618214130401611,7.400356769561768,7.574285984039307,608154400
2010-01-22,5.919731140136719,7.0625,7.410714149475098,7.041429042816162,7.385000228881836,881767600
2010-01-25,6.078986167907715,7.252500057220459,7.310713768005371,7.1496429443359375,7.232500076293945,1065699600
2010-01-26,6.164901256561279,7.355000019073486,7.632500171661377,7.235000133514404,7.3553571701049805,1867110000
2010-01-27,6.2229766845703125,7.424285888671875,7.520713806152344,7.126070976257324,7.387499809265137,1722568400
2010-01-28,5.965832233428955,7.117499828338623,7.339285850524902,7.096428871154785,7.318929195404053,1173502400
2010-01-29,5.749396324157715,6.859285831451416,7.221428871154785,6.794642925262451,7.181428909301758,1245952400
2010-02-01,5.829324245452881,6.9546427726745605,7.0,6.8321428298950195,6.870357036590576,749876400
2010-02-02,5.863152980804443,6.994999885559082,7.0114288330078125,6.906428813934326,6.996786117553711,698342400
2010-02-03,5.964033603668213,7.115356922149658,7.150000095367432,6.943571090698242,6.9703569412231445,615328000
2010-02-04,5.7490997314453125,6.85892915725708,7.0846428871154785,6.841785907745361,7.026071071624756,757652000
2010-02-05,5.85117769241333,6.980713844299316,7.0,6.816071033477783,6.879642963409424,850306800
2010-02-08,5.811062812805176,6.932857036590576,7.067142963409424,6.9285712242126465,6.98892879486084,478270800
2010-02-09,5.873032569885254,7.006785869598389,7.0535712242126465,6.955357074737549,7.014999866485596,632886800
2010-02-10,5.840999603271484,6.968571186065674,7.021429061889648,6.937857151031494,6.996070861816406,370361600
2010-02-11,5.947270393371582,7.0953569412231445,7.1339287757873535,6.930714130401611,6.960000038146973,550345600
2010-02-12,5.99846076965332,7.156428813934326,7.2014288902282715,6.982142925262451,7.075356960296631,655468800
2010-02-16,6.088866233825684,7.264286041259766,7.2746429443359375,7.197143077850342,7.2121429443359375,543737600
2010-02-17,6.063420295715332,7.23392915725708,7.296785831451416,7.1735711097717285,7.292500019073486,436396800
2010-02-18,6.0747971534729,7.247499942779541,7.28178596496582,7.175714015960693,7.201070785522461,422825200
2010-02-19,6.037078380584717,7.202499866485596,7.257143020629883,7.182499885559082,7.209286212921143,415469600
2010-02-22,5.999658107757568,7.1578569412231445,7.232142925262451,7.11392879486084,7.226428985595703,390563600
2010-02-23,5.899075984954834,7.0378570556640625,7.190357208251953,6.989643096923828,7.142857074737549,575094800
2010-02-24,6.006843090057373,7.166429042816162,7.194285869598389,7.065713882446289,7.0796427726745605,460566400
2010-02-25,6.046957969665527,7.214285850524902,7.244999885559082,7.03178596496582,7.049285888671875,665126000
2010-02-26,6.125386714935303,7.307857036590576,7.327499866485596,7.214285850524902,7.2278571128845215,507460800
2010-03-01,6.2562055587768555,7.463929176330566,7.482142925262451,7.337500095367432,7.348214149475098,550093600
2010-03-02,6.252014636993408,7.458929061889648,7.5296430587768555,7.419285774230957,7.497499942779541,566546400
2010-03-03,6.266383171081543,7.476070880889893,7.495357036590576,7.42642879486084,7.4621429443359375,372052800
2010-03-04,6.307693958282471,7.525356769561768,7.5328569412231445,7.451070785522461,7.474286079406738,366041200
2010-03-05,6.554361343383789,7.819643020629883,7.846428871154785,7.6653571128845215,7.67642879486084,899620400
2010-03-08,6.558254718780518,7.824285984039307,7.86035680770874,7.794642925262451,7.857500076293945,429889600
2010-03-09,6.6761980056762695,7.965000152587891,8.035714149475098,7.78178596496582,7.796785831451416,920259200
2010-03-10,6.730679988861084,8.029999732971191,8.052857398986816,7.971428871154785,7.993928909301758,596218000
2010-03-11,6.750438213348389,8.053570747375488,8.053570747375488,7.975714206695557,7.996786117553711,405700400
2010-03-12,6.78336763381958,8.092857360839844,8.133213996887207,8.0625,8.120356559753418,416323600
2010-03-15,6.700746536254883,7.994286060333252,8.053570747375488,7.8660712242126465,8.049285888671875,493502800
2010-03-16,6.7190070152282715,8.016071319580078,8.03499984741211,7.946785926818848,8.006428718566895,446908000
2010-03-17,6.709128379821777,8.00428581237793,8.087499618530273,7.973928928375244,8.032142639160156,450956800
2010-03-18,6.724992275238037,8.023214340209961,8.035714149475098,7.950356960296631,8.003570556640625,342109600
2010-03-19,6.653149127960205,7.9375,8.044285774230957,7.901071071624756,8.028214454650879,559445600
2010-03-22,6.727988243103027,8.026785850524902,8.071429252624512,7.862500190734863,7.873929023742676,456419600
2010-03-23,6.836052417755127,8.15571403503418,8.170714378356934,8.003570556640625,8.058570861816406,602431200
2010-03-24,6.8662896156311035,8.19178581237793,8.221428871154785,8.125356674194336,8.130000114440918,597780400
2010-03-25,6.78486442565918,8.094642639160156,8.248929023742676,8.08035659790039,8.247142791748047,542284400
2010-03-26,6.912090301513672,8.246429443359375,8.283928871154785,8.162500381469727,8.176786422729492,640875200
2010-03-29,6.956691741943359,8.299642562866211,8.352499961853027,8.272143363952637,8.321429252624512,540744400
2010-03-30,7.060268878936768,8.423213958740234,8.481429100036621,8.366070747375488,8.449999809265137,527310000
2010-03-31,7.034823417663574,8.39285659790039,8.450357437133789,8.373571395874023,8.410357475280762,430659600
2010-04-01,7.063865661621094,8.427499771118164,8.526070594787598,8.3125,8.478928565979004,603145200
2010-04-05,7.139298915863037,8.517499923706055,8.518214225769043,8.384642601013184,8.392143249511719,684507600
2010-04-06,7.170732498168945,8.555000305175781,8.579999923706055,8.464285850524902,8.507143020629883,447017200
2010-04-07,7.202464580535889,8.592857360839844,8.640000343322754,8.523571014404297,8.555356979370117,628502000
2010-04-08,7.18300724029541,8.569643020629883,8.626428604125977,8.501428604125977,8.587142944335938,572989200
2010-04-09,7.2380852699279785,8.635356903076172,8.63892936706543,8.587857246398926,8.6225004196167,334182800
2010-04-12,7.253056049346924,8.653214454650879,8.681071281433105,8.63607120513916,8.649999618530273,333026400
2010-04-13,7.257245063781738,8.65821361541748,8.671428680419922,8.61107063293457,8.637857437133789,306210800
2010-04-14,7.354832649230957,8.774642944335938,8.778928756713867,8.71678638458252,8.760000228881836,404076400
2010-04-15,7.451526165008545,8.890000343322754,8.893928527832031,8.768214225769043,8.777856826782227,376784800
2010-04-16,7.406026363372803,8.835714340209961,8.96928596496582,8.733928680419922,8.8774995803833,750545600
2010-04-19,7.396145343780518,8.823928833007812,8.853214263916016,8.634642601013184,8.822500228881836,566924400
2010-04-20,7.321906089782715,8.735357284545898,8.901785850524902,8.677143096923828,8.876428604125977,738326400
2010-04-21,7.759860992431641,9.257857322692871,9.29464340209961,9.133213996887207,9.242856979370117,982391200
2010-04-22,7.976890563964844,9.516785621643066,9.526785850524902,9.149999618530273,9.222857475280762,793424800
2010-04-23,8.107412338256836,9.672499656677246,9.72071361541748,9.535714149475098,9.571070671081543,796955600
2010-04-26,8.067595481872559,9.625,9.730713844299316,9.578213691711426,9.710000038146973,479068800
2010-04-27,7.844274997711182,9.35857105255127,9.565713882446289,9.304286003112793,9.545356750488281,709343600
2010-04-28,7.831109046936035,9.342857360839844,9.428570747375488,9.157500267028809,9.401785850524902,758402400
2010-04-29,8.041853904724121,9.59428596496582,9.64285659790039,9.357500076293945,9.393570899963379,558840800
2010-04-30,7.815837860107422,9.3246431350708,9.663213729858398,9.321429252624512,9.618213653564453,542463600
2010-05-03,7.973300457000732,9.512499809265137,9.567143440246582,9.388570785522461,9.422857284545898,454342000
2010-05-04,7.743693828582764,9.238571166992188,9.403214454650879,9.16964340209961,9.38892936706543,723819600
2010-05-05,7.663170337677002,9.142499923706055,9.21928596496582,8.883213996887207,9.036786079406738,883103200
2010-05-06,7.371595859527588,8.79464340209961,9.223214149475098,7.1160712242126465,9.065357208251953,1285860800
2010-05-07,7.060568809509277,8.42357063293457,8.806071281433105,8.043213844299316,8.70392894744873,1676018400
2010-05-10,7.603297233581543,9.071070671081543,9.094642639160156,8.876070976257324,8.9375,984306400
2010-05-11,7.679035186767578,9.161429405212402,9.28178596496582,8.946429252624512,8.994285583496094,848906800
2010-05-12,7.845778465270996,9.360357284545898,9.397500038146973,9.239286422729492,9.258570671081543,654379600
2010-05-13,7.734116077423096,9.227143287658691,9.464285850524902,9.157142639160156,9.400713920593262,599712400
2010-05-14,7.598208904266357,9.0649995803833,9.15999984741211,8.910714149475098,9.1128568649292,759362800
2010-05-17,7.610182285308838,9.079285621643066,9.149286270141602,8.846785545349121,9.096428871154785,762834800
2010-05-18,7.554502010345459,9.012857437133789,9.233928680419922,8.937856674194336,9.177857398986816,782678400
2010-05-19,7.4341630935668945,8.869285583496094,9.032856941223145,8.744643211364746,8.910714149475098,1025726800
2010-05-20,7.117448329925537,8.491429328918457,8.708929061889648,8.436071395874023,8.638570785522461,1282915200
2010-05-21,7.253953456878662,8.65428638458252,8.73214340209961,8.262499809265137,8.3149995803833,1223891200
2010-05-24,7.386864185333252,8.812856674194336,8.960714340209961,8.795000076293945,8.831428527832031,754238800
2010-05-25,7.340766906738281,8.757857322692871,8.812856674194336,8.470000267028809,8.548213958740234,1048006400
2010-05-26,7.3075361251831055,8.71821403503418,9.004643440246582,8.70535659790039,8.931428909301758,850654000
2010-05-27,7.584137916564941,9.048213958740234,9.067500114440918,8.896785736083984,8.949999809265137,666282400
2010-05-28,7.68981409072876,9.174285888671875,9.264286041259766,9.048213958740234,9.26392936706543,815614800
2010-06-01,7.808053970336914,9.315357208251953,9.497857093811035,9.248571395874023,9.274642944335938,876472800
2010-06-02,7.901456832885742,9.426786422729492,9.45714282989502,9.297499656677246,9.447856903076172,688548000
2010-06-03,7.876613140106201,9.397143363952637,9.483928680419922,9.3003568649292,9.47071361541748,650106800
2010-06-04,7.662270545959473,9.14142894744873,9.353570938110352,9.093929290771484,9.221785545349121,758304400
2010-06-07,7.511996746063232,8.962142944335938,9.255356788635254,8.948213577270508,9.224642753601074,886942000
2010-06-08,7.463801383972168,8.904643058776855,9.064286231994629,8.773214340209961,9.044285774230957,1000770400
2010-06-09,7.280296802520752,8.685713768005371,8.996429443359375,8.660357475280762,8.981071472167969,854630000
2010-06-10,7.499123573303223,8.946785926818848,8.963570594787598,8.649999618530273,8.744285583496094,776356000
2010-06-11,7.588927745819092,9.053929328918457,9.066429138183594,8.834643363952637,8.865357398986816,545759200
2010-06-14,7.611980438232422,9.081428527832031,9.255356788635254,9.071785926818848,9.14142894744873,602960400
2010-06-15,7.773927688598633,9.274642944335938,9.280357360839844,9.125,9.130000114440918,585074000
2010-06-16,8.000245094299316,9.54464340209961,9.5625,9.30821418762207,9.324999809265137,783678000
2010-06-17,8.138542175292969,9.709643363952637,9.746429443359375,9.625,9.664285659790039,872855200
2010-06-18,8.204401969909668,9.788213729858398,9.821429252624512,9.693571090698242,9.723214149475098,784621600
2010-06-21,8.087653160095215,9.64892864227295,9.964642524719238,9.59749984741211,9.917499542236328,776490400
2010-06-22,8.197819709777832,9.780357360839844,9.856071472167969,9.696429252624512,9.720000267028809,717262000
2010-06-23,8.111604690551758,9.677499771118164,9.809286117553711,9.567856788635254,9.806428909301758,768457200
2010-06-24,8.052629470825195,9.60714340209961,9.757143020629883,9.574999809265137,9.678570747375488,714277200
2010-06-25,7.98377799987793,9.524999618530273,9.65250015258789,9.493213653564453,9.645000457763672,549942400
2010-06-28,8.031673431396484,9.58214282989502,9.633929252624512,9.447142601013184,9.53321361541748,584948000
2010-06-29,7.668557643890381,9.14892864227295,9.442500114440918,9.08214282989502,9.432856559753418,1133344800
2010-06-30,7.5296549797058105,8.983214378356934,9.213213920593262,8.928929328918457,9.168213844299316,739452000
2010-07-01,7.438352108001709,8.874285697937012,9.100000381469727,8.686429023742676,9.08214282989502,1022896000
2010-07-02,7.392253875732422,8.819286346435547,8.961786270141602,8.685713768005371,8.946070671081543,693842800
2010-07-06,7.442846775054932,8.879643440246582,9.028571128845215,8.791428565979004,8.964285850524902,615235600
2010-07-07,7.7433977127075195,9.238213539123535,9.241786003112793,8.91964340209961,8.946070671081543,654556000
2010-07-08,7.726036071777344,9.217499732971191,9.389286041259766,9.103214263916016,9.374285697937012,738144400
2010-07-09,7.771833896636963,9.272143363952637,9.282142639160156,9.1128568649292,9.174642562866211,433322400
2010-07-12,7.702082633972168,9.188928604125977,9.351785659790039,9.102143287658691,9.233214378356934,562878400
2010-07-13,7.537740230560303,8.992856979370117,9.157142639160156,8.801071166992188,9.15428638458252,1190924000
2010-07-14,7.565579891204834,9.026070594787598,9.135713577270508,8.89285659790039,8.906429290771484,812047600
2010-07-15,7.527265548706055,8.98035717010498,9.177499771118164,8.83214282989502,8.865357398986816,824866000
2010-07-16,7.480862617492676,8.925000190734863,9.106071472167969,8.871786117553711,9.042142868041992,1039858400
2010-07-19,7.351539134979248,8.770713806152344,8.924285888671875,8.557143211364746,8.924285888671875,1024478000
2010-07-20,7.5404372215271,8.996070861816406,9.032142639160156,8.571785926818848,8.675000190734863,1074950800
2010-07-21,7.610781669616699,9.079999923706055,9.469642639160156,9.071429252624512,9.467499732971191,1185671200
2010-07-22,7.753873825073242,9.250714302062988,9.285714149475098,9.118213653564453,9.20285701751709,645318800
2010-07-23,7.7814178466796875,9.283571243286133,9.299285888671875,9.152856826782227,9.181785583496094,533388800
2010-07-26,7.761657238006592,9.260000228881836,9.289285659790039,9.20392894744873,9.285714149475098,420551600
2010-07-27,7.905344009399414,9.431428909301758,9.45714282989502,9.296428680419922,9.31678581237793,584771600
2010-07-28,7.811946868896484,9.319999694824219,9.499643325805664,9.29464340209961,9.416786193847656,519985200
2010-07-29,7.726632118225098,9.21821403503418,9.380356788635254,9.146429061889648,9.311071395874023,643806800
2010-07-30,7.700886249542236,9.1875,9.274999618530273,9.103570938110352,9.13892936706543,448210000
2010-08-02,7.838590621948242,9.351785659790039,9.378213882446289,9.272143363952637,9.30142879486084,428055600
2010-08-03,7.84098482131958,9.354642868041992,9.402142524719238,9.265000343322754,9.321785926818848,417653600
2010-08-04,7.8724188804626465,9.392143249511719,9.438570976257324,9.296786308288574,9.3871431350708,420375200
2010-08-05,7.834104061126709,9.346428871154785,9.399286270141602,9.305356979370117,9.34749984741211,289097200
2010-08-06,7.785906791687012,9.288928985595703,9.338929176330566,9.201070785522461,9.277856826782227,444897600
2010-08-09,7.835599422454834,9.348214149475098,9.362500190734863,9.270357131958008,9.338570594787598,303128000
2010-08-10,7.765547275543213,9.264642715454102,9.301786422729492,9.198213577270508,9.280357360839844,451920000
2010-08-11,7.489541530609131,8.935357093811035,9.131786346435547,8.921786308288574,9.121429443359375,620054400
2010-08-12,7.537441253662109,8.992500305175781,9.039285659790039,8.789999961853027,8.810357093811035,534920400
2010-08-13,7.456916332244873,8.896429061889648,8.99571418762207,8.896071434020996,8.987500190734863,354869200
2010-08-16,7.4132080078125,8.84428596496582,8.928929328918457,8.807856559753418,8.842143058776855,318430000
2010-08-17,7.54282808303833,8.998929023742676,9.093929290771484,8.899999618530273,8.931428909301758,422640400
2010-08-18,7.575754642486572,9.038213729858398,9.095356941223145,8.984999656677246,9.012857437133789,339696000
2010-08-19,7.480264186859131,8.924285888671875,9.052857398986816,8.881428718566895,9.029999732971191,426706000
2010-08-20,7.473077297210693,8.915714263916016,9.068571090698242,8.89285659790039,8.90678596496582,384230000
2010-08-23,7.358126640319824,8.778571128845215,9.0,8.758929252624512,8.992500305175781,414041600
2010-08-24,7.182409286499023,8.568928718566895,8.678570747375488,8.523214340209961,8.666786193847656,602565600
2010-08-25,7.271014213562012,8.674642562866211,8.713929176330566,8.471428871154785,8.501428604125977,596867600
2010-08-26,7.192883014678955,8.581428527832031,8.776785850524902,8.581428527832031,8.766071319580078,466505200
2010-08-27,7.232995510101318,8.62928581237793,8.664643287658691,8.412857055664062,8.633929252624512,548391200
2010-08-30,7.259340286254883,8.660714149475098,8.776785850524902,8.59571361541748,8.598570823669434,383289200
2010-08-31,7.27730131149292,8.682143211364746,8.734286308288574,8.583929061889648,8.637499809265137,420786800
2010-09-01,7.493735313415527,8.940357208251953,8.980713844299316,8.795714378356934,8.838213920593262,697037600
2010-09-02,7.5488176345825195,9.006071090698242,9.006071090698242,8.8774995803833,8.973570823669434,415427600
2010-09-03,7.746392726898193,9.241786003112793,9.242142677307129,9.089285850524902,9.110357284545898,520788800
2010-09-07,7.717649459838867,9.207500457763672,9.268928527832031,9.151785850524902,9.165714263916016,342557600
2010-09-08,7.870621204376221,9.390000343322754,9.442500114440918,9.253570556640625,9.277856826782227,526551200
2010-09-09,7.875112533569336,9.395357131958008,9.518570899963379,9.390000343322754,9.465714454650879,438575200
2010-09-10,7.885290622711182,9.407500267028809,9.446429252624512,9.335714340209961,9.399642944335938,387542400
2010-09-13,7.993955612182617,9.537142753601074,9.581428527832031,9.491429328918457,9.493571281433105,388780000
2010-09-14,8.024491310119629,9.57357120513916,9.613213539123535,9.482856750488281,9.507499694824219,408150400
2010-09-15,8.089151382446289,9.650713920593262,9.656429290771484,9.565713882446289,9.577500343322754,429368800
2010-09-16,8.279241561889648,9.8774995803833,9.881071090698242,9.625,9.651429176330566,652103200
2010-09-17,8.243317604064941,9.834643363952637,9.927143096923828,9.774286270141602,9.917499542236328,634477200
2010-09-20,8.478608131408691,10.115357398986816,10.135000228881836,9.851785659790039,9.859999656677246,658677600
2010-09-21,8.49477767944336,10.134642601013184,10.262499809265137,10.099642753601074,10.137857437133789,668074400
2010-09-22,8.61391830444336,10.276785850524902,10.28499984741211,10.086071014404297,10.096785545349121,585289600
2010-09-23,8.648945808410645,10.318571090698242,10.455714225769043,10.214285850524902,10.22607135772705,786116800
2010-09-24,8.750727653503418,10.4399995803833,10.483214378356934,10.376786231994629,10.432143211364746,649488000
2010-09-27,8.715999603271484,10.398571014404297,10.526070594787598,10.393214225769043,10.499285697937012,482834800
2010-09-28,8.587274551391602,10.244999885559082,10.420356750488281,9.821429252624512,10.420356750488281,1035042400
2010-09-29,8.60254192352295,10.263214111328125,10.350357055664062,10.214285850524902,10.258213996887207,469644000
2010-09-30,8.494178771972656,10.133929252624512,10.35714340209961,10.04464340209961,10.321429252624512,673391600
2010-10-01,8.457355499267578,10.09000015258789,10.234999656677246,10.048213958740234,10.219642639160156,448142800
2010-10-04,8.34121036529541,9.95142936706543,10.103570938110352,9.920356750488281,10.057143211364746,435302000
2010-10-05,8.649545669555664,10.319286346435547,10.337499618530273,10.0649995803833,10.071429252624512,501967200
2010-10-06,8.657028198242188,10.328213691711426,10.428214073181152,10.187856674194336,10.342499732971191,670868800
2010-10-07,8.657925605773926,10.329285621643066,10.374285697937012,10.246786117553711,10.369285583496094,408399600
2010-10-08,8.80311107635498,10.5024995803833,10.51785659790039,10.35714340209961,10.418213844299316,658403200
2010-10-11,8.841728210449219,10.54857063293457,10.615714073181152,10.521429061889648,10.526429176330566,427753200
2010-10-12,8.936921119689941,10.662142753601074,10.696429252624512,10.446070671081543,10.5503568649292,558544000
2010-10-13,8.984819412231445,10.71928596496582,10.784285545349121,10.70714282989502,10.721428871154785,630092400
2010-10-14,9.049777030944824,10.796786308288574,10.802499771118164,10.728570938110352,10.774642944335938,435296400
2010-10-15,9.421875953674316,11.240714073181152,11.25,10.889642715454102,10.979999542236328,922194000
2010-10-18,9.519464492797852,11.35714340209961,11.39285659790039,11.224642753601074,11.373929023742676,1093010800
2010-10-19,9.264716148376465,11.053214073181152,11.206070899963379,10.71500015258789,10.835714340209961,1232784000
2010-10-20,9.295844078063965,11.090356826782227,11.223214149475098,10.959643363952637,11.035714149475098,721624400
2010-10-21,9.26561450958252,11.054286003112793,11.240714073181152,10.95714282989502,11.15571403503418,551460000
2010-10-22,9.204246520996094,10.981071472167969,11.072856903076172,10.939286231994629,11.038213729858398,372778000
2010-10-25,9.245255470275879,11.029999732971191,11.128570556640625,11.015713691711426,11.038928985595703,392462000
2010-10-26,9.221609115600586,11.001786231994629,11.062143325805664,10.916070938110352,10.959643363952637,392929600
2010-10-27,9.215023040771484,10.993928909301758,11.067856788635254,10.914285659790039,10.987500190734863,399002800
2010-10-28,9.137490272521973,10.901429176330566,11.0,10.746429443359375,10.998213768005371,551051200
2010-10-29,9.009963989257812,10.749285697937012,10.924285888671875,10.745356559753418,10.865357398986816,430511200
2010-11-01,9.105758666992188,10.863571166992188,10.914285659790039,10.79285717010498,10.793571472167969,423889200
2010-11-02,9.260824203491211,11.04857063293457,11.078213691711426,10.964285850524902,10.964285850524902,433930000
2010-11-03,9.363805770874023,11.171428680419922,11.174285888671875,11.018928527832031,11.120356559753418,508348400
2010-11-04,9.527545928955078,11.366786003112793,11.4350004196167,11.251070976257324,11.266071319580078,642488000
2010-11-05,9.493423461914062,11.326070785522461,11.413213729858398,11.3125,11.356785774230957,361253200
2010-11-08,9.538022994995117,11.37928581237793,11.420356750488281,11.312856674194336,11.328571319580078,281758400
2010-11-09,9.461989402770996,11.28857135772705,11.475000381469727,11.23214340209961,11.466071128845215,383544000
2010-11-10,9.520365715026855,11.358214378356934,11.384642601013184,11.198213577270508,11.308570861816406,384227200
2010-11-11,9.479052543640137,11.308929443359375,11.371429443359375,11.223214149475098,11.25,361284000
2010-11-12,9.2210054397583,11.001070976257324,11.303570747375488,10.843929290771484,11.285714149475098,795846800
2010-11-15,9.191370964050293,10.965714454650879,11.090714454650879,10.938214302062988,11.01642894744873,403606000
2010-11-16,9.028225898742676,10.771071434020996,10.985713958740234,10.6899995803833,10.918571472167969,657650000
2010-11-17,8.995597839355469,10.73214340209961,10.856785774230957,10.634285926818848,10.757143020629883,479449600
2010-11-18,9.232983589172363,11.01535701751709,11.059642791748047,10.881786346435547,10.899999618530273,494491200
2010-11-19,9.182095527648926,10.954643249511719,11.014286041259766,10.901429176330566,10.998929023742676,384843200
2010-11-22,9.38056468963623,11.191429138183594,11.191429138183594,10.923929214477539,10.95285701751709,393075200
2010-11-23,9.241963386535645,11.026070594787598,11.133929252624512,10.94857120513916,11.087499618530273,519447600
2010-11-24,9.423670768737793,11.242856979370117,11.264286041259766,11.133929252624512,11.14285659790039,413725200
2010-11-26,9.429659843444824,11.25,11.346428871154785,11.17642879486084,11.204999923706055,237585600
2010-11-29,9.485638618469238,11.31678581237793,11.338570594787598,11.12071418762207,11.26785659790039,445785200
2010-11-30,9.31440544128418,11.112500190734863,11.227143287658691,11.102499961853027,11.197856903076172,501858000
2010-12-01,9.471571922302246,11.300000190734863,11.348214149475098,11.25,11.259642601013184,461750800
2010-12-02,9.523955345153809,11.362500190734863,11.39285659790039,11.246070861816406,11.340356826782227,462837200
2010-12-03,9.502700805664062,11.337142944335938,11.380356788635254,11.297857284545898,11.321785926818848,342092800
2010-12-06,9.583827018737793,11.433929443359375,11.511786460876465,11.372142791748047,11.380000114440918,448481600
2010-12-07,9.525751113891602,11.364643096923828,11.571070671081543,11.361429214477539,11.564286231994629,391454000
2010-12-08,9.609572410583496,11.464642524719238,11.46500015258789,11.325357437133789,11.415356636047363,321935600
2010-12-09,9.572150230407715,11.420000076293945,11.51785659790039,11.393570899963379,11.504643440246582,294151200
2010-12-10,9.596101760864258,11.44857120513916,11.466071128845215,11.378570556640625,11.416070938110352,262511200
2010-12-13,9.629328727722168,11.488213539123535,11.609286308288574,11.464285850524902,11.584643363952637,439815600
2010-12-14,9.588018417358398,11.438928604125977,11.519286155700684,11.39285659790039,11.490357398986816,351008000
2010-12-15,9.590113639831543,11.441429138183594,11.535714149475098,11.399642944335938,11.428570747375488,417312000
2010-12-16,9.616752624511719,11.473214149475098,11.521785736083984,11.432143211364746,11.467499732971191,322030800
2010-12-17,9.597601890563965,11.450357437133789,11.492500305175781,11.436785697937012,11.486785888671875,386929200
2010-12-20,9.645495414733887,11.507499694824219,11.54464340209961,11.365357398986816,11.485713958740234,385610400
2010-12-21,9.705065727233887,11.578571319580078,11.585356712341309,11.501786231994629,11.535714149475098,256354000
2010-12-22,9.733804702758789,11.6128568649292,11.632857322692871,11.555356979370117,11.584285736083984,265921600
2010-12-23,9.687102317810059,11.557143211364746,11.612500190734863,11.541786193847656,11.60714340209961,223157200
2010-12-27,9.719433784484863,11.59571361541748,11.622857093811035,11.482856750488281,11.530357360839844,249816000
2010-12-28,9.743086814880371,11.623929023742676,11.666428565979004,11.609286308288574,11.639642715454102,175924000
2010-12-29,9.737695693969727,11.617500305175781,11.658928871154785,11.610713958740234,11.650713920593262,163139200
2010-12-30,9.688904762268066,11.559286117553711,11.625356674194336,11.537500381469727,11.624285697937012,157494400
2010-12-31,9.655973434448242,11.520000457763672,11.552857398986816,11.475357055664062,11.533928871154785,193508000
2011-01-03,9.865818977355957,11.770357131958008,11.795000076293945,11.601428985595703,11.630000114440918,445138400
2011-01-04,9.91730785369873,11.831786155700684,11.875,11.719642639160156,11.872857093811035,309080800
2011-01-05,9.998431205749512,11.928570747375488,11.940713882446289,11.76785659790039,11.76964282989502,255519600
2011-01-06,9.990346908569336,11.918929100036621,11.973214149475098,11.889286041259766,11.954285621643066,300428800
2011-01-07,10.061897277832031,12.00428581237793,12.012499809265137,11.853570938110352,11.928214073181152,311931200
2011-01-10,10.251384735107422,12.23035717010498,12.258213996887207,12.041786193847656,12.10107135772705,448560000
2011-01-11,10.227141380310059,12.20142936706543,12.319999694824219,12.123929023742676,12.317143440246582,444108000
2011-01-12,10.310357093811035,12.300713539123535,12.301071166992188,12.214285850524902,12.258929252624512,302590400
2011-01-13,10.3480806350708,12.34571361541748,12.380000114440918,12.280357360839844,12.327142715454102,296780400
2011-01-14,10.43189811706543,12.445713996887207,12.445713996887207,12.30142879486084,12.353214263916016,308840000
2011-01-18,10.197505950927734,12.166070938110352,12.312856674194336,11.64285659790039,11.768570899963379,1880998000
2011-01-19,10.143321990966797,12.101428985595703,12.449999809265137,12.031429290771484,12.441070556640625,1135612800
2011-01-20,9.958918571472168,11.881428718566895,12.08214282989502,11.789999961853027,12.01535701751709,764789200
2011-01-21,9.780502319335938,11.668571472167969,11.960000038146973,11.665356636047363,11.920356750488281,754401200
2011-01-24,10.101706504821777,12.051786422729492,12.051786422729492,11.668571472167969,11.673929214477539,574683200
2011-01-25,10.219955444335938,12.192856788635254,12.194286346435547,11.948928833007812,12.011786460876465,546868000
2011-01-26,10.293294906616211,12.280357360839844,12.342857360839844,12.196429252624512,12.248571395874023,506875600
2011-01-27,10.274133682250977,12.257499694824219,12.310357093811035,12.243928909301758,12.277856826782227,285026000
2011-01-28,10.061293601989746,12.003570556640625,12.300000190734863,11.911786079406738,12.291786193847656,592057200
2011-01-31,10.157689094543457,12.118571281433105,12.144286155700684,11.939286231994629,11.992856979370117,377246800
2011-02-01,10.32861614227295,12.322500228881836,12.344642639160156,12.177857398986816,12.189286231994629,426633200
2011-02-02,10.307368278503418,12.29714298248291,12.33035659790039,12.26964282989502,12.301786422729492,258955200
2011-02-03,10.281022071838379,12.265713691711426,12.294285774230957,12.091071128845215,12.278571128845215,393797600
2011-02-04,10.372626304626465,12.375,12.382143020629883,12.268214225769043,12.272856712341309,321840400
2011-02-07,10.53368091583252,12.567143440246582,12.616070747375488,12.415714263916016,12.424642562866211,485021600
2011-02-08,10.633065223693848,12.685713768005371,12.697142601013184,12.576786041259766,12.631428718566895,381040800
2011-02-09,10.721673965454102,12.791428565979004,12.821429252624512,12.673929214477539,12.685357093811035,482745200
2011-02-10,10.613309860229492,12.662142753601074,12.85714340209961,12.428570747375488,12.76392936706543,928550000
2011-02-11,10.682456970214844,12.744643211364746,12.778571128845215,12.626428604125977,12.66964340209961,367572800
2011-02-14,10.752204895019531,12.82785701751709,12.838570594787598,12.739643096923828,12.742500305175781,310416400
2011-02-15,10.773761749267578,12.853570938110352,12.856071472167969,12.76964282989502,12.828213691711426,284174800
2011-02-16,10.870451927185059,12.968929290771484,13.032142639160156,12.875,12.885713577270508,481157600
2011-02-17,10.725863456726074,12.796428680419922,12.866786003112793,12.732856750488281,12.758929252624512,530583200
2011-02-18,10.49416446685791,12.520000457763672,12.839285850524902,12.482856750488281,12.811071395874023,816057200
2011-02-22,10.136433601379395,12.09321403503418,12.335714340209961,12.061429023742676,12.219642639160156,872555600
2011-02-23,10.256476402282715,12.236429214477539,12.308570861816406,12.09321403503418,12.098929405212402,671854400
2011-02-24,10.26425838470459,12.24571418762207,12.326786041259766,12.084643363952637,12.286429405212402,499900800
2011-02-25,10.422316551208496,12.434286117553711,12.443928718566895,12.314286231994629,12.330714225769043,380018800
2011-02-28,10.573492050170898,12.614643096923828,12.680356979370117,12.539999961853027,12.544285774230957,403074000
2011-03-01,10.456745147705078,12.475357055664062,12.704285621643066,12.417142868041992,12.695357322692871,456136800
2011-03-02,10.540862083435059,12.575714111328125,12.655357360839844,12.442856788635254,12.498571395874023,602590800
2011-03-03,10.763581275939941,12.841428756713867,12.849642753601074,12.71142864227295,12.756786346435547,500788400
2011-03-04,10.776752471923828,12.85714340209961,12.867500305175781,12.776785850524902,12.85964298248291,453266800
2011-03-07,10.637852668762207,12.691429138183594,12.916786193847656,12.546786308288574,12.907142639160156,546123200
2011-03-08,10.649827003479004,12.705714225769043,12.764286041259766,12.58035659790039,12.6753568649292,356316800
2011-03-09,10.551339149475098,12.588213920593262,12.670000076293945,12.521429061889648,12.667499542236328,453306000
2011-03-10,10.377714157104492,12.381071090698242,12.491786003112793,12.317856788635254,12.468570709228516,507539200
2011-03-11,10.536968231201172,12.571070671081543,12.582857131958008,12.321429252624512,12.333213806152344,471080400
2011-03-14,10.583969116210938,12.627142906188965,12.731429100036621,12.546786308288574,12.613571166992188,435957200
2011-03-15,10.340596199035645,12.336786270141602,12.422857284545898,12.146429061889648,12.217857360839844,721081200
2011-03-16,9.87899112701416,11.786070823669434,12.25,11.652142524719238,12.214285850524902,1162011200
2011-03-17,10.017593383789062,11.95142936706543,12.128929138183594,11.809286117553711,12.029643058776855,659422400
2011-03-18,9.898748397827148,11.809642791748047,12.078571319580078,11.785714149475098,12.040356636047363,753214000
2011-03-21,10.157089233398438,12.117856979370117,12.133570671081543,11.973570823669434,11.999643325805664,409402000
2011-03-22,10.213966369628906,12.185713768005371,12.236429214477539,12.112142562866211,12.234286308288574,325922800
2011-03-23,10.15379524230957,12.11392879486084,12.150713920593262,11.998213768005371,12.117142677307129,372996400
2011-03-24,10.326826095581055,12.320357322692871,12.35714340209961,12.102143287658691,12.208929061889648,404712000
2011-03-25,10.523497581481934,12.555000305175781,12.57357120513916,12.393570899963379,12.431071281433105,448910000
2011-03-28,10.490571975708008,12.515713691711426,12.65428638458252,12.515713691711426,12.612500190734863,309355200
2011-03-29,10.506143569946289,12.534285545349121,12.534285545349121,12.359286308288574,12.416428565979004,352900800
2011-03-30,10.436386108398438,12.451070785522461,12.531429290771484,12.408571243286133,12.522856712341309,329406000
2011-03-31,10.432793617248535,12.446785926818848,12.492856979370117,12.359286308288574,12.369999885559082,274019200
2011-04-01,10.314549446105957,12.305713653564453,12.556785583496094,12.260713577270508,12.539643287658691,418661600
2011-04-04,10.213668823242188,12.185357093811035,12.307143211364746,12.085714340209961,12.296786308288574,460084800
2011-04-05,10.144815444946289,12.103214263916016,12.223214149475098,12.0,12.035357475280762,482731200
2011-04-06,10.119376182556152,12.072856903076172,12.282142639160156,12.040714263916016,12.186429023742676,402539200
2011-04-07,10.120569229125977,12.074286460876465,12.15821361541748,12.001070976257324,12.074999809265137,373447200
2011-04-08,10.030160903930664,11.966428756713867,12.148214340209961,11.926786422729492,12.140000343322754,377535200
2011-04-11,9.902640342712402,11.814286231994629,11.988213539123535,11.786429405212402,11.930713653564453,398946800
2011-04-12,9.950532913208008,11.871429443359375,11.918929100036621,11.79285717010498,11.803214073181152,425639200
2011-04-13,10.0621976852417,12.004643440246582,12.005000114440918,11.875714302062988,11.96500015258789,346220000
2011-04-14,9.951139450073242,11.872142791748047,12.0,11.859286308288574,11.95714282989502,301800800
2011-04-15,9.802656173706055,11.694999694824219,11.915714263916016,11.671428680419922,11.903571128845215,453605600
2011-04-18,9.93406867980957,11.851785659790039,11.865357398986816,11.434286117553711,11.646429061889648,609898800
2011-04-19,10.113982200622559,12.066429138183594,12.070713996887207,11.846785545349121,11.896429061889648,419378400
2011-04-20,10.250190734863281,12.228928565979004,12.348214149475098,12.196429252624512,12.268214225769043,700666400
2011-04-21,10.498353004455566,12.524999618530273,12.68321418762207,12.447142601013184,12.678570747375488,753810400
2011-04-25,10.567503929138184,12.607500076293945,12.633929252624512,12.510713577270508,12.5121431350708,266546000
2011-04-26,10.489973068237305,12.515000343322754,12.678214073181152,12.476785659790039,12.62928581237793,338800000
2011-04-27,10.481889724731445,12.505356788635254,12.583929061889648,12.396429061889648,12.579999923706055,356213200
2011-04-28,10.380108833312988,12.383929252624512,12.491070747375488,12.34000015258789,12.36392879486084,360959200
2011-04-29,10.481291770935059,12.504643440246582,12.641071319580078,12.381071090698242,12.385000228881836,1006345200
2011-05-02,10.366035461425781,12.367142677307129,12.516785621643066,12.339285850524902,12.490714073181152,442713600
2011-05-03,10.423513412475586,12.435713768005371,12.496070861816406,12.343570709228516,12.428214073181152,313348000
2011-05-04,10.464529037475586,12.48464298248291,12.565357208251953,12.388570785522461,12.437856674194336,389250400
2011-05-05,10.380108833312988,12.383929252624512,12.533928871154785,12.358928680419922,12.442856788635254,335969200
2011-05-06,10.377415657043457,12.380714416503906,12.5,12.364643096923828,12.48892879486084,280134400
2011-05-09,10.40555191040039,12.414285659790039,12.471428871154785,12.376070976257324,12.42357063293457,204747200
2011-05-10,10.460932731628418,12.48035717010498,12.48892879486084,12.380714416503906,12.460356712341309,282091600
2011-05-11,10.394479751586914,12.401070594787598,12.5,12.329999923706055,12.46500015258789,336000000
2011-05-12,10.37471866607666,12.3774995803833,12.397143363952637,12.223929405212402,12.361429214477539,322000000
2011-05-13,10.193014144897461,12.160714149475098,12.366070747375488,12.155357360839844,12.345000267028809,326116000
2011-05-16,9.97747802734375,11.903571128845215,12.186429023742676,11.878570556640625,12.114286422729492,449775200
2011-05-17,10.062492370605469,12.005000114440918,12.005000114440918,11.811785697937012,11.85714340209961,452334400
2011-05-18,10.174152374267578,12.138214111328125,12.180356979370117,12.0,12.016785621643066,334776400
2011-05-19,10.193914413452148,12.161786079406738,12.228928565979004,12.095356941223145,12.217143058776855,261170000
2011-05-20,10.034952163696289,11.972143173217773,12.176786422729492,11.96500015258789,12.127142906188965,337968400
2011-05-23,10.010404586791992,11.942856788635254,11.999285697937012,11.765000343322754,11.784643173217773,383600000
2011-05-24,9.944246292114258,11.86392879486084,11.996429443359375,11.833571434020996,11.98214340209961,321927200
2011-05-25,10.08165168762207,12.027856826782227,12.091428756713867,11.887499809265137,11.90821361541748,294224000
2011-05-26,10.02836799621582,11.964285850524902,12.03178596496582,11.943928718566895,11.998929023742676,222560800
2011-05-27,10.10051155090332,12.0503568649292,12.05821418762207,11.939642906188965,11.95714282989502,203599200
2011-05-31,10.41243839263916,12.422499656677246,12.422499656677246,12.178570747375488,12.182143211364746,417754400
2011-06-01,10.342988967895508,12.339642524719238,12.576070785522461,12.308929443359375,12.459643363952637,554682800
2011-06-02,10.360650062561035,12.360713958740234,12.427857398986816,12.296428680419922,12.375,338783200
2011-06-03,10.281022071838379,12.265713691711426,12.333213806152344,12.214642524719238,12.256428718566895,313250000
2011-06-06,10.119376182556152,12.072856903076172,12.39464282989502,12.064642906188965,12.346428871154785,461941200
2011-06-07,9.939760208129883,11.85857105255127,12.079285621643066,11.853570938110352,12.077500343322754,529785200
2011-06-08,9.9457426071167,11.865714073181152,11.95714282989502,11.808929443359375,11.849286079406738,333723600
2011-06-09,9.923294067382812,11.838929176330566,11.916786193847656,11.8125,11.901785850524902,275088800
2011-06-10,9.755956649780273,11.639286041259766,11.845000267028809,11.625356674194336,11.805356979370117,433955200
2011-06-13,9.776911735534668,11.664285659790039,11.725357055664062,11.60964298248291,11.685713768005371,329473200
2011-06-14,9.951733589172363,11.872857093811035,11.901785850524902,11.76107120513916,11.785714149475098,334569200
2011-06-15,9.781399726867676,11.66964340209961,11.796428680419922,11.602856636047363,11.776785850524902,399196000
2011-06-16,9.733804702758789,11.6128568649292,11.738571166992188,11.368928909301758,11.675000190734863,510591200
2011-06-17,9.587122917175293,11.437856674194336,11.758929252624512,11.40571403503418,11.749643325805664,615020000
2011-06-20,9.43923568725586,11.261428833007812,11.346428871154785,11.089285850524902,11.334285736083984,640645600
2011-06-21,9.737995147705078,11.617856979370117,11.635713577270508,11.257143020629883,11.3100004196167,493382400
2011-06-22,9.657466888427734,11.521785736083984,11.746429443359375,11.513570785522461,11.6128568649292,390583200
2011-06-23,9.915512084960938,11.829643249511719,11.846071243286133,11.361429214477539,11.390713691711426,559759200
2011-06-24,9.769427299499512,11.655357360839844,11.898214340209961,11.610357284545898,11.834643363952637,439807200
2011-06-27,9.939760208129883,11.85857105255127,11.925000190734863,11.6875,11.6996431350708,339813600
2011-06-28,10.036148071289062,11.973570823669434,12.024999618530273,11.908571243286133,11.916070938110352,294299600
2011-06-29,9.999628067016602,11.930000305175781,12.013214111328125,11.852856636047363,12.001428604125977,352545200
2011-06-30,10.048421859741211,11.988213539123535,12.004643440246582,11.8871431350708,11.953571319580078,322954800
2011-07-01,10.275633811950684,12.259285926818848,12.26785659790039,11.935713768005371,11.998213768005371,435313200
2011-07-05,10.460336685180664,12.479642868041992,12.493928909301758,12.23214340209961,12.25,355054000
2011-07-06,10.530086517333984,12.562856674194336,12.646429061889648,12.382499694824219,12.462499618530273,444626000
2011-07-07,10.692935943603516,12.757143020629883,12.785714149475098,12.64285659790039,12.666786193847656,399663600
2011-07-08,10.76806926727295,12.846785545349121,12.85714340209961,12.578571319580078,12.619285583496094,489633200
2011-07-11,10.597139358520508,12.64285659790039,12.848929405212402,12.600713729858398,12.726428985595703,442674400
2011-07-12,10.589659690856934,12.633929252624512,12.774286270141602,12.450714111328125,12.626070976257324,451609200
2011-07-13,10.717480659484863,12.786429405212402,12.85714340209961,12.727856636047363,12.797499656677246,391638800
2011-07-14,10.709999084472656,12.77750015258789,12.914643287658691,12.726428985595703,12.893214225769043,430533600
2011-07-15,10.92403507232666,13.032856941223145,13.035714149475098,12.827500343322754,12.89892864227295,484467200
2011-07-18,11.189863204956055,13.350000381469727,13.380356788635254,13.045714378356934,13.051071166992188,572653200
2011-07-19,11.281168937683105,13.458929061889648,13.523214340209961,13.332857131958008,13.5,819145600
2011-07-20,11.582013130187988,13.817856788635254,14.15250015258789,13.785714149475098,14.147143363952637,941340400
2011-07-21,11.593692779541016,13.831786155700684,13.930713653564453,13.710714340209961,13.819643020629883,526534400
2011-07-22,11.773599624633789,14.046428680419922,14.108928680419922,13.848214149475098,13.868571281433105,516728800
2011-07-25,11.929266929626465,14.23214340209961,14.285714149475098,13.914999961853027,13.941070556640625,589806000
2011-07-26,12.076249122619629,14.407500267028809,14.446429252624512,14.274286270141602,14.285714149475098,476582400
2011-07-27,11.752348899841309,14.021071434020996,14.380000114440918,14.005356788635254,14.306785583496094,659324400
2011-07-28,11.72929859161377,13.993571281433105,14.178214073181152,13.861785888671875,13.986429214477539,594034000
2011-07-29,11.689183235168457,13.945713996887207,14.112500190734863,13.714285850524902,13.84428596496582,632584400
2011-08-01,11.87688159942627,14.16964340209961,14.26785659790039,14.013214111328125,14.206428527832031,612836000
2011-08-02,11.642189025878906,13.889642715454102,14.210714340209961,13.869643211364746,14.201786041259766,639539600
2011-08-03,11.751750946044922,14.020357131958008,14.055356979370117,13.651429176330566,13.963570594787598,732508000
2011-08-04,11.296733856201172,13.477499961853027,13.975713729858398,13.476785659790039,13.907500267028809,871407600
2011-08-05,11.18447494506836,13.343570709228516,13.696429252624512,12.948928833007812,13.587142944335938,1204590800
2011-08-08,10.573492050170898,12.614643096923828,13.134642601013184,12.607856750488281,12.917499542236328,1143833600
2011-08-09,11.196147918701172,13.357500076293945,13.378929138183594,12.678570747375488,12.903571128845215,1082583600
2011-08-10,10.887212753295898,12.98892879486084,13.380356788635254,12.946429252624512,13.255356788635254,878656800
2011-08-11,11.186869621276855,13.346428871154785,13.408928871154785,13.025713920593262,13.232856750488281,741969200
2011-08-12,11.285360336303711,13.463929176330566,13.558570861816406,13.365357398986816,13.5024995803833,528976000
2011-08-15,11.47754192352295,13.693214416503906,13.748929023742676,13.503213882446289,13.55821418762207,460544000
2011-08-16,11.38983154296875,13.588570594787598,13.69178581237793,13.430713653564453,13.625714302062988,498750000
2011-08-17,11.388629913330078,13.587142944335938,13.732856750488281,13.5,13.653928756713867,442061200
2011-08-18,10.95785903930664,13.073213577270508,13.308929443359375,12.906070709228516,13.244285583496094,851435200
2011-08-19,10.65791130065918,12.715356826782227,13.10714340209961,12.714285850524902,12.934642791748047,775888400
2011-08-22,10.670181274414062,12.729999542236328,13.031429290771484,12.681785583496094,13.018214225769043,535315200
2011-08-23,11.18387222290039,13.342857360839844,13.34428596496582,12.75,12.867856979370117,656835200
2011-08-24,11.261104583740234,13.4350004196167,13.534285545349121,13.235713958740234,13.338213920593262,626267600
2011-08-25,11.187471389770508,13.347143173217773,13.408928871154785,13.035714149475098,13.03857135772705,871346000
2011-08-26,11.482629776000977,13.699286460876465,13.70714282989502,13.242856979370117,13.256071090698242,641477200
2011-08-29,11.673918724060059,13.927499771118164,13.98214340209961,13.85714340209961,13.863571166992188,405269200
2011-08-30,11.674517631530762,13.928214073181152,13.994285583496094,13.793213844299316,13.866070747375488,417922400
2011-08-31,11.520048141479492,13.743928909301758,14.002857208251953,13.637857437133789,13.948928833007812,522586400
2011-09-01,11.406295776367188,13.608214378356934,13.833571434020996,13.597143173217773,13.77928638458252,343725200
2011-09-02,11.197347640991211,13.358928680419922,13.5,13.279643058776855,13.383570671081543,438939200
2011-09-06,11.367676734924316,13.562143325805664,13.583213806152344,13.088570594787598,13.120356559753418,509698000
2011-09-07,11.493106842041016,13.711786270141602,13.771429061889648,13.64285659790039,13.770000457763672,350576800
2011-09-08,11.49939250946045,13.71928596496582,13.878929138183594,13.653928756713867,13.657142639160156,416158400
2011-09-09,11.30002498626709,13.481429100036621,13.785714149475098,13.393570899963379,13.711786270141602,564813200
2011-09-12,11.373664855957031,13.569286346435547,13.602856636047363,13.282142639160156,13.321429252624512,467832400
2011-09-13,11.513760566711426,13.736429214477539,13.793213844299316,13.58035659790039,13.647856712341309,440560400
2011-09-14,11.653860092163086,13.903571128845215,14.007499694824219,13.777142524719238,13.822142601013184,534724400
2011-09-15,11.76342487335205,14.034285545349121,14.059286117553711,13.925000190734863,13.979642868041992,417818800
2011-09-16,11.98913860321045,14.303570747375488,14.303570747375488,14.108214378356934,14.126428604125977,698513200
2011-09-19,12.322319030761719,14.701070785522461,14.758213996887207,14.114286422729492,14.178570747375488,823860800
2011-09-20,12.37680435180664,14.766071319580078,15.102143287658691,14.685357093811035,14.83035659790039,775754000
2011-09-21,12.33758544921875,14.71928596496582,15.056785583496094,14.714285850524902,14.987142562866211,605976000
2011-09-22,12.028648376464844,14.350713729858398,14.636428833007812,14.16785717010498,14.322500228881836,968480800
2011-09-23,12.102892875671387,14.439286231994629,14.526429176330566,14.280357360839844,14.295714378356934,546277200
2011-09-26,12.069063186645508,14.39892864227295,14.427857398986816,13.975000381469727,14.28071403503418,812876400
2011-09-27,11.952021598815918,14.259285926818848,14.616070747375488,14.216428756713867,14.59749984741211,632497600
2011-09-28,11.884664535522461,14.178929328918457,14.419285774230957,14.161070823669434,14.292499542236328,429637600
2011-09-29,11.691878318786621,13.948928833007812,14.364643096923828,13.793213844299316,14.354286193847656,651086800
2011-09-30,11.414977073669434,13.618571281433105,13.88892936706543,13.613571166992188,13.825714111328125,547640800
2011-10-03,11.213811874389648,13.378570556640625,13.665714263916016,13.327500343322754,13.584643363952637,669099200
2011-10-04,11.150944709777832,13.303570747375488,13.635713577270508,12.651429176330566,13.3774995803833,1233677200
2011-10-05,11.323078155517578,13.508929252624512,13.5649995803833,12.867856979370117,13.137857437133789,786469600
2011-10-06,11.296733856201172,13.477499961853027,13.742142677307129,13.278571128845215,13.333213806152344,812582400
2011-10-07,11.070117950439453,13.20714282989502,13.490714073181152,13.160357475280762,13.420714378356934,535458000
2011-10-10,11.639191627502441,13.88607120513916,13.88607120513916,13.507499694824219,13.538928985595703,442514800
2011-10-11,11.9828519821167,14.29607105255127,14.399286270141602,13.98214340209961,14.020357131958008,605687600
2011-10-12,12.039730072021484,14.36392879486084,14.616070747375488,14.290714263916016,14.547857284545898,622286000
2011-10-13,12.226522445678711,14.586786270141602,14.586786270141602,14.387499809265137,14.463570594787598,426185200
2011-10-14,12.632746696472168,15.071429252624512,15.071429252624512,14.831070899963379,14.886786460876465,573367200
2011-10-17,12.57258129119873,14.999643325805664,15.239286422729492,14.854999542236328,15.062143325805664,686044800
2011-10-18,12.639939308166504,15.079999923706055,15.171786308288574,14.856785774230957,15.062856674194336,881602400
2011-10-19,11.932860374450684,14.236429214477539,14.58642864227295,14.20714282989502,14.333929061889648,1104059600
2011-10-20,11.833771705627441,14.118213653564453,14.298213958740234,14.07892894744873,14.285714149475098,549270400
2011-10-21,11.76073169708252,14.031070709228516,14.255000114440918,13.95535659790039,14.217857360839844,621244400
2011-10-24,12.146895408630371,14.491786003112793,14.51785659790039,14.121429443359375,14.149286270141602,502138000
2011-10-25,11.907416343688965,14.206070899963379,14.51964282989502,14.192143440246582,14.465356826782227,430427200
2011-10-26,11.992136001586914,14.307143211364746,14.376786231994629,14.041070938110352,14.348570823669434,456304800
2011-10-27,12.1145658493042,14.453213691711426,14.60714340209961,14.353214263916016,14.555713653564453,494664800
2011-10-28,12.12235164642334,14.462499618530273,14.512499809265137,14.375356674194336,14.39285659790039,322842800
2011-10-31,12.11726188659668,14.456428527832031,14.618928909301758,14.323213577270508,14.372142791748047,385501200
2011-11-01,11.869695663452148,14.161070823669434,14.26785659790039,14.043571472167969,14.193214416503906,531790000
2011-11-02,11.896635055541992,14.193214416503906,14.30142879486084,14.11107063293457,14.288928985595703,327350800
2011-11-03,12.066070556640625,14.395357131958008,14.407142639160156,14.119999885559082,14.2524995803833,441386400
2011-11-04,11.981355667114258,14.294285774230957,14.408571243286133,14.255714416503906,14.358214378356934,302229200
2011-11-07,11.966085433959961,14.276070594787598,14.285714149475098,14.147500038146973,14.282500267028809,270275600
2011-11-08,12.16066837310791,14.508213996887207,14.571429252624512,14.341428756713867,14.364643096923828,400442000
2011-11-09,11.832874298095703,14.117142677307129,14.317500114440918,14.079643249511719,14.177499771118164,558684000
2011-11-10,11.531723976135254,13.757857322692871,14.186071395874023,13.648214340209961,14.179642677307129,744752400
2011-11-11,11.513760566711426,13.736429214477539,13.882143020629883,13.580714225769043,13.807499885559082,653786000
2011-11-14,11.353312492370605,13.545000076293945,13.758929252624512,13.507143020629883,13.697142601013184,432905200
2011-11-15,11.63979434967041,13.886786460876465,13.910714149475098,13.551786422729492,13.600000381469727,430810800
2011-11-16,11.518253326416016,13.741786003112793,13.96928596496582,13.725713729858398,13.901785850524902,349210400
2011-11-17,11.297928810119629,13.478928565979004,13.734999656677246,13.410714149475098,13.713570594787598,479900400
2011-11-18,11.223986625671387,13.390713691711426,13.571070671081543,13.388570785522461,13.532856941223145,371938000
2011-11-21,11.046473503112793,13.178929328918457,13.274286270141602,13.068214416503906,13.228570938110352,447980400
2011-11-22,11.270987510681152,13.446785926818848,13.4975004196167,13.247857093811035,13.250714302062988,409021200
2011-11-23,10.986001968383789,13.106785774230957,13.422857284545898,13.102856636047363,13.375356674194336,428271200
2011-11-25,10.883625984191895,12.98464298248291,13.255356788635254,12.975713729858398,13.157856941223145,254760800
2011-11-28,11.259308815002441,13.432856559753418,13.454285621643066,13.22607135772705,13.298213958740234,346413200
2011-11-29,11.171903610229492,13.328571319580078,13.529643058776855,13.221428871154785,13.422857284545898,375855200
2011-11-30,11.441322326660156,13.649999618530273,13.652856826782227,13.510713577270508,13.617500305175781,405938400
2011-12-01,11.612847328186035,13.854642868041992,13.89285659790039,13.598214149475098,13.662142753601074,387181200
2011-12-02,11.665839195251465,13.91785717010498,14.05821418762207,13.877857208251953,13.922499656677246,379055600
2011-12-05,11.764921188354492,14.036070823669434,14.157500267028809,13.942500114440918,14.053214073181152,357210000
2011-12-06,11.70324993133545,13.962499618530273,14.093929290771484,13.906429290771484,14.018214225769043,283598000
2011-12-07,11.647573471069336,13.896071434020996,13.962142944335938,13.812856674194336,13.926071166992188,304746400
2011-12-08,11.694571495056152,13.952142715454102,14.125,13.936785697937012,13.98035717010498,376356400
2011-12-09,11.783184051513672,14.057856559753418,14.072856903076172,13.965356826782227,14.030357360839844,296993200
2011-12-12,11.729896545410156,13.994285583496094,14.067856788635254,13.908928871154785,13.988571166992188,301067200
2011-12-13,11.639191627502441,13.88607120513916,14.121429443359375,13.824999809265137,14.035714149475098,338928800
2011-12-14,11.381144523620605,13.578213691711426,13.835000038146973,13.488571166992188,13.810713768005371,406887600
2011-12-15,11.343733787536621,13.533571243286133,13.704999923706055,13.51107120513916,13.690357208251953,256200000
2011-12-16,11.405996322631836,13.607856750488281,13.719642639160156,13.556071281433105,13.584285736083984,421478400
2011-12-19,11.441618919372559,13.650357246398926,13.744643211364746,13.588570594787598,13.659643173217773,235530400
2011-12-20,11.852930068969727,14.141071319580078,14.146429061889648,13.830714225769043,13.848570823669434,337215200
2011-12-21,11.86789608001709,14.158928871154785,14.189286231994629,14.000356674194336,14.167499542236328,262948000
2011-12-22,11.930763244628906,14.233928680419922,14.254643440246582,14.146429061889648,14.178570747375488,202358800
2011-12-23,12.073860168457031,14.404643058776855,14.413928985595703,14.267499923706055,14.274642944335938,269399200
2011-12-27,12.169647216796875,14.518928527832031,14.610357284545898,14.393570899963379,14.396429061889648,265076000
2011-12-28,12.053200721740723,14.380000114440918,14.58035659790039,14.333571434020996,14.53178596496582,228662000
2011-12-29,12.127437591552734,14.468570709228516,14.487500190734863,14.303929328918457,14.407142639160156,215978000
2011-12-30,12.123849868774414,14.464285850524902,14.510000228881836,14.410357475280762,14.411070823669434,179662000
2012-01-03,12.310342788696289,14.686785697937012,14.73214340209961,14.60714340209961,14.621429443359375,302220800
2012-01-04,12.376503944396973,14.765713691711426,14.8100004196167,14.617142677307129,14.64285659790039,260022000
2012-01-05,12.513908386230469,14.929642677307129,14.948213577270508,14.738213539123535,14.819643020629883,271269600
2012-01-06,12.644722938537598,15.085714340209961,15.098214149475098,14.972143173217773,14.991786003112793,318292800
2012-01-09,12.62466812133789,15.061785697937012,15.276785850524902,15.048213958740234,15.196429252624512,394024400
2012-01-10,12.669864654541016,15.115714073181152,15.214285850524902,15.053570747375488,15.211071014404297,258196400
2012-01-11,12.649212837219238,15.091071128845215,15.101785659790039,14.975357055664062,15.09571361541748,215084800
2012-01-12,12.614489555358887,15.049642562866211,15.103570938110352,14.95535659790039,15.081428527832031,212587200
2012-01-13,12.567192077636719,14.993213653564453,15.016071319580078,14.952142715454102,14.989286422729492,226021600
2012-01-17,12.713577270507812,15.16785717010498,15.213929176330566,15.105713844299316,15.149999618530273,242897200
2012-01-18,12.845590591430664,15.325357437133789,15.338213920593262,15.225000381469727,15.248571395874023,276791200
2012-01-19,12.804878234863281,15.276785850524902,15.406070709228516,15.232500076293945,15.362500190734863,261738400
2012-01-20,12.581854820251465,15.010713577270508,15.26785659790039,14.991070747375488,15.267499923706055,413974400
2012-01-23,12.794699668884277,15.264642715454102,15.301786422729492,15.08214282989502,15.095356941223145,306062400
2012-01-24,12.585152626037598,15.014642715454102,15.182143211364746,14.983928680419922,15.182143211364746,547638000
2012-01-25,13.370956420898438,15.952142715454102,16.230356216430664,15.84749984741211,16.229999542236328,958314000
2012-01-26,13.310187339782715,15.879643440246582,16.028213500976562,15.82642936706543,16.01285743713379,323985200
2012-01-27,13.389518737792969,15.974286079406738,16.01714324951172,15.848929405212402,15.869285583496094,299709200
2012-01-30,13.561046600341797,16.17892837524414,16.21071434020996,15.90678596496582,15.918213844299316,379341200
2012-01-31,13.664924621582031,16.3028564453125,16.365713119506836,16.18107032775879,16.27107048034668,391683600
2012-02-01,13.656243324279785,16.292499542236328,16.392499923706055,16.269643783569336,16.37178611755371,270046000
2012-02-02,13.624210357666016,16.25428581237793,16.327499389648438,16.213571548461914,16.282142639160156,186796400
2012-02-03,13.760719299316406,16.417142868041992,16.428571701049805,16.270000457763672,16.332143783569336,286599600
2012-02-06,13.889134407043457,16.570356369018555,16.606428146362305,16.364286422729492,16.37071418762207,249412800
2012-02-07,14.034624099731445,16.743928909301758,16.77678680419922,16.59214210510254,16.616071701049805,316223600
2012-02-08,14.269615173339844,17.0242862701416,17.028213500976562,16.774999618530273,16.803571701049805,407890000
2012-02-09,14.763251304626465,17.61321449279785,17.741071701049805,17.162857055664062,17.170000076293945,884214800
2012-02-10,14.770733833312988,17.622142791748047,17.77214241027832,17.448213577270508,17.534286499023438,631302000
2012-02-13,15.04554557800293,17.950000762939453,17.993928909301758,17.75321388244629,17.840356826782227,517216000
2012-02-14,15.250901222229004,18.19499969482422,18.198570251464844,17.928571701049805,18.023571014404297,460398400
2012-02-15,14.897965431213379,17.773929595947266,18.796070098876953,17.746070861816406,18.36642837524414,1506120000
2012-02-16,15.0338716506958,17.936071395874023,18.03178596496582,17.379642486572266,17.553571701049805,944552000
2012-02-17,15.031176567077637,17.932857513427734,18.1346435546875,17.867856979370117,17.96821403503418,535805200
2012-02-21,15.412257194519043,18.387500762939453,18.387500762939453,18.00428581237793,18.10285758972168,605595200
2012-02-22,15.358068466186523,18.322856903076172,18.410356521606445,18.18107032775879,18.32428550720215,483302400
2012-02-23,15.458353042602539,18.4424991607666,18.493928909301758,18.196428298950195,18.395713806152344,568027600
2012-02-24,15.63856315612793,18.657499313354492,18.674999237060547,18.522857666015625,18.559642791748047,415072000
2012-02-27,15.73885726928711,18.777143478393555,18.875,18.43857192993164,18.618213653564453,547582000
2012-02-28,16.02772331237793,19.12178611755371,19.12178611755371,18.780357360839844,18.855714797973633,600387200
2012-02-29,16.238170623779297,19.37285614013672,19.5575008392334,19.132143020629883,19.341428756713867,952011200
2012-03-01,16.298946380615234,19.445356369018555,19.578929901123047,19.241785049438477,19.577499389648438,683270000
2012-03-02,16.3201961517334,19.470714569091797,19.5285701751709,19.375713348388672,19.437143325805664,431712400
2012-03-05,15.96037483215332,19.04142951965332,19.5528564453125,18.78571319580078,19.479286193847656,809124400
2012-03-06,15.873553276062012,18.937856674194336,19.06035614013672,18.43642807006836,18.7021427154541,810238800
2012-03-07,15.88644027709961,18.953214645385742,19.20642852783203,18.689285278320312,19.171428680419922,798520800
2012-03-08,16.224708557128906,19.356786727905273,19.392499923706055,19.00428581237793,19.096071243286133,516457200
2012-03-09,16.31990623474121,19.47035789489746,19.562143325805664,19.396785736083984,19.436071395874023,418919200
2012-03-12,16.52435874938965,19.71428680419922,19.71428680419922,19.53571319580078,19.606428146362305,407282400
2012-03-13,17.00632095336914,20.28928565979004,20.292142868041992,19.84821319580078,19.91214370727539,690855200
2012-03-14,17.649330139160156,21.056428909301758,21.239999771118164,20.549999237060547,20.644643783569336,1418844000
2012-03-15,17.528982162475586,20.912857055664062,21.42892837524414,20.662500381469727,21.414642333984375,1159718000
2012-03-16,17.529296875,20.9132137298584,21.042856216430664,20.64285659790039,20.882856369018555,825487600
2012-03-19,17.99418067932129,21.467857360839844,21.491785049438477,21.037500381469727,21.370357513427734,901236000
2012-03-20,18.139673233032227,21.641429901123047,21.674999237060547,21.124286651611328,21.41107177734375,816662000
2012-03-21,18.036090850830078,21.51785659790039,21.77321434020996,21.47892951965332,21.52642822265625,644042000
2012-03-22,17.941499710083008,21.405000686645508,21.58928680419922,21.26892852783203,21.349285125732422,623870800
2012-03-23,17.8430118560791,21.287500381469727,21.492856979370117,21.22857093811035,21.44607162475586,430488800
2012-03-26,18.170209884643555,21.6778564453125,21.683929443359375,21.259286880493164,21.421070098876953,595742000
2012-03-27,18.39472770690918,21.945714950561523,22.010000228881836,21.645000457763672,21.6492862701416,607129600
2012-03-28,18.488718032836914,22.057857513427734,22.194643020629883,21.796785354614258,22.084999084472656,655460400
2012-03-29,18.256418228149414,21.78071403503418,22.020000457763672,21.686786651611328,21.885000228881836,608238400
2012-03-30,17.94778823852539,21.412500381469727,21.805713653564453,21.354999542236328,21.741785049438477,731038000
2012-04-02,18.518962860107422,22.093929290771484,22.098928451538086,21.442142486572266,21.493928909301758,598351600
2012-04-03,18.83896255493164,22.4757137298584,22.578929901123047,22.232500076293945,22.4035701751709,834559600
2012-04-04,18.688987731933594,22.296785354614258,22.352142333984375,22.03571319580078,22.298213958740234,572980800
2012-04-05,18.969472885131836,22.63142967224121,22.66642951965332,22.264286041259766,22.39214324951172,641298000
2012-04-09,19.04581642150879,22.72249984741211,22.851428985595703,22.332143783569336,22.361785888671875,597536800
2012-04-10,18.812612533569336,22.444286346435547,23.0,22.35714340209961,22.854642868041992,889725200
2012-04-11,18.745567321777344,22.364286422729492,22.745357513427734,22.262142181396484,22.7214298248291,696614800
2012-04-12,18.64289093017578,22.241785049438477,22.547500610351562,22.16071319580078,22.321428298950195,614336800
2012-04-13,18.117816925048828,21.6153564453125,22.310714721679688,21.55392837524414,22.289642333984375,859644800
2012-04-16,17.366436004638672,20.718929290771484,21.795713424682617,20.65178680419922,21.787857055664062,1050786800
2012-04-17,18.251630783081055,21.774999618530273,21.78571319580078,20.425357818603516,20.676429748535156,1025528000
2012-04-18,18.210920333862305,21.726428985595703,22.15178680419922,21.52535629272461,21.91857147216797,954531200
2012-04-19,17.585264205932617,20.979999542236328,21.59749984741211,20.875713348388672,21.43642807006836,834719200
2012-04-20,17.152400970458984,20.463571548461914,21.23642921447754,20.372142791748047,21.12071418762207,1030985200
2012-04-23,17.114084243774414,20.417856216430664,20.59535789489746,19.87928581237793,20.378929138183594,966529200
2012-04-24,16.772218704223633,20.010000228881836,20.274642944335938,19.821428298950195,20.09321403503418,1076149200
2012-04-25,18.260610580444336,21.78571319580078,22.071428298950195,21.64285659790039,21.98714256286621,905777600
2012-04-26,18.191761016845703,21.703571319580078,21.953214645385742,21.504642486572266,21.938213348388672,536068400
2012-04-27,18.051055908203125,21.53571319580078,21.6492862701416,21.446428298950195,21.609643936157227,406722400
2012-04-30,17.481687545776367,20.856428146362305,21.371429443359375,20.821428298950195,21.350000381469727,506144800
2012-05-01,17.42630958557129,20.79035758972168,21.312856674194336,20.758214950561523,20.889286041259766,610999200
2012-05-02,17.541566848754883,20.9278564453125,20.97857093811035,20.67357063293457,20.722856521606445,427389200
2012-05-03,17.417022705078125,20.779285430908203,21.121429443359375,20.725000381469727,21.08928680419922,390549600
2012-05-04,16.920997619628906,20.1875,20.65571403503418,20.184642791748047,20.610000610351562,529992400
2012-05-07,17.047624588012695,20.338571548461914,20.456071853637695,20.043928146362305,20.053571701049805,460118400
2012-05-08,17.008710861206055,20.292142868041992,20.41071319580078,19.95464324951172,20.34214210510254,497252000
2012-05-09,17.038644790649414,20.327856063842773,20.499286651611328,20.030357360839844,20.132143020629883,480704000
2012-05-10,17.078758239746094,20.375713348388672,20.567142486572266,20.301429748535156,20.520713806152344,333200000
2012-05-11,16.964704513549805,20.239643096923828,20.516786575317383,20.155357360839844,20.178571701049805,399546000
2012-05-14,16.71055793762207,19.93642807006836,20.268213272094727,19.91428565979004,20.091785430908203,352626400
2012-05-15,16.55938148498535,19.756071090698242,20.114999771118164,19.70535659790039,20.051786422729492,476336000
2012-05-16,16.347137451171875,19.502857208251953,19.88892936706543,19.322856903076172,19.787500381469727,560896000
2012-05-17,15.86937141418457,18.932857513427734,19.553571701049805,18.932857513427734,19.475357055664062,717220000
2012-05-18,15.877153396606445,18.942142486572266,19.407499313354492,18.6492862701416,19.06999969482422,732292400
2012-05-21,16.802154541015625,20.045713424682617,20.05500030517578,19.073213577270508,19.08928680419922,631106000
2012-05-22,16.67313575744629,19.891786575317383,20.49571418762207,19.735000610351562,20.3410701751709,694870400
2012-05-23,17.079959869384766,20.37714385986328,20.457143783569336,19.758214950561523,19.91071319580078,584897600
2012-05-24,16.92310333251953,20.190000534057617,20.58928680419922,20.043928146362305,20.56678581237793,496230000
2012-05-25,16.832395553588867,20.081785202026367,20.20892906188965,19.945356369018555,20.163928985595703,328507200
2012-05-29,17.131147384643555,20.438213348388672,20.5,20.18964385986328,20.389286041259766,380508800
2012-05-30,17.337705612182617,20.684642791748047,20.71392822265625,20.234285354614258,20.328571319580078,529429600
2012-05-31,17.294601440429688,20.633214950561523,20.76785659790039,20.409286499023438,20.740713119506836,491674400
2012-06-01,16.793472290039062,20.035356521606445,20.451786041259766,20.018571853637695,20.3271427154541,520987600
2012-06-04,16.892257690429688,20.153213500976562,20.26785659790039,19.58928680419922,20.053571701049805,556995600
2012-06-05,16.848556518554688,20.101070404052734,20.23107147216797,19.940357208251953,20.04535675048828,388214400
2012-06-06,17.10689926147461,20.409286499023438,20.49464225769043,20.196428298950195,20.27750015258789,401455600
2012-06-07,17.11467742919922,20.41857147216797,20.61857032775879,20.375,20.61750030517578,379766800
2012-06-08,17.372127532958984,20.7257137298584,20.735000610351562,20.321428298950195,20.41428565979004,347516400
2012-06-11,17.09821319580078,20.398929595947266,21.01785659790039,20.379642486572266,20.989999771118164,591264800
2012-06-12,17.24758529663086,20.5771427154541,20.593570709228516,20.239286422729492,20.516429901123047,435380400
2012-06-13,17.127851486206055,20.43428611755371,20.65999984741211,20.37071418762207,20.518571853637695,293580000
2012-06-14,17.108991622924805,20.411785125732422,20.48214340209961,20.259286880493164,20.40142822265625,345573200
2012-06-15,17.186826705932617,20.504642486572266,20.52214241027832,20.3410701751709,20.39285659790039,335255200
2012-06-18,17.535572052001953,20.920713424682617,20.996070861816406,20.370357513427734,20.391429901123047,440412000
2012-06-19,17.584367752075195,20.97892951965332,21.071428298950195,20.825000762939453,20.83571434020996,361404400
2012-06-20,17.534374237060547,20.919286727905273,21.04464340209961,20.742856979370117,21.00749969482422,358943200
2012-06-21,17.29279899597168,20.631071090698242,21.007856369018555,20.62285614013672,20.908571243286133,326351200
2012-06-22,17.425411224365234,20.78928565979004,20.792499542236328,20.55071449279785,20.68000030517578,284471600
2012-06-25,17.08624267578125,20.3846435546875,20.707143783569336,20.370357513427734,20.617856979370117,304382400
2012-06-26,17.12396812438965,20.429643630981445,20.517499923706055,20.26178550720215,20.40464210510254,276536400
2012-06-27,17.197898864746094,20.51785659790039,20.597856521606445,20.42571449279785,20.53571319580078,202997200
2012-06-28,17.03474998474121,20.323213577270508,20.5,20.20035743713379,20.416786193847656,282836400
2012-06-29,17.48228645324707,20.85714340209961,20.85714340209961,20.508928298950195,20.64285659790039,421500800
2012-07-02,17.73733139038086,21.161428451538086,21.195356369018555,20.842857360839844,20.883214950561523,400092000
2012-07-03,17.943593978881836,21.407499313354492,21.428571701049805,21.21428680419922,21.24571418762207,241712800
2012-07-05,18.258811950683594,21.783571243286133,21.94071388244629,21.41607093811035,21.448570251464844,484383200
2012-07-06,18.13727569580078,21.63857078552246,21.729999542236328,21.485000610351562,21.681785583496094,418930400
2012-07-09,18.377056121826172,21.92464256286621,21.924999237060547,21.57535743713379,21.617856979370117,379405600
2012-07-10,18.207029342651367,21.721786499023438,22.138214111328125,21.618213653564453,22.070356369018555,511957600
2012-07-11,18.093870162963867,21.5867862701416,21.7021427154541,21.329286575317383,21.64714241027832,469322000
2012-07-12,17.928321838378906,21.389286041259766,21.552499771118164,21.167142868041992,21.437143325805664,428041600
2012-07-13,18.110036849975586,21.60607147216797,21.68535614013672,21.428571701049805,21.5339298248291,311427200
2012-07-16,18.168109893798828,21.675357818603516,21.843570709228516,21.60785675048828,21.61142921447754,301260400
2012-07-17,18.16901206970215,21.676429748535156,21.83928680419922,21.54107093811035,21.813928604125977,293624800
2012-07-18,18.14864730834961,21.652143478393555,21.726428985595703,21.555713653564453,21.663928985595703,252700000
2012-07-19,18.389930725097656,21.940000534057617,21.97678565979004,21.64285659790039,21.83142852783203,436861600
2012-07-20,18.08997917175293,21.582143783569336,21.944286346435547,21.560714721679688,21.89392852783203,397471200
2012-07-23,18.07590103149414,21.565357208251953,21.639286041259766,20.989643096923828,21.22857093811035,487975600
2012-07-24,17.98879623413086,21.461429595947266,21.7742862701416,21.375356674194336,21.692142486572266,565132400
2012-07-25,17.211977005004883,20.534643173217773,20.742856979370117,20.35714340209961,20.516429901123047,877312800
2012-07-26,17.20928192138672,20.531429290771484,20.72857093811035,20.3700008392334,20.705713272094727,406632800
2012-07-27,17.51700782775879,20.898571014404297,20.922500610351562,20.413928985595703,20.53607177734375,403936400
2012-07-30,17.81247329711914,21.25107192993164,21.408571243286133,20.99357032775879,21.104286193847656,379142400
2012-07-31,18.283355712890625,21.812856674194336,21.8464298248291,21.525714874267578,21.543928146362305,462327600
2012-08-01,18.165115356445312,21.671785354614258,22.014286041259766,21.53571319580078,21.99678611755371,384501600
2012-08-02,18.194456100463867,21.706785202026367,21.81035614013672,21.4375,21.530000686645508,332158400
2012-08-03,18.43124008178711,21.989286422729492,22.070714950561523,21.841428756713867,21.91535758972168,344920800
2012-08-06,18.636301040649414,22.233928680419922,22.31678581237793,21.97357177734375,22.046070098876953,302103200
2012-08-07,18.587209701538086,22.175357818603516,22.321428298950195,22.072856903076172,22.241785049438477,290446800
2012-08-08,18.555776596069336,22.13785743713379,22.281429290771484,22.03928565979004,22.121070861816406,244706000
2012-08-09,18.661598205566406,22.168928146362305,22.20464324951172,22.064285278320312,22.066070556640625,221642400
2012-08-10,18.69076156616211,22.203571319580078,22.205713272094727,22.0964298248291,22.096786499023438,194938800
2012-08-13,18.940290451049805,22.5,22.5,22.258928298950195,22.26392936706543,278832400
2012-08-14,18.991100311279297,22.56035614013672,22.8075008392334,22.50749969482422,22.56678581237793,340169200
2012-08-15,18.965240478515625,22.52964210510254,22.64285659790039,22.41964340209961,22.546428680419922,257342400
2012-08-16,19.130897521972656,22.726428985595703,22.74142837524414,22.51785659790039,22.543214797973633,254534000
2012-08-17,19.484750747680664,23.146785736083984,23.149642944335938,22.81464385986328,22.85714340209961,442761200
2012-08-20,19.997037887573242,23.75535774230957,23.75535774230957,23.21071434020996,23.214643478393555,613384800
2012-08-21,19.723758697509766,23.430713653564453,24.10285758972168,23.226070404052734,23.957857131958008,812719600
2012-08-22,20.108875274658203,23.888214111328125,23.89285659790039,23.146785736083984,23.372142791748047,565322800
2012-08-23,19.921274185180664,23.66535758972168,23.924999237060547,23.612499237060547,23.789642333984375,420128800
2012-08-24,19.93901824951172,23.68642807006836,23.90999984741211,23.412500381469727,23.55392837524414,437340400
2012-08-27,20.313615798950195,24.13142967224121,24.31678581237793,24.05500030517578,24.285356521606445,427008400
2012-08-28,20.287158966064453,24.100000381469727,24.14642906188965,23.952499389648438,24.106428146362305,267416800
2012-08-29,20.24717903137207,24.052499771118164,24.202499389648438,24.02142906188965,24.116071701049805,202806800
2012-08-30,19.958559036254883,23.70964241027832,23.983928680419922,23.673213958740234,23.95142936706543,302699600
2012-08-31,19.9997501373291,23.75857162475586,23.878570556640625,23.47321319580078,23.83035659790039,338321200
2012-09-04,20.292266845703125,24.10607147216797,24.11214256286621,23.73214340209961,23.777143478393555,367892000
2012-09-05,20.149761199951172,23.936786651611328,24.155357360839844,23.91428565979004,24.127500534057617,336375200
2012-09-06,20.331350326538086,24.15250015258789,24.22464370727539,23.957143783569336,24.041786193847656,391196400
2012-09-07,20.45671844482422,24.301429748535156,24.374286651611328,24.1346435546875,24.2160701751709,329666400
2012-09-10,19.924591064453125,23.669286727905273,24.403213500976562,23.64642906188965,24.301786422729492,487998000
2012-09-11,19.85994529724121,23.592500686645508,23.93214225769043,23.446428298950195,23.753929138183594,503983200
2012-09-12,20.136533737182617,23.921070098876953,23.924999237060547,23.428571701049805,23.816070556640625,712233200
2012-09-13,20.533077239990234,24.39214324951172,24.48214340209961,24.098928451538086,24.19178581237793,598360000
2012-09-14,20.782611846923828,24.68857192993164,24.89214324951172,24.5674991607666,24.641429901123047,600474000
2012-09-17,21.03815269470215,24.992143630981445,24.992856979370117,24.8075008392334,24.97678565979004,398031200
2012-09-18,21.102190017700195,25.068214416503906,25.083213806152344,24.872142791748047,24.99571418762207,373503200
2012-09-19,21.107912063598633,25.075000762939453,25.142499923706055,24.984643936157227,25.009286880493164,326874800
2012-09-20,21.005693435668945,24.953571319580078,25.00214385986328,24.77214241027832,24.969999313354492,336568400
2012-09-21,21.04747200012207,25.00321388244629,25.18107032775879,24.977142333984375,25.086071014404297,571589200
2012-09-24,20.76787757873535,24.671070098876953,24.825714111328125,24.39285659790039,24.53071403503418,639766400
2012-09-25,20.249279022216797,24.05500030517578,24.742143630981445,24.03571319580078,24.580713272094727,518789600
2012-09-26,19.997936248779297,23.75642967224121,24.024642944335938,23.614286422729492,23.88357162475586,576503200
2012-09-27,20.483177185058594,24.332857131958008,24.36321449279785,23.58392906188965,23.72464370727539,594090000
2012-09-28,20.055665969848633,23.825000762939453,24.32535743713379,23.8125,24.241071701049805,535110800
2012-10-01,19.823875427246094,23.54964256286621,24.16964340209961,23.446428298950195,23.969999313354492,543594800
2012-10-02,19.881591796875,23.618213653564453,23.798213958740234,23.237499237060547,23.636070251464844,627992400
2012-10-03,20.186437606811523,23.980356216430664,23.9950008392334,23.66535758972168,23.7450008392334,424281200
2012-10-04,20.04664421081543,23.814285278320312,24.08035659790039,23.769643783569336,23.97321319580078,370725600
2012-10-05,19.61943244934082,23.306785583496094,23.78571319580078,23.260000228881836,23.757143020629883,594006000
2012-10-08,19.185911178588867,22.791786193847656,23.12714385986328,22.71821403503418,23.10285758972168,637994000
2012-10-09,19.116167068481445,22.70892906188965,22.874643325805664,22.269643783569336,22.808929443359375,838597200
2012-10-10,19.268291473388672,22.8896427154541,23.03499984741211,22.75,22.847856521606445,510356000
2012-10-11,18.8831729888916,22.43214225769043,23.114286422729492,22.43214225769043,23.08928680419922,546081200
2012-10-12,18.931575775146484,22.489643096923828,22.692142486572266,22.332143783569336,22.484285354614258,460014800
2012-10-15,19.08340072631836,22.670000076293945,22.68321418762207,22.280357360839844,22.58392906188965,432502000
2012-10-16,19.535253524780273,23.206785202026367,23.225000381469727,22.53571319580078,22.69178581237793,549771600
2012-10-17,19.37952423095703,23.021785736083984,23.313928604125977,23.0,23.17392921447754,389037600
2012-10-18,19.019664764404297,22.59428596496582,22.930713653564453,22.5,22.842500686645508,476624400
2012-10-19,18.334199905395508,21.780000686645508,22.563213348388672,21.77214241027832,22.537500381469727,744086000
2012-10-22,19.061458587646484,22.64392852783203,22.692142486572266,21.812856674194336,21.872142791748047,546730800
2012-10-23,18.440031051635742,21.90571403503418,22.639286041259766,21.8464298248291,22.53571319580078,707145600
2012-10-24,18.54434585571289,22.02964210510254,22.376785278320312,21.808570861816406,22.194286346435547,558527200
2012-10-25,18.325183868408203,21.769285202026367,22.21428680419922,21.626785278320312,22.14285659790039,656325600
2012-10-26,18.158626556396484,21.571428298950195,21.928571701049805,21.10714340209961,21.765356063842773,1018432800
2012-10-31,17.897668838500977,21.261428833007812,21.498571395874023,20.989286422729492,21.24571418762207,510003200
2012-11-01,17.934354782104492,21.30500030517578,21.53571319580078,21.22035789489746,21.364999771118164,361298000
2012-11-02,17.34088897705078,20.600000381469727,21.319643020629883,20.52678680419922,21.28178596496582,599373600
2012-11-05,17.57599449157715,20.87928581237793,20.991785049438477,20.628570556640625,20.84000015258789,529135600
2012-11-06,17.52277183532715,20.816070556640625,21.097856521606445,20.717500686645508,21.07964324951172,374917200
2012-11-07,16.852310180664062,19.928571701049805,20.519285202026367,19.84821319580078,20.494285583496094,793648800
2012-11-08,16.240737915039062,19.20535659790039,20.07964324951172,19.11750030517578,20.022499084472656,1056146000
2012-11-09,16.52191162109375,19.537857055664062,19.817142486572266,19.06142807006836,19.30071449279785,929913600
2012-11-12,16.39415168762207,19.38678550720215,19.803571701049805,19.237499237060547,19.79107093811035,515802000
2012-11-13,16.396268844604492,19.389286041259766,19.65999984741211,19.15571403503418,19.24678611755371,532949200
2012-11-14,16.214452743530273,19.174285888671875,19.551786422729492,19.1492862701416,19.48214340209961,477170400
2012-11-15,15.8743896484375,18.77214241027832,19.26785659790039,18.665000915527344,19.197500228881836,789910800
2012-11-16,15.936603546142578,18.845714569091797,18.928571701049805,18.0625,18.757143020629883,1266893600
2012-11-19,17.085765838623047,20.20464324951172,20.26785659790039,19.281429290771484,19.311071395874023,823317600
2012-11-20,16.940185546875,20.032499313354492,20.426786422729492,19.806428909301758,20.425357818603516,642754000
2012-11-21,16.96405792236328,20.060714721679688,20.263214111328125,19.878570556640625,20.15178680419922,373002000
2012-11-23,17.260021209716797,20.41071319580078,20.428571701049805,20.092857360839844,20.256071090698242,272826400
2012-11-26,17.804561614990234,21.054643630981445,21.071428298950195,20.489643096923828,20.56785774230957,630579600
2012-11-27,17.661096572875977,20.885000228881836,21.086429595947266,20.717857360839844,21.055356979370117,533330000
2012-11-28,17.605531692504883,20.819286346435547,20.921428680419922,20.437856674194336,20.616785049438477,520864400
2012-11-29,17.799423217773438,21.04857063293457,21.22321319580078,20.90178680419922,21.079286575317383,514698800
2012-11-30,17.676197052001953,20.902856826782227,21.014286041259766,20.809999465942383,20.956785202026367,391319600
2012-12-03,17.70368003845215,20.93535614013672,21.2353572845459,20.91071319580078,21.201786041259766,364280000
2012-12-04,17.391386032104492,20.566070556640625,20.7785701751709,20.43321418762207,20.7785701751709,557068400
2012-12-05,16.27214241027832,19.24250030517578,20.33035659790039,19.241785049438477,20.318214416503906,1044638000
2012-12-06,16.527347564697266,19.544286727905273,19.761070251464844,18.522499084472656,18.890714645385742,1177212400
2012-12-07,16.104827880859375,19.04464340209961,19.828571319580078,18.928571701049805,19.764286041259766,787040800
2012-12-10,16.001237869262695,18.922143936157227,19.232500076293945,18.627857208251953,18.75,630484400
2012-12-11,16.350666046142578,19.335357666015625,19.62714385986328,19.19178581237793,19.27750015258789,592345600
2012-12-12,16.278488159179688,19.25,19.571428298950195,19.15250015258789,19.563213348388672,487144000
2012-12-13,15.997307777404785,18.917499542236328,19.20142936706543,18.7785701751709,18.969642639160156,625259600
2012-12-14,15.396306037902832,18.206785202026367,18.504642486572266,18.056428909301758,18.383928298950195,1009579200
2012-12-17,15.669329643249512,18.52964210510254,18.571428298950195,17.901071548461914,18.176071166992188,757607200
2012-12-18,16.12445831298828,19.06785774230957,19.10357093811035,18.58035659790039,18.75,625685200
2012-12-19,15.89522647857666,18.796785354614258,19.060714721679688,18.76785659790039,18.98107147216797,449369200
2012-12-20,15.75691032409668,18.633214950561523,18.935714721679688,18.531429290771484,18.928571701049805,481689600
2012-12-21,15.68442440032959,18.547500610351562,18.559642791748047,18.222856521606445,18.302499771118164,596268400
2012-12-24,15.709792137145996,18.577499389648438,18.72321319580078,18.52535629272461,18.58392906188965,175753200
2012-12-26,15.493247985839844,18.321428298950195,18.552143096923828,18.25428581237793,18.53571319580078,302436400
2012-12-27,15.555468559265137,18.395000457763672,18.4375,18.023571014404297,18.340713500976562,455120400
2012-12-28,15.390263557434082,18.199642181396484,18.374286651611328,18.14714241027832,18.22464370727539,354278400
2012-12-31,16.07221031188965,19.006071090698242,19.121429443359375,18.178571701049805,18.233213424682617,659492400
2013-01-02,16.58139991760254,19.608213424682617,19.821428298950195,19.343929290771484,19.779285430908203,560518000
2013-01-03,16.37210464477539,19.360713958740234,19.631071090698242,19.321428298950195,19.567142486572266,352965200
2013-01-04,15.91606616973877,18.821428298950195,19.236785888671875,18.77964210510254,19.177499771118164,594333600
2013-01-07,15.822444915771484,18.71071434020996,18.9035701751709,18.399999618530273,18.64285659790039,484156400
2013-01-08,15.865032196044922,18.761070251464844,18.996070861816406,18.616071701049805,18.90035629272461,458707200
2013-01-09,15.617071151733398,18.467857360839844,18.750356674194336,18.428213119506836,18.66071319580078,407604400
2013-01-10,15.810669898986816,18.696786880493164,18.882856369018555,18.411428451538086,18.876785278320312,601146000
2013-01-11,15.713714599609375,18.582143783569336,18.761428833007812,18.536428451538086,18.60714340209961,350506800
2013-01-14,15.153485298156738,17.91964340209961,18.125,17.80392837524414,17.952856063842773,734207600
2013-01-15,14.675398826599121,17.354286193847656,17.82107162475586,17.26357078552246,17.796428680419922,876772400
2013-01-16,15.28455638885498,18.074642181396484,18.194286346435547,17.58928680419922,17.665714263916016,690804800
2013-01-17,15.181572914123535,17.952856063842773,18.241071701049805,17.929643630981445,18.225357055664062,453678400
2013-01-18,15.100638389587402,17.85714340209961,17.93642807006836,17.72857093811035,17.804285049438477,472922800
2013-01-22,15.244693756103516,18.02750015258789,18.13857078552246,17.736785888671875,18.020000457763672,461546400
2013-01-23,15.523754119873047,18.357500076293945,18.392499923706055,18.02750015258789,18.171785354614258,861509600
2013-01-24,13.605671882629395,16.08928680419922,16.633214950561523,16.08035659790039,16.428571701049805,1460852400
2013-01-25,13.28493595123291,15.710000038146973,16.293928146362305,15.535714149475098,16.131786346435547,1208026400
2013-01-28,13.58543586730957,16.065357208251953,16.186071395874023,15.566429138183594,15.636786460876465,785517600
2013-01-29,13.840332984924316,16.366785049438477,16.435714721679688,16.14714241027832,16.375,571158000
2013-01-30,13.796842575073242,16.315357208251953,16.52142906188965,16.23214340209961,16.321428298950195,417155200
2013-01-31,13.756379127502441,16.267499923706055,16.402856826782227,16.249286651611328,16.320714950561523,319334400
2013-02-01,13.699897766113281,16.200714111328125,16.40999984741211,16.012500762939453,16.396785736083984,539484400
2013-02-04,13.358622550964355,15.79714298248291,16.283571243286133,15.785714149475098,16.211071014404297,477117200
2013-02-05,13.827348709106445,16.351428985595703,16.419286727905273,15.793571472167969,15.858928680419922,573347600
2013-02-06,13.812548637390137,16.33392906188965,16.66071319580078,16.163570404052734,16.302499771118164,593706400
2013-02-07,14.223254203796387,16.722143173217773,16.78571319580078,16.218570709228516,16.54464340209961,704580800
2013-02-08,14.428606033325195,16.963571548461914,17.100357055664062,16.72321319580078,16.928571701049805,633158400
2013-02-11,14.57896614074707,17.140356063842773,17.319286346435547,16.90178680419922,17.01785659790039,517490400
2013-02-12,14.213530540466309,16.71071434020996,17.22785758972168,16.704999923706055,17.125356674194336,609053200
2013-02-13,14.186494827270508,16.67892837524414,16.915714263916016,16.54357147216797,16.686071395874023,475207600
2013-02-14,14.173735618591309,16.663928985595703,16.84428596496582,16.5721435546875,16.59000015258789,355275200
2013-02-15,13.97840690612793,16.43428611755371,16.79142951965332,16.42571449279785,16.74464225769043,391745200
2013-02-19,13.973245620727539,16.428213119506836,16.526071548461914,16.20892906188965,16.467857360839844,435783600
2013-02-20,13.634843826293945,16.030357360839844,16.346071243286133,16.0285701751709,16.346071243286133,476302400
2013-02-21,13.550089836120605,15.930713653564453,16.041786193847656,15.8149995803833,15.928570747375488,447182400
2013-02-22,13.694382667541504,16.100357055664062,16.128570556640625,15.949999809265137,16.04464340209961,330654800
2013-02-25,13.451061248779297,15.814286231994629,16.25428581237793,15.806071281433105,16.20892906188965,372579200
2013-02-26,13.638490676879883,16.034643173217773,16.126428604125977,15.630714416503906,15.850713729858398,501499600
2013-02-27,13.504828453063965,15.8774995803833,16.158571243286133,15.737500190734863,16.015356063842773,587350400
2013-02-28,13.408530235290527,15.764286041259766,15.995356559753418,15.764286041259766,15.858928680419922,322515200
2013-03-01,13.076505661010742,15.373929023742676,15.649286270141602,15.356429100036621,15.64285659790039,552448400
2013-03-04,12.759979248046875,15.001786231994629,15.29285717010498,14.964285850524902,15.278571128845215,582755600
2013-03-05,13.096858978271484,15.397856712341309,15.542499542236328,15.026785850524902,15.052857398986816,638433600
2013-03-06,12.930392265319824,15.202142715454102,15.54464340209961,15.15821361541748,15.518214225769043,460250000
2013-03-07,13.079849243164062,15.377857208251953,15.428929328918457,15.037857055664062,15.160714149475098,468473600
2013-03-08,13.114480972290039,15.418571472167969,15.551071166992188,15.307499885559082,15.350000381469727,391482000
2013-03-11,13.301298141479492,15.638214111328125,15.678929328918457,15.183570861816406,15.348214149475098,474236000
2013-03-12,13.014538764953613,15.301071166992188,15.674285888671875,15.270357131958008,15.557143211364746,465911600
2013-03-13,13.01211166381836,15.298213958740234,15.51785659790039,15.191429138183594,15.301786422729492,405549200
2013-03-14,13.138176918029785,15.446429252624512,15.522856712341309,15.373213768005371,15.458213806152344,303875600
2013-03-15,13.477182388305664,15.845000267028809,15.865357398986816,15.616070747375488,15.64035701751709,643960800
2013-03-18,13.843537330627441,16.275714874267578,16.33785629272461,15.757143020629883,15.766071319580078,606197200
2013-03-19,13.806173324584961,16.231786727905273,16.463214874267578,16.01785659790039,16.41071319580078,526775200
2013-03-20,13.732959747314453,16.145713806152344,16.343929290771484,16.056785583496094,16.336429595947266,308660800
2013-03-21,13.752707481384277,16.168928146362305,16.356428146362305,16.075000762939453,16.079286575317383,383255600
2013-03-22,14.031571388244629,16.49678611755371,16.503570556640625,16.1825008392334,16.235000610351562,395105200
2013-03-25,14.08229923248291,16.556428909301758,16.7839298248291,16.492143630981445,16.596071243286133,501135600
2013-03-26,14.00818157196045,16.46928596496582,16.637142181396484,16.447500228881836,16.62285614013672,294294000
2013-03-27,13.732959747314453,16.145713806152344,16.314285278320312,16.09749984741211,16.302143096923828,331237200
2013-03-28,13.446807861328125,15.809286117553711,16.136428833007812,15.772143363952637,16.065000534057617,442839600
2013-04-01,13.029122352600098,15.318214416503906,15.846428871154785,15.276429176330566,15.782142639160156,389732000
2013-04-02,13.055852890014648,15.349642753601074,15.647856712341309,15.228570938110352,15.271429061889648,529519200
2013-04-03,13.12268352508545,15.428214073181152,15.617142677307129,15.368213653564453,15.406070709228516,363216000
2013-04-04,12.992969512939453,15.275713920593262,15.535714149475098,15.1875,15.491429328918457,358447600
2013-04-05,12.855664253234863,15.114286422729492,15.176786422729492,14.988571166992188,15.160714149475098,383695200
2013-04-08,12.947099685668945,15.221785545349121,15.26785659790039,15.088929176330566,15.173213958740234,300829200
2013-04-09,12.970495223999023,15.249285697937012,15.303570747375488,15.098214149475098,15.227143287658691,306614000
2013-04-10,13.235075950622559,15.560357093811035,15.609286308288574,15.214642524719238,15.289285659790039,375928000
2013-04-11,13.193764686584473,15.511786460876465,15.642499923706055,15.399999618530273,15.489999771118164,328364400
2013-04-12,13.056158065795898,15.350000381469727,15.505356788635254,15.3246431350708,15.505356788635254,238613200
2013-04-15,12.753902435302734,14.994643211364746,15.28178596496582,14.983928680419922,15.25,317520000
2013-04-16,12.948014259338379,15.222857475280762,15.23607063293457,15.020357131958008,15.056071281433105,305771200
2013-04-17,12.235966682434082,14.385713577270508,15.021429061889648,14.21821403503418,15.009642601013184,945056000
2013-04-18,11.909416198730469,14.001786231994629,14.492500305175781,13.919285774230957,14.463929176330566,666299200
2013-04-19,11.863240242004395,13.947500228881836,14.271429061889648,13.753570556640625,13.856071472167969,609274400
2013-04-22,12.110513687133789,14.238213539123535,14.364286422729492,13.973929405212402,14.022856712341309,429920400
2013-04-23,12.337129592895508,14.504643440246582,14.585000038146973,14.243213653564453,14.428214073181152,664238400
2013-04-24,12.3167724609375,14.480713844299316,14.83035659790039,14.01785659790039,14.055000305175781,969651200
2013-04-25,12.405474662780762,14.585000038146973,14.783571243286133,14.535714149475098,14.686785697937012,384837600
2013-04-26,12.673401832580566,14.899999618530273,14.956070899963379,14.58035659790039,14.63607120513916,764097600
2013-04-29,13.065876960754395,15.361429214477539,15.486429214477539,15.0,15.016071319580078,640326400
2013-04-30,13.450453758239746,15.813570976257324,15.901785850524902,15.431071281433105,15.539285659790039,691538400
2013-05-01,13.344435691833496,15.688928604125977,15.89035701751709,15.51392936706543,15.873571395874023,506909200
2013-05-02,13.533690452575684,15.911429405212402,16.02107048034668,15.736785888671875,15.777856826782227,421828400
2013-05-03,13.669171333312988,16.070714950561523,16.186786651611328,16.04107093811035,16.118213653564453,361300800
2013-05-06,13.995116233825684,16.453929901123047,16.507143020629883,16.225357055664062,16.27535629272461,496641600
2013-05-07,13.93284797668457,16.380714416503906,16.633928298950195,16.203571319580078,16.60607147216797,483753200
2013-05-08,14.09019660949707,16.56571388244629,16.620357513427734,16.278928756713867,16.394285202026367,472598000
2013-05-09,13.967277526855469,16.313213348388672,16.53571319580078,16.270713806152344,16.421785354614258,398487600
2013-05-10,13.85107421875,16.177499771118164,16.418214797973633,16.088571548461914,16.35607147216797,334852000
2013-05-13,13.90520191192627,16.240713119506836,16.35357093811035,16.125,16.125356674194336,316948800
2013-05-14,13.572509765625,15.852143287658691,16.257143020629883,15.791070938110352,16.20892906188965,447118000
2013-05-15,13.113526344299316,15.316070556640625,15.75,15.084285736083984,15.684286117553711,741613600
2013-05-16,13.288741111755371,15.520713806152344,15.637499809265137,14.960714340209961,15.115714073181152,603204000
2013-05-17,13.248373985290527,15.473570823669434,15.717499732971191,15.393214225769043,15.680356979370117,427904400
2013-05-20,13.54407024383545,15.818928718566895,15.921428680419922,15.360713958740234,15.4253568649292,451578400
2013-05-21,13.44407844543457,15.702142715454102,15.90999984741211,15.507143020629883,15.648214340209961,456022000
2013-05-22,13.495753288269043,15.762499809265137,16.012500762939453,15.650713920593262,15.858928680419922,443038400
2013-05-23,13.519912719726562,15.790714263916016,15.934286117553711,15.563928604125977,15.569643020629883,353021200
2013-05-24,13.611949920654297,15.898214340209961,15.916428565979004,15.727143287658691,15.744643211364746,276166800
2013-05-28,13.498509407043457,15.765713691711426,16.11107063293457,15.744643211364746,16.06785774230957,386145200
2013-05-29,13.605840682983398,15.891071319580078,15.98214340209961,15.692856788635254,15.714285850524902,330576400
2013-05-30,13.808572769165039,16.127857208251953,16.23214340209961,15.875356674194336,15.916070938110352,353519600
2013-05-31,13.75200366973877,16.061786651611328,16.325000762939453,16.053571701049805,16.16071319580078,384302800
2013-06-03,13.782273292541504,16.097143173217773,16.15571403503418,15.802857398986816,16.09749984741211,372352400
2013-06-04,13.739161491394043,16.046785354614258,16.229642868041992,15.978214263916016,16.18642807006836,292728800
2013-06-05,13.610730171203613,15.896785736083984,16.097143173217773,15.846785545349121,15.916070938110352,290589600
2013-06-06,13.407387733459473,15.659285545349121,15.964285850524902,15.501786231994629,15.909643173217773,416934000
2013-06-07,13.5098237991333,15.778928756713867,15.829999923706055,15.456070899963379,15.589285850524902,404535600
2013-06-10,13.420536994934082,15.674642562866211,16.038570404052734,15.600000381469727,15.883213996887207,450153200
2013-06-11,13.381087303161621,15.628570556640625,15.812856674194336,15.475713729858398,15.562143325805664,286112400
2013-06-12,13.215656280517578,15.435357093811035,15.758929252624512,15.410714149475098,15.696429252624512,265227200
2013-06-13,13.330941200256348,15.569999694824219,15.612142562866211,15.3125,15.446429252624512,285832400
2013-06-14,13.150225639343262,15.358928680419922,15.581786155700684,15.303570747375488,15.550000190734863,271866000
2013-06-17,13.209846496582031,15.428570747375488,15.560713768005371,15.369999885559082,15.408571243286133,259414400
2013-06-18,13.2028169631958,15.420356750488281,15.532142639160156,15.364643096923828,15.412857055664062,195025600
2013-06-19,12.934642791748047,15.10714340209961,15.416428565979004,15.10714340209961,15.407142639160156,310940000
2013-06-20,12.746278762817383,14.8871431350708,15.213570594787598,14.827500343322754,14.975000381469727,357310800
2013-06-21,12.644147872924805,14.76785659790039,15.0,14.574999809265137,14.946070671081543,481118400
2013-06-24,12.309008598327637,14.376428604125977,14.595000267028809,14.216071128845215,14.550000190734863,480746000
2013-06-25,12.311761856079102,14.379643440246582,14.563928604125977,14.243928909301758,14.489286422729492,314162800
2013-06-26,12.172327995300293,14.21678638458252,14.456786155700684,14.130714416503906,14.425000190734863,367724000
2013-06-27,12.041145324707031,14.063570976257324,14.335356712341309,14.055000305175781,14.258929252624512,337246000
2013-06-28,12.125231742858887,14.161786079406738,14.295356750488281,13.888214111328125,13.977143287658691,578516400
2013-07-01,12.513274192810059,14.614999771118164,14.723929405212402,14.329285621643066,14.381786346435547,391053600
2013-07-02,12.796734809875488,14.946070671081543,15.05821418762207,14.623929023742676,14.64142894744873,469865200
2013-07-03,12.867374420166016,15.028571128845215,15.106429100036621,14.908928871154785,15.03071403503418,240928800
2013-07-05,12.764018058776855,14.907856941223145,15.117500305175781,14.833929061889648,15.01392936706543,274024800
2013-07-08,12.691545486450195,14.823213577270508,15.035714149475098,14.666070938110352,15.003929138183594,298138400
2013-07-09,12.91476821899414,15.083929061889648,15.125,14.656429290771484,14.771429061889648,352584400
2013-07-10,12.865229606628418,15.026070594787598,15.171428680419922,14.9375,14.985713958740234,281405600
2013-07-11,13.065823554992676,15.260356903076172,15.29464340209961,15.041786193847656,15.10535717010498,326292400
2013-07-12,13.041971206665039,15.232500076293945,15.349642753601074,15.121786117553711,15.273214340209961,279563200
2013-07-15,13.070412635803223,15.265713691711426,15.409285545349121,15.171428680419922,15.178929328918457,241917200
2013-07-16,13.154807090759277,15.364286422729492,15.382499694824219,15.14892864227295,15.232856750488281,216538000
2013-07-17,13.158167839050293,15.368213653564453,15.436429023742676,15.293571472167969,15.346428871154785,198990400
2013-07-18,13.202508926391602,15.420000076293945,15.531070709228516,15.378929138183594,15.477856636047363,218878800
2013-07-19,12.994271278381348,15.176786422729492,15.499285697937012,15.155357360839844,15.467857360839844,268721600
2013-07-22,13.035859107971191,15.225357055664062,15.348214149475098,15.195357322692871,15.337857246398926,207796400
2013-07-23,12.812029838562012,14.963929176330566,15.248571395874023,14.95392894744873,15.214285850524902,369395600
2013-07-24,13.47006607055664,15.732500076293945,15.878213882446289,15.545000076293945,15.676071166992188,591936800
2013-07-25,13.40860652923584,15.660714149475098,15.764286041259766,15.564642906188965,15.739286422729492,229493600
2013-07-26,13.484748840332031,15.749643325805664,15.751428604125977,15.5121431350708,15.546428680419922,200152400
2013-07-29,13.692679405212402,15.992500305175781,16.07107162475586,15.721428871154785,15.742856979370117,248057600
2013-07-30,13.861780166625977,16.190000534057617,16.326786041259766,16.043928146362305,16.06999969482422,309422400
2013-07-31,13.837621688842773,16.161785125732422,16.33357048034668,16.051071166992188,16.249643325805664,322957600
2013-08-01,13.964523315429688,16.309999465942383,16.314285278320312,16.187856674194336,16.27678680419922,206250800
2013-08-02,14.14371109008789,16.519285202026367,16.530357360839844,16.30928611755371,16.357500076293945,274783600
2013-08-05,14.355010032653809,16.766071319580078,16.809642791748047,16.50535774230957,16.596071243286133,318855600
2013-08-06,14.226576805114746,16.616071701049805,16.853214263916016,16.506071090698242,16.71500015258789,334857600
2013-08-07,14.218324661254883,16.606428146362305,16.678571701049805,16.491785049438477,16.564285278320312,298858000
2013-08-08,14.190003395080566,16.464643478393555,16.575000762939453,16.355356216430664,16.566429138183594,255777200
2013-08-09,13.988088607788086,16.230356216430664,16.44499969482422,16.201786041259766,16.3799991607666,266865200
2013-08-12,14.385461807250977,16.691429138183594,16.737499237060547,16.30821418762207,16.316429138183594,364434000
2013-08-13,15.069091796875,17.484643936157227,17.66642951965332,16.7160701751709,16.819286346435547,881941200
2013-08-14,15.343962669372559,17.803571701049805,18.008928298950195,17.621429443359375,17.781429290771484,756372400
2013-08-15,15.32579517364502,17.782499313354492,17.94285774230957,17.46714210510254,17.729286193847656,490294000
2013-08-16,15.461848258972168,17.940357208251953,17.962142944335938,17.816429138183594,17.862499237060547,362306000
2013-08-19,15.628368377685547,18.13357162475586,18.347856521606445,18.0,18.012142181396484,510518400
2013-08-20,15.42306137084961,17.895357131958008,18.234643936157227,17.886428833007812,18.203929901123047,358688400
2013-08-21,15.46276569366455,17.941429138183594,18.112499237060547,17.899999618530273,17.9853572845459,335879600
2013-08-22,15.481237411499023,17.96285629272461,18.056785583496094,17.792856216430664,18.03499984741211,244207600
2013-08-23,15.421526908874512,17.893571853637695,17.97678565979004,17.83392906188965,17.973928451538086,222731600
2013-08-26,15.481542587280273,17.963214874267578,18.2214298248291,17.875,17.883928298950195,330965600
2013-08-27,15.038924217224121,17.449642181396484,17.946786880493164,17.367856979370117,17.78571319580078,424188800
2013-08-28,15.110024452209473,17.532142639160156,17.707143783569336,17.35714340209961,17.35714340209961,307608000
2013-08-29,15.134647369384766,17.560714721679688,17.73214340209961,17.54035758972168,17.558929443359375,239657600
2013-08-30,14.996759414672852,17.400714874267578,17.605356216430664,17.375,17.571428298950195,272297200
2013-09-03,15.038619995117188,17.44928550720215,17.878570556640625,17.405357360839844,17.610713958740234,331928800
2013-09-04,15.349802017211914,17.81035614013672,17.937143325805664,17.724285125732422,17.841428756713867,345032800
2013-09-05,15.244535446166992,17.688213348388672,17.88142967224121,17.6299991607666,17.866071701049805,236367600
2013-09-06,15.335331916809082,17.79357147216797,17.834999084472656,17.498214721679688,17.801429748535156,359525600
2013-09-09,15.580039978027344,18.077499389648438,18.139999389648438,17.981428146362305,18.03571319580078,340687200
2013-09-10,15.225141525268555,17.665714263916016,18.123214721679688,17.48214340209961,18.078571319580078,743195600
2013-09-11,14.396232604980469,16.703929901123047,16.917499542236328,16.600357055664062,16.67892837524414,898696400
2013-09-12,14.549519538879395,16.881786346435547,16.97857093811035,16.643213272094727,16.73214340209961,404051200
2013-09-13,14.309741973876953,16.60357093811035,16.851070404052734,16.5964298248291,16.762142181396484,298835600
2013-09-16,13.854805946350098,16.075714111328125,16.48607063293457,15.972143173217773,16.46428680419922,543706800
2013-09-17,14.014866828918457,16.261428833007812,16.418214797973633,15.98214340209961,15.998571395874023,399380800
2013-09-18,14.302968978881836,16.595714569091797,16.655357360839844,16.4521427154541,16.542142868041992,456862000
2013-09-19,14.537511825561523,16.867856979370117,16.993928909301758,16.758928298950195,16.810714721679688,404541200
2013-09-20,14.386996269226074,16.693214416503906,17.0910701751709,16.64285659790039,17.071428298950195,699302800
2013-09-23,15.102023124694824,17.522857666015625,17.74678611755371,17.235713958740234,17.717857360839844,762106800
2013-09-24,15.05462646484375,17.467857360839844,17.695356369018555,17.422143936157227,17.674285888671875,364344400
2013-09-25,14.821622848510742,17.197500228881836,17.48714256286621,17.19392967224121,17.4714298248291,316957200
2013-09-26,14.965977668762207,17.364999771118164,17.448570251464844,17.282142639160156,17.35714340209961,237221600
2013-09-27,14.859162330627441,17.241071701049805,17.309642791748047,17.16857147216797,17.277856826782227,228040400
2013-09-30,14.67448616027832,17.02678680419922,17.2021427154541,16.943214416503906,17.04464340209961,260156400
2013-10-01,15.019537925720215,17.427143096923828,17.46928596496582,17.084999084472656,17.087499618530273,353883600
2013-10-02,15.068782806396484,17.484285354614258,17.564285278320312,17.27678680419922,17.343929290771484,289184000
2013-10-03,14.87947940826416,17.2646427154541,17.58392906188965,17.169286727905273,17.518213272094727,322753200
2013-10-04,14.867782592773438,17.25107192993164,17.30714225769043,17.092857360839844,17.28071403503418,258868400
2013-10-07,15.013068199157715,17.41964340209961,17.594642639160156,17.33392906188965,17.37714385986328,312292400
2013-10-08,14.80345630645752,17.176429748535156,17.522857666015625,17.16214370727539,17.49785614013672,290917200
2013-10-09,14.977365493774414,17.37821388244629,17.421070098876953,17.08142852783203,17.308570861816406,301725200
2013-10-10,15.07123851776123,17.48714256286621,17.584999084472656,17.394285202026367,17.547143936157227,278602800
2013-10-11,15.168817520141602,17.600357055664062,17.637142181396484,17.3271427154541,17.392499923706055,267738800
2013-10-14,15.268239974975586,17.715713500976562,17.770713806152344,17.47678565979004,17.493928909301758,261898000
2013-10-15,15.349493026733398,17.809999465942383,17.928571701049805,17.6971435546875,17.768213272094727,320073600
2013-10-16,15.424295425415039,17.896785736083984,17.947500228881836,17.82964324951172,17.885356903076172,251101200
2013-10-17,15.528636932373047,18.01785659790039,18.027856826782227,17.845714569091797,17.856428146362305,253593200
2013-10-18,15.663764953613281,18.17464256286621,18.187856674194336,18.061071395874023,18.07107162475586,290542000
2013-10-21,16.047592163085938,18.6200008392334,18.725000381469727,18.268571853637695,18.27750015258789,398106800
2013-10-22,16.001731872558594,18.56678581237793,18.873214721679688,18.14392852783203,18.800357818603516,534063600
2013-10-23,16.158405303955078,18.748571395874023,18.773929595947266,18.53571319580078,18.53571319580078,313723200
2013-10-24,16.372325897216797,18.99678611755371,19.016786575317383,18.6589298248291,18.75,384764800
2013-10-25,16.189180374145508,18.784286499023438,19.043928146362305,18.753929138183594,18.9757137298584,337792000
2013-10-28,16.309839248657227,18.924285888671875,18.96428680419922,18.686071395874023,18.894285202026367,550440800
2013-10-29,15.903539657592773,18.452856063842773,19.258928298950195,18.376428604125977,19.15250015258789,635807200
2013-10-30,16.15656089782715,18.746429443359375,18.84000015258789,18.46500015258789,18.5575008392334,354163600
2013-10-31,16.088836669921875,18.667856216430664,18.83892822265625,18.616785049438477,18.75,275696400
2013-11-01,16.00665283203125,18.572500228881836,18.742856979370117,18.4228572845459,18.71500015258789,274890000
2013-11-04,16.2134952545166,18.8125,18.815000534057617,18.528928756713867,18.610713958740234,244627600
2013-11-05,16.173486709594727,18.766071319580078,18.88892936706543,18.678571701049805,18.735000610351562,265213200
2013-11-06,16.12766456604004,18.604286193847656,18.7450008392334,18.507143020629883,18.719642639160156,223375600
2013-11-07,15.86667537689209,18.303213119506836,18.68535614013672,18.299285888671875,18.556428909301758,262620400
2013-11-08,16.11651611328125,18.591428756713867,18.611785888671875,18.306785583496094,18.377857208251953,279316800
2013-11-11,16.069766998291016,18.537500381469727,18.631071090698242,18.37178611755371,18.57107162475586,227452400
2013-11-12,16.099489212036133,18.571786880493164,18.711429595947266,18.46428680419922,18.48821449279785,204276800
2013-11-13,16.118690490722656,18.593929290771484,18.65178680419922,18.46285629272461,18.5,197220800
2013-11-14,16.351810455322266,18.862857818603516,18.902856826782227,18.638214111328125,18.671785354614258,282419200
2013-11-15,16.253665924072266,18.749643325805664,18.89607048034668,18.731786727905273,18.806428909301758,317920400
2013-11-18,16.056764602661133,18.522499084472656,18.828214645385742,18.507143020629883,18.749643325805664,244944000
2013-11-19,16.085254669189453,18.555356979370117,18.692142486572266,18.49892807006836,18.536785125732422,208938800
2013-11-20,15.944378852844238,18.39285659790039,18.586429595947266,18.368928909301758,18.543928146362305,193916800
2013-11-21,16.134479522705078,18.61214256286621,18.614643096923828,18.34535789489746,18.485713958740234,262026800
2013-11-22,16.092981338500977,18.564285278320312,18.648571014404297,18.51892852783203,18.554285049438477,223725600
2013-11-25,16.2149715423584,18.704999923706055,18.781070709228516,18.60714340209961,18.60785675048828,229311600
2013-11-26,16.51405143737793,19.049999237060547,19.147857666015625,18.71428680419922,18.718570709228516,401382800
2013-11-27,16.902894973754883,19.498571395874023,19.5,19.049999237060547,19.153928756713867,363448400
2013-11-29,17.215909957885742,19.859643936157227,19.940357208251953,19.56464385986328,19.624286651611328,318127600
2013-12-02,17.06606674194336,19.686786651611328,20.15464210510254,19.672143936157227,19.928571701049805,472544800
2013-12-03,17.533246994018555,20.2257137298584,20.22785758972168,19.917142868041992,19.939285278320312,450968000
2013-12-04,17.49237823486328,20.178571701049805,20.328214645385742,20.029285430908203,20.196428298950195,377809600
2013-12-05,17.582168579101562,20.282142639160156,20.540714263916016,20.22892951965332,20.451786041259766,447580000
2013-12-06,17.33820152282715,20.000713348388672,20.241071701049805,19.984643936157227,20.206785202026367,344352400
2013-12-09,17.536659240722656,20.229642868041992,20.34214210510254,20.032142639160156,20.032142639160156,320493600
2013-12-10,17.509403228759766,20.198213577270508,20.281429290771484,20.042856216430664,20.127857208251953,278269600
2013-12-11,17.37968635559082,20.04857063293457,20.391786575317383,19.988929748535156,20.25,359718800
2013-12-12,17.35429573059082,20.019285202026367,20.19071388244629,20.00107192993164,20.07642936706543,262290000
2013-12-13,17.165136337280273,19.801071166992188,20.10285758972168,19.773929595947266,20.10178565979004,332822000
2013-12-16,17.26017189025879,19.91071319580078,20.09428596496582,19.821786880493164,19.8221435546875,282592800
2013-12-17,17.182472229003906,19.82107162475586,19.979999542236328,19.76357078552246,19.850357055664062,229902400
2013-12-18,17.05181884765625,19.67035675048828,19.694643020629883,19.242856979370117,19.632143020629883,565863200
2013-12-19,16.856464385986328,19.44499969482422,19.64285659790039,19.418928146362305,19.625,320308800
2013-12-20,16.997636795043945,19.60785675048828,19.70035743713379,19.457857131958008,19.479642868041992,436413600
2013-12-23,17.649961471557617,20.3603572845459,20.382856369018555,20.09857177734375,20.28571319580078,501306400
2013-12-24,17.575042724609375,20.273929595947266,20.424285888671875,20.215356826782227,20.353214263916016,167554800
2013-12-26,17.45832061767578,20.139286041259766,20.33928680419922,20.12071418762207,20.28928565979004,204008000
2013-12-27,17.34036636352539,20.00321388244629,20.157499313354492,19.98214340209961,20.136428833007812,225884400
2013-12-30,17.167917251586914,19.804285049438477,20.00321388244629,19.7257137298584,19.909286499023438,253629600
2013-12-31,17.369159698486328,20.036428451538086,20.045713424682617,19.78571319580078,19.791786193847656,223084400
2014-01-02,17.124887466430664,19.754642486572266,19.89392852783203,19.71500015258789,19.845714569091797,234684800
2014-01-03,16.748714447021484,19.320714950561523,19.774999618530273,19.301071166992188,19.7450008392334,392467600
2014-01-06,16.840051651000977,19.426071166992188,19.5285701751709,19.05714225769043,19.194643020629883,412610800
2014-01-07,16.719623565673828,19.28714370727539,19.498571395874023,19.211429595947266,19.440000534057617,317209200
2014-01-08,16.82550621032715,19.409286499023438,19.484285354614258,19.238929748535156,19.243213653564453,258529600
2014-01-09,16.610637664794922,19.161428451538086,19.53071403503418,19.11964225769043,19.5285701751709,279148800
2014-01-10,16.499807357788086,19.033571243286133,19.314285278320312,18.96821403503418,19.27964210510254,304976000
2014-01-13,16.586179733276367,19.133214950561523,19.375,18.924285888671875,18.925357818603516,378492800
2014-01-14,16.916215896606445,19.51392936706543,19.526071548461914,19.2021427154541,19.222143173217773,332561600
2014-01-15,17.255847930908203,19.90571403503418,20.007143020629883,19.7021427154541,19.768571853637695,391638800
2014-01-16,17.159563064575195,19.79464340209961,19.887500762939453,19.702856063842773,19.81785774230957,229278000
2014-01-17,16.739118576049805,19.309642791748047,19.716785430908203,19.282142639160156,19.695714950561523,426739600
2014-01-21,16.999187469482422,19.609643936157227,19.645357131958008,19.30071449279785,19.32107162475586,328526800
2014-01-22,17.074729919433594,19.696786880493164,19.903213500976562,19.56464385986328,19.675357818603516,379985200
2014-01-23,17.219310760498047,19.863571166992188,19.875,19.457500457763672,19.640714645385742,403239200
2014-01-24,16.906309127807617,19.502500534057617,19.843570709228516,19.45535659790039,19.78571319580078,429354800
2014-01-27,17.0434627532959,19.66071319580078,19.814285278320312,19.491071701049805,19.645357131958008,554878800
2014-01-28,15.68122386932373,18.08928680419922,18.39285659790039,17.93107032775879,18.170000076293945,1065523200
2014-01-29,15.503199577331543,17.883928298950195,18.120357513427734,17.807857513427734,17.998214721679688,502810000
2014-01-30,15.47317123413086,17.849285125732422,18.08928680419922,17.739286422729492,17.947856903076172,678501600
2014-01-31,15.498551368713379,17.878570556640625,17.911785125732422,17.626785278320312,17.684999465942383,464797200
2014-02-03,15.52734661102295,17.911785125732422,18.133214950561523,17.832143783569336,17.95035743713379,401464000
2014-02-04,15.752119064331055,18.171070098876953,18.19499969482422,17.955713272094727,18.066070556640625,376681200
2014-02-05,15.869765281677246,18.306785583496094,18.402856826782227,18.08035659790039,18.091428756713867,328344800
2014-02-06,15.962268829345703,18.30392837524414,18.33928680419922,18.136070251464844,18.216428756713867,257765200
2014-02-07,16.185585021972656,18.559999465942383,18.676071166992188,18.47785758972168,18.62071418762207,370280400
2014-02-10,16.47554588317871,18.892499923706055,18.999643325805664,18.5,18.523571014404297,345559200
2014-02-11,16.692625045776367,19.141429901123047,19.20535659790039,18.91071319580078,18.95035743713379,282256800
2014-02-12,16.69137954711914,19.139999389648438,19.270000457763672,19.044286727905273,19.176786422729492,308100800
2014-02-13,16.9564266204834,19.44392967224121,19.45892906188965,19.078571319580078,19.094999313354492,307398000
2014-02-14,16.94272232055664,19.428213119506836,19.499286651611328,19.328929901123047,19.37392807006836,272924400
2014-02-18,17.0050106048584,19.499643325805664,19.68535614013672,19.48607063293457,19.5,260251600
2014-02-19,16.736541748046875,19.19178581237793,19.53178596496582,19.08392906188965,19.45535659790039,313768000
2014-02-20,16.542821884155273,18.969642639160156,19.178571701049805,18.89285659790039,19.035356521606445,305858000
2014-02-21,16.35906410217285,18.758928298950195,19.091785430908203,18.735713958740234,19.028213500976562,278784800
2014-02-24,16.430692672729492,18.8410701751709,18.92571449279785,18.65785789489746,18.683929443359375,288909600
2014-02-25,16.25971221923828,18.645000457763672,18.9132137298584,18.60714340209961,18.906429290771484,231952000
2014-02-26,16.113012313842773,18.47678565979004,18.75,18.41428565979004,18.70035743713379,276217200
2014-02-27,16.434436798095703,18.84535789489746,18.885000228881836,18.430356979370117,18.46928596496582,301882000
2014-02-28,16.3898983001709,18.794286727905273,19.02678680419922,18.64714241027832,18.895713806152344,371968800
2014-03-03,16.437231063842773,18.84857177734375,18.951786041259766,18.671785354614258,18.693571090698242,238781200
2014-03-04,16.545610427856445,18.972856521606445,19.022857666015625,18.848928451538086,18.96428680419922,259140000
2014-03-05,16.58051109313965,19.01285743713379,19.09821319580078,18.897499084472656,18.961429595947266,200062800
2014-03-06,16.53036117553711,18.95535659790039,19.087142944335938,18.860713958740234,19.028213500976562,185488800
2014-03-07,16.520709991455078,18.944286346435547,18.999286651611328,18.787500381469727,18.967500686645508,220729600
2014-03-10,16.53565216064453,18.961429595947266,19.047500610351562,18.869285583496094,18.8700008392334,178584000
2014-03-11,16.69668197631836,19.14607048034668,19.240713119506836,19.02107048034668,19.123214721679688,279224400
2014-03-12,16.712871551513672,19.164642333984375,19.191070556640625,19.0,19.089643478393555,199326400
2014-03-13,16.527252197265625,18.951786041259766,19.273571014404297,18.898571014404297,19.194286346435547,257742800
2014-03-14,16.341617584228516,18.738929748535156,18.960357666015625,18.678571701049805,18.885356903076172,237199200
2014-03-17,16.405475616455078,18.812143325805664,18.927499771118164,18.780357360839844,18.8464298248291,199544800
2014-03-18,16.550609588623047,18.97857093811035,18.99892807006836,18.757143020629883,18.782142639160156,209647200
2014-03-19,16.546249389648438,18.97357177734375,19.15142822265625,18.89285659790039,19.009286880493164,224756000
2014-03-20,16.46651268005371,18.882143020629883,19.023929595947266,18.83392906188965,18.92464256286621,208398400
2014-03-21,16.596389770507812,19.031070709228516,19.0625,18.797500610351562,18.997499465942383,374046400
2014-03-24,16.79322624206543,19.256786346435547,19.303571701049805,19.109285354614258,19.229286193847656,355700800
2014-03-25,16.9738712310791,19.46392822265625,19.491071701049805,19.27107048034668,19.33928680419922,282293200
2014-03-26,16.811601638793945,19.277856826782227,19.60714340209961,19.2450008392334,19.518571853637695,299768000
2014-03-27,16.739343643188477,19.19499969482422,19.33928680419922,19.11142921447754,19.286428451538086,222031600
2014-03-28,16.720659255981445,19.17357063293457,19.24785614013672,19.08035659790039,19.2257137298584,200564000
2014-03-31,16.716922760009766,19.169286727905273,19.31464385986328,19.140356063842773,19.258214950561523,168669200
2014-04-01,16.86983871459961,19.344642639160156,19.352500915527344,19.17035675048828,19.205713272094727,200760000
2014-04-02,16.89787483215332,19.376785278320312,19.40999984741211,19.295000076293945,19.37071418762207,180420800
2014-04-03,16.7807674407959,19.24250030517578,19.375,19.20142936706543,19.335357666015625,162344000
2014-04-04,16.563682556152344,18.99357032775879,19.28571319580078,18.94928550720215,19.278928756713867,275251200
2014-04-07,16.303625106811523,18.695356369018555,18.96071434020996,18.63892936706543,18.85785675048828,289850400
2014-04-08,16.302692413330078,18.694286346435547,18.790000915527344,18.524999618530273,18.756786346435547,243888400
2014-04-09,16.516965866088867,18.940000534057617,18.94607162475586,18.643571853637695,18.665714263916016,206169600
2014-04-10,16.303937911987305,18.695714950561523,19.00857162475586,18.684642791748047,18.952856063842773,239652000
2014-04-11,16.183401107788086,18.5575008392334,18.672500610351562,18.46928596496582,18.53571319580078,271717600
2014-04-14,16.247880935668945,18.63142967224121,18.648571014404297,18.471786499023438,18.639286041259766,205674000
2014-04-15,16.132020950317383,18.498571395874023,18.6299991607666,18.26178550720215,18.581071853637695,266490000
2014-04-16,16.164716720581055,18.53607177734375,18.6103572845459,18.36214256286621,18.501785278320312,214765600
2014-04-17,16.34941291809082,18.74785614013672,18.84857177734375,18.542856216430664,18.571428298950195,284334400
2014-04-21,16.543439865112305,18.97035789489746,19.0049991607666,18.71285629272461,18.762142181396484,182548800
2014-04-22,16.55994415283203,18.989286422729492,18.993928909301758,18.803571701049805,18.868213653564453,202563200
2014-04-23,16.343496322631836,18.741071701049805,18.968929290771484,18.730356216430664,18.895000457763672,394940000
2014-04-24,17.68335723876953,20.27750015258789,20.35714340209961,20.026071548461914,20.293214797973633,759911600
2014-04-25,17.813241958618164,20.426429748535156,20.428213119506836,20.141429901123047,20.161785125732422,390275200
2014-04-28,18.503101348876953,21.217500686645508,21.27678680419922,20.448213577270508,20.457143783569336,669485600
2014-04-29,18.448286056518555,21.15464210510254,21.28499984741211,21.05392837524414,21.204999923706055,337377600
2014-04-30,18.378524780273438,21.074642181396484,21.408214569091797,21.064285278320312,21.165714263916016,456640800
2014-05-01,18.421812057495117,21.124286651611328,21.242856979370117,20.941429138183594,21.14285659790039,244048000
2014-05-02,18.456073760986328,21.163570404052734,21.2214298248291,21.061071395874023,21.155000686645508,191514400
2014-05-05,18.717063903808594,21.46285629272461,21.46428680419922,21.071428298950195,21.07642936706543,287067200
2014-05-06,18.513072967529297,21.22892951965332,21.586071014404297,21.22892951965332,21.492856979370117,374564400
2014-05-07,18.448286056518555,21.15464210510254,21.331785202026367,20.9903564453125,21.258928298950195,282864400
2014-05-08,18.4153995513916,20.999643325805664,21.22892951965332,20.94285774230957,21.008928298950195,230297200
2014-05-09,18.33867645263672,20.91214370727539,20.9375,20.726070404052734,20.876428604125977,291597600
2014-05-12,18.566986083984375,21.172500610351562,21.2021427154541,20.97857093811035,20.981786727905273,213208800
2014-05-13,18.596115112304688,21.205713272094727,21.233570098876953,21.0964298248291,21.14285659790039,159737200
2014-05-14,18.599550247192383,21.20964241027832,21.33571434020996,21.13357162475586,21.158214569091797,166404000
2014-05-15,18.441396713256836,21.029285430908203,21.30714225769043,21.001428604125977,21.239286422729492,230846000
2014-05-16,18.713558197021484,21.339643478393555,21.340356826782227,20.907142639160156,21.022499084472656,276256400
2014-05-19,18.935300827026367,21.592500686645508,21.690357208251953,21.333213806152344,21.35178565979004,317755200
2014-05-20,18.939064025878906,21.596786499023438,21.657142639160156,21.45464324951172,21.589643478393555,234836000
2014-05-21,18.989168167114258,21.653928756713867,21.667856216430664,21.50214385986328,21.565357208251953,196859600
2014-05-22,19.01923370361328,21.688213348388672,21.780357360839844,21.575000762939453,21.66428565979004,200760000
2014-05-23,19.234079360961914,21.93321418762207,21.95464324951172,21.659643173217773,21.6875,232209600
2014-05-27,19.59425163269043,22.343929290771484,22.352142333984375,21.986785888671875,21.99571418762207,348866000
2014-05-28,19.54351806640625,22.28607177734375,22.493928909301758,22.277856826782227,22.35785675048828,315481600
2014-05-29,19.899621963500977,22.692142486572266,22.745357513427734,22.42035675048828,22.423213958740234,376474000
2014-05-30,19.82508659362793,22.60714340209961,23.006071090698242,22.46071434020996,22.78499984741211,564020800
2014-06-02,19.688838958740234,22.451786041259766,22.672500610351562,22.23214340209961,22.641429901123047,369350800
2014-06-03,19.96727180480957,22.769285202026367,22.812143325805664,22.4375,22.44499969482422,292709200
2014-06-04,20.195280075073242,23.029285430908203,23.13892936706543,22.71821403503418,22.765714645385742,335482000
2014-06-05,20.274513244628906,23.11964225769043,23.19178581237793,22.95035743713379,23.078571319580078,303805600
2014-06-06,20.218759536743164,23.05607032775879,23.259286880493164,23.016786575317383,23.21071434020996,349938400
2014-06-09,20.54229736328125,23.424999237060547,23.469999313354492,22.9375,23.174999237060547,301660000
2014-06-10,20.66286849975586,23.5625,23.762500762939453,23.392499923706055,23.6825008392334,251108000
2014-06-11,20.577363967895508,23.46500015258789,23.690000534057617,23.36750030517578,23.532499313354492,182724000
2014-06-12,20.233169555664062,23.072500228881836,23.530000686645508,22.975000381469727,23.510000228881836,218996000
2014-06-13,20.011741638183594,22.81999969482422,23.110000610351562,22.719999313354492,23.049999237060547,218100000
2014-06-16,20.213436126708984,23.049999237060547,23.1875,22.862499237060547,22.877500534057617,142244000
2014-06-17,20.18712615966797,23.020000457763672,23.174999237060547,22.950000762939453,23.077499389648438,118904000
2014-06-18,20.20905303955078,23.045000076293945,23.072500228881836,22.837499618530273,23.0674991607666,134056000
2014-06-19,20.138904571533203,22.96500015258789,23.075000762939453,22.834999084472656,23.072500228881836,142112000
2014-06-20,19.93062400817871,22.727500915527344,23.137500762939453,22.725000381469727,22.962499618530273,403592000
2014-06-23,19.9130859375,22.707500457763672,22.905000686645508,22.649999618530273,22.829999923706055,174776000
2014-06-24,19.792509078979492,22.56999969482422,22.934999465942383,22.547500610351562,22.6875,156144000
2014-06-25,19.81005096435547,22.59000015258789,22.674999237060547,22.412500381469727,22.552499771118164,147476000
2014-06-26,19.92843246459961,22.725000381469727,22.762500762939453,22.450000762939453,22.592500686645508,130516000
2014-06-27,20.16521453857422,22.9950008392334,23.0,22.6924991607666,22.704999923706055,256116000
2014-06-30,20.373477935791016,23.232500076293945,23.4325008392334,23.022499084472656,23.024999618530273,197929200
2014-07-01,20.502819061279297,23.3799991607666,23.517499923706055,23.282499313354492,23.3799991607666,152892000
2014-07-02,20.49405288696289,23.3700008392334,23.514999389648438,23.272499084472656,23.467500686645508,113860000
2014-07-03,20.61464500427246,23.50749969482422,23.524999618530273,23.299999237060547,23.417499542236328,91567200
2014-07-07,21.039955139160156,23.99250030517578,23.997499465942383,23.524999618530273,23.53499984741211,225872000
2014-07-08,20.904022216796875,23.837499618530273,24.200000762939453,23.479999542236328,24.0674991607666,260888000
2014-07-09,20.91279411315918,23.84749984741211,23.987499237060547,23.690000534057617,23.860000610351562,145744000
2014-07-10,20.83606719970703,23.760000228881836,23.887500762939453,23.3799991607666,23.440000534057617,158744000
2014-07-11,20.875526428222656,23.80500030517578,23.97249984741211,23.71500015258789,23.84000015258789,136072000
2014-07-14,21.145191192626953,24.112499237060547,24.22249984741211,23.912500381469727,23.96500015258789,171240000
2014-07-15,20.897451400756836,23.829999923706055,24.212499618530273,23.75749969482422,24.200000762939453,181911600
2014-07-16,20.77906036376953,23.69499969482422,24.274999618530273,23.684999465942383,24.24250030517578,213585200
2014-07-17,20.40855598449707,23.272499084472656,23.81999969482422,23.142499923706055,23.75749969482422,229192000
2014-07-18,20.702333450317383,23.607500076293945,23.684999465942383,23.2549991607666,23.405000686645508,199952000
2014-07-21,20.594907760620117,23.485000610351562,23.75,23.43000030517578,23.747499465942383,156316000
2014-07-22,20.765911102294922,23.68000030517578,23.72249984741211,23.530000686645508,23.670000076293945,220788000
2014-07-23,21.30742073059082,24.297500610351562,24.469999313354492,23.792499542236328,23.854999542236328,371672000
2014-07-24,21.2723388671875,24.25749969482422,24.329999923706055,24.104999542236328,24.260000228881836,182916000
2014-07-25,21.412656784057617,24.417499542236328,24.459999084472656,24.15999984741211,24.212499618530273,173876000
2014-07-28,21.7086238861084,24.7549991607666,24.809999465942383,24.387500762939453,24.454999923706055,221272000
2014-07-29,21.568317413330078,24.594999313354492,24.860000610351562,24.5625,24.832500457763672,172572000
2014-07-30,21.517885208129883,24.537500381469727,24.674999237060547,24.417499542236328,24.610000610351562,132040000
2014-07-31,20.95883560180664,23.899999618530273,24.362499237060547,23.832500457763672,24.290000915527344,227372000
2014-08-01,21.075037002563477,24.032499313354492,24.155000686645508,23.702499389648438,23.725000381469727,194044000
2014-08-04,20.956647872924805,23.897499084472656,24.145000457763672,23.792499542236328,24.092500686645508,159832000
2014-08-05,20.853609085083008,23.780000686645508,23.920000076293945,23.59000015258789,23.84000015258789,223732000
2014-08-06,20.818525314331055,23.739999771118164,23.8700008392334,23.677499771118164,23.6875,154232000
2014-08-07,20.81632423400879,23.6200008392334,23.987499237060547,23.524999618530273,23.732500076293945,186844000
2014-08-08,20.87360954284668,23.684999465942383,23.704999923706055,23.31999969482422,23.565000534057617,167460000
2014-08-11,21.149009704589844,23.997499465942383,24.020000457763672,23.709999084472656,23.8174991607666,146340000
2014-08-12,21.144611358642578,23.99250030517578,24.219999313354492,23.90250015258789,24.010000228881836,135180000
2014-08-13,21.424423217773438,24.309999465942383,24.309999465942383,24.010000228881836,24.037500381469727,127664000
2014-08-14,21.481700897216797,24.375,24.392499923706055,24.200000762939453,24.332500457763672,112464000
2014-08-15,21.587467193603516,24.4950008392334,24.547500610351562,24.21500015258789,24.475000381469727,195804000
2014-08-18,21.847444534301758,24.790000915527344,24.842500686645508,24.4950008392334,24.622499465942383,190288000
2014-08-19,22.149295806884766,25.13249969482422,25.170000076293945,24.829999923706055,24.852500915527344,277596000
2014-08-20,22.158098220825195,25.142499923706055,25.272499084472656,24.987499237060547,25.110000610351562,210796000
2014-08-21,22.160310745239258,25.145000457763672,25.235000610351562,25.02750015258789,25.142499923706055,133912000
2014-08-22,22.323341369628906,25.329999923706055,25.36750030517578,25.047500610351562,25.072500228881836,176736000
2014-08-25,22.371826171875,25.385000228881836,25.542499542236328,25.31999969482422,25.447500228881836,161080000
2014-08-26,22.22860336303711,25.22249984741211,25.375,25.21500015258789,25.354999542236328,132608000
2014-08-27,22.50181007385254,25.532499313354492,25.642499923706055,25.174999237060547,25.2549991607666,209476000
2014-08-28,22.528249740600586,25.5625,25.69499969482422,25.389999389648438,25.397499084472656,273840000
2014-08-29,22.58333969116211,25.625,25.725000381469727,25.549999237060547,25.71500015258789,178380000
2014-09-02,22.75959014892578,25.825000762939453,25.934999465942383,25.68000030517578,25.764999389648438,214256000
2014-09-03,21.798978805541992,24.735000610351562,25.799999237060547,24.645000457763672,25.774999618530273,501684000
2014-09-04,21.61830711364746,24.530000686645508,25.022499084472656,24.447500228881836,24.712499618530273,342872000
2014-09-05,21.805585861206055,24.74250030517578,24.84749984741211,24.577499389648438,24.700000762939453,233828000
2014-09-08,21.671186447143555,24.59000015258789,24.827499389648438,24.512500762939453,24.825000762939453,185426800
2014-09-09,21.589664459228516,24.497499465942383,25.770000457763672,24.03499984741211,24.770000457763672,759385200
2014-09-10,22.252849578857422,25.25,25.27750015258789,24.440000534057617,24.502500534057617,403478400
2014-09-11,22.34758758544922,25.357500076293945,25.360000610351562,24.905000686645508,25.102500915527344,249412400
2014-09-12,22.39826011657715,25.415000915527344,25.547500610351562,25.270000457763672,25.302499771118164,250504400
2014-09-15,22.391645431518555,25.407499313354492,25.762500762939453,25.360000610351562,25.702499389648438,245266000
2014-09-16,22.222002029418945,25.21500015258789,25.315000534057617,24.72249984741211,24.950000762939453,267632400
2014-09-17,22.38062858581543,25.395000457763672,25.450000762939453,25.147499084472656,25.3174991607666,243706000
2014-09-18,22.42690086364746,25.447500228881836,25.587499618530273,25.389999389648438,25.482500076293945,149197600
2014-09-19,22.244029998779297,25.239999771118164,25.587499618530273,25.125,25.572500228881836,283609600
2014-09-22,22.266063690185547,25.264999389648438,25.53499984741211,25.145000457763672,25.450000762939453,211153600
2014-09-23,22.614177703857422,25.65999984741211,25.735000610351562,25.135000228881836,25.149999618530273,253608800
2014-09-24,22.4180908203125,25.4375,25.712499618530273,25.299999237060547,25.540000915527344,240687200
2014-09-25,21.5632266998291,24.467500686645508,25.177499771118164,24.43000030517578,25.127500534057617,400368000
2014-09-26,22.197763442993164,25.1875,25.1875,24.600000381469727,24.63249969482422,249482000
2014-09-29,22.056753158569336,25.02750015258789,25.110000610351562,24.657499313354492,24.662500381469727,199065200
2014-09-30,22.197763442993164,25.1875,25.385000228881836,25.13249969482422,25.202499389648438,221056400
2014-10-01,21.851848602294922,24.795000076293945,25.172500610351562,24.674999237060547,25.147499084472656,205965200
2014-10-02,22.0104923248291,24.975000381469727,25.05500030517578,24.510000228881836,24.8174991607666,191031200
2014-10-03,21.948795318603516,24.905000686645508,25.052499771118164,24.760000228881836,24.860000610351562,173878400
2014-10-06,21.948795318603516,24.905000686645508,25.162500381469727,24.854999542236328,24.987499237060547,148204800
2014-10-07,21.75711441040039,24.6875,25.030000686645508,24.6825008392334,24.857500076293945,168376800
2014-10-08,22.208776473999023,25.200000762939453,25.27750015258789,24.577499389648438,24.690000534057617,229618800
2014-10-09,22.257246017456055,25.2549991607666,25.594999313354492,25.15250015258789,25.385000228881836,309506000
2014-10-10,22.193361282348633,25.1825008392334,25.50749969482422,25.075000762939453,25.172500610351562,265326400
2014-10-13,21.990659713745117,24.952499389648438,25.44499969482422,24.952499389648438,25.332500457763672,214333600
2014-10-14,21.75711441040039,24.6875,25.1299991607666,24.642499923706055,25.09749984741211,254754400
2014-10-15,21.490520477294922,24.385000228881836,24.787500381469727,23.795000076293945,24.49250030517578,403734400
2014-10-16,21.20850372314453,24.065000534057617,24.43000030517578,23.852500915527344,23.887500762939453,288618000
2014-10-17,21.5191593170166,24.417499542236328,24.75,24.202499389648438,24.375,272718800
2014-10-20,21.979637145996094,24.940000534057617,24.989999771118164,24.55500030517578,24.579999923706055,310069200
2014-10-21,22.576719284057617,25.61750030517578,25.7549991607666,25.3174991607666,25.7549991607666,378495600
2014-10-22,22.69129753112793,25.747499465942383,26.02750015258789,25.649999618530273,25.709999084472656,273052400
2014-10-23,23.09668731689453,26.207500457763672,26.262500762939453,25.907499313354492,26.020000457763672,284298800
2014-10-24,23.182615280151367,26.30500030517578,26.372499465942383,26.13249969482422,26.295000076293945,188215600
2014-10-27,23.15838050842285,26.27750015258789,26.3700008392334,26.174999237060547,26.212499618530273,136750800
2014-10-28,23.517505645751953,26.684999465942383,26.684999465942383,26.337499618530273,26.350000381469727,192243600
2014-10-29,23.64970588684082,26.834999084472656,26.842500686645508,26.59000015258789,26.662500381469727,210751600
2014-10-30,23.570388793945312,26.7450008392334,26.837499618530273,26.475000381469727,26.739999771118164,162619200
2014-10-31,23.795120239257812,27.0,27.010000228881836,26.802499771118164,27.002500534057617,178557200
2014-11-03,24.10357093811035,27.350000381469727,27.575000762939453,27.002500534057617,27.05500030517578,209130400
2014-11-04,23.92731475830078,27.149999618530273,27.372499465942383,26.93000030517578,27.34000015258789,166297600
2014-11-05,23.984596252441406,27.21500015258789,27.325000762939453,27.032499313354492,27.274999618530273,149743600
2014-11-06,24.053197860717773,27.174999237060547,27.197500228881836,26.950000762939453,27.149999618530273,139874000
2014-11-07,24.121789932250977,27.252500534057617,27.329999923706055,27.137500762939453,27.1875,134766000
2014-11-10,24.081954956054688,27.207500457763672,27.332500457763672,27.167499542236328,27.2549991607666,108782000
2014-11-11,24.274484634399414,27.424999237060547,27.4375,27.100000381469727,27.174999237060547,109769200
2014-11-12,24.617464065551758,27.8125,27.857500076293945,27.342500686645508,27.344999313354492,187769600
2014-11-13,24.964879989624023,28.204999923706055,28.362499237060547,27.899999618530273,27.950000762939453,238091600
2014-11-14,25.265819549560547,28.545000076293945,28.547500610351562,27.802499771118164,28.287500381469727,176254400
2014-11-17,25.223772048950195,28.497499465942383,29.31999969482422,28.325000762939453,28.5674991607666,186986800
2014-11-18,25.551271438598633,28.86750030517578,28.922500610351562,28.47249984741211,28.485000610351562,176896000
2014-11-19,25.374242782592773,28.667499542236328,28.934999465942383,28.450000762939453,28.860000610351562,167476800
2014-11-20,25.737146377563477,29.077499389648438,29.21500015258789,28.712499618530273,28.727500915527344,173582000
2014-11-21,25.772546768188477,29.11750030517578,29.392499923706055,29.00749969482422,29.377500534057617,228717200
2014-11-24,26.250516891479492,29.657499313354492,29.6924991607666,29.155000686645508,29.212499618530273,189803200
2014-11-25,26.022592544555664,29.399999618530273,29.9375,29.362499237060547,29.767499923706055,275361600
2014-11-26,26.332386016845703,29.75,29.774999618530273,29.457500457763672,29.485000610351562,163073200
2014-11-28,26.3169002532959,29.732500076293945,29.850000381469727,29.512500762939453,29.8174991607666,99257600
2014-12-01,25.462753295898438,28.767499923706055,29.8125,27.8174991607666,29.702499389648438,335256000
2014-12-02,25.36539077758789,28.657499313354492,28.9375,28.1875,28.375,237395600
2014-12-03,25.65305519104004,28.982500076293945,29.087499618530273,28.77750015258789,28.9375,172253600
2014-12-04,25.555683135986328,28.872499465942383,29.299999237060547,28.822500228881836,28.9424991607666,168178000
2014-12-05,25.447265625,28.75,29.020000457763672,28.65999984741211,28.997499465942383,153275600
2014-12-08,24.871932983398438,28.100000381469727,28.662500381469727,27.905000686645508,28.524999618530273,230659600
2014-12-09,25.252534866333008,28.530000686645508,28.575000762939453,27.337499618530273,27.547500610351562,240832000
2014-12-10,24.772356033325195,27.987499237060547,28.712499618530273,27.885000228881836,28.602500915527344,178261200
2014-12-11,24.699337005615234,27.905000686645508,28.450000762939453,27.834999084472656,28.065000534057617,165606800
2014-12-12,24.28112030029297,27.4325008392334,27.967500686645508,27.395000457763672,27.614999771118164,224112400
2014-12-15,23.94919776916504,27.0575008392334,27.899999618530273,26.587499618530273,27.674999237060547,268872400
2014-12-16,23.621700286865234,26.6875,27.540000915527344,26.565000534057617,26.592500686645508,243162800
2014-12-17,24.210309982299805,27.352500915527344,27.459999084472656,26.704999923706055,26.780000686645508,213647200
2014-12-18,24.927249908447266,28.162500381469727,28.162500381469727,27.665000915527344,27.967500686645508,236024800
2014-12-19,24.734743118286133,27.94499969482422,28.309999465942383,27.915000915527344,28.065000534057617,353719200
2014-12-22,24.99142074584961,28.235000610351562,28.372499465942383,27.99250030517578,28.040000915527344,180670000
2014-12-23,24.90291404724121,28.135000228881836,28.332500457763672,28.114999771118164,28.3075008392334,104113600
2014-12-24,24.78563117980957,28.002500534057617,28.177499771118164,28.002500534057617,28.145000457763672,57918400
2014-12-26,25.223772048950195,28.497499465942383,28.6299991607666,28.002500534057617,28.024999618530273,134884000
2014-12-29,25.206069946289062,28.477500915527344,28.6924991607666,28.424999237060547,28.447500228881836,110395600
2014-12-30,24.898488998413086,28.1299991607666,28.479999542236328,28.02750015258789,28.40999984741211,119526000
2014-12-31,24.424949645996094,27.594999313354492,28.282499313354492,27.552499771118164,28.204999923706055,165613600
2015-01-02,24.192602157592773,27.332500457763672,27.860000610351562,26.837499618530273,27.84749984741211,212818400
2015-01-05,23.51105308532715,26.5625,27.162500381469727,26.352500915527344,27.072500228881836,257142000
2015-01-06,23.513259887695312,26.565000534057617,26.857500076293945,26.157499313354492,26.635000228881836,263188400
2015-01-07,23.842975616455078,26.9375,27.049999237060547,26.674999237060547,26.799999237060547,160423600
2015-01-08,24.759082794189453,27.97249984741211,28.037500381469727,27.174999237060547,27.3075008392334,237458000
2015-01-09,24.78563117980957,28.002500534057617,28.3125,27.552499771118164,28.167499542236328,214798000
2015-01-12,24.174901962280273,27.3125,28.157499313354492,27.200000762939453,28.149999618530273,198603200
2015-01-13,24.38953971862793,27.55500030517578,28.200000762939453,27.227500915527344,27.857500076293945,268367600
2015-01-14,24.296607971191406,27.450000762939453,27.622499465942383,27.125,27.260000228881836,195826400
2015-01-15,23.637184143066406,26.704999923706055,27.514999389648438,26.665000915527344,27.5,240056000
2015-01-16,23.453521728515625,26.497499465942383,26.895000457763672,26.299999237060547,26.75749969482422,314053200
2015-01-20,24.057619094848633,27.18000030517578,27.24250030517578,26.625,26.959999084472656,199599600
2015-01-21,24.241283416748047,27.387500762939453,27.764999389648438,27.0674991607666,27.237499237060547,194303600
2015-01-22,24.871932983398438,28.100000381469727,28.11750030517578,27.43000030517578,27.565000534057617,215185600
2015-01-23,25.00027847290039,28.2450008392334,28.4375,27.88249969482422,28.075000762939453,185859200
2015-01-26,25.026826858520508,28.274999618530273,28.59000015258789,28.200000762939453,28.434999465942383,222460000
2015-01-27,24.150562286376953,27.28499984741211,28.1200008392334,27.25749969482422,28.104999542236328,382274800
2015-01-28,25.51586151123047,28.827499389648438,29.530000686645508,28.827499389648438,29.407499313354492,585908400
2015-01-29,26.310260772705078,29.725000381469727,29.797500610351562,28.889999389648438,29.079999923706055,337745600
2015-01-30,25.925230026245117,29.290000915527344,30.0,29.212499618530273,29.600000381469727,334982000
2015-02-02,26.250516891479492,29.657499313354492,29.792499542236328,29.020000457763672,29.512500762939453,250956400
2015-02-03,26.25493621826172,29.662500381469727,29.772499084472656,29.40250015258789,29.625,207662800
2015-02-04,26.456302642822266,29.889999389648438,30.127500534057617,29.577499389648438,29.625,280598800
2015-02-05,26.6451358795166,29.985000610351562,30.0575008392334,29.8125,30.0049991607666,168984800
2015-02-06,26.420759201049805,29.732500076293945,30.0625,29.612499237060547,30.0049991607666,174826400
2015-02-09,26.59625816345215,29.93000030517578,29.959999084472656,29.607500076293945,29.637500762939453,155559200
2015-02-10,27.10721206665039,30.5049991607666,30.537500381469727,30.040000915527344,30.042499542236328,248034000
2015-02-11,27.74257469177246,31.219999313354492,31.229999542236328,30.625,30.6924991607666,294247200
2015-02-12,28.093585968017578,31.614999771118164,31.8700008392334,31.392499923706055,31.514999389648438,297898000
2015-02-13,28.231313705444336,31.770000457763672,31.81999969482422,31.412500381469727,31.81999969482422,217088800
2015-02-17,28.397930145263672,31.957500457763672,32.220001220703125,31.729999542236328,31.872499465942383,252609600
2015-02-18,28.595645904541016,32.18000030517578,32.19499969482422,31.862499237060547,31.907499313354492,179566800
2015-02-19,28.53566551208496,32.11249923706055,32.25749969482422,32.08250045776367,32.119998931884766,149449600
2015-02-20,28.768932342529297,32.375,32.375,32.01250076293945,32.154998779296875,195793600
2015-02-23,29.54646110534668,33.25,33.25,32.415000915527344,32.505001068115234,283896400
2015-02-24,29.36208152770996,33.04249954223633,33.400001525878906,32.79249954223633,33.23500061035156,276912400
2015-02-25,28.6112003326416,32.1974983215332,32.900001525878906,32.037498474121094,32.88999938964844,298846800
2015-02-26,28.973308563232422,32.60499954223633,32.717498779296875,31.65250015258789,32.1974983215332,365150000
2015-02-27,28.537891387939453,32.1150016784668,32.64250183105469,32.060001373291016,32.5,248059200
2015-03-02,28.677837371826172,32.272499084472656,32.56999969482422,32.07500076293945,32.3125,192386800
2015-03-03,28.737825393676758,32.34000015258789,32.380001068115234,32.022499084472656,32.2400016784668,151265200
2015-03-04,28.55565643310547,32.1349983215332,32.38999938964844,32.08000183105469,32.275001525878906,126665200
2015-03-05,28.082469940185547,31.602500915527344,32.1875,31.440000534057617,32.14500045776367,226068400
2015-03-06,28.124677658081055,31.649999618530273,32.342498779296875,31.565000534057617,32.099998474121094,291368400
2015-03-09,28.24464988708496,31.78499984741211,32.39250183105469,31.264999389648438,31.989999771118164,354114000
2015-03-10,27.66037940979004,31.127500534057617,31.80500030517578,30.950000762939453,31.602500915527344,275426400
2015-03-11,27.156085968017578,30.559999465942383,31.1924991607666,30.52750015258789,31.1875,275756000
2015-03-12,27.64704704284668,31.112499237060547,31.225000381469727,30.407499313354492,30.577499389648438,193450800
2015-03-13,27.455991744995117,30.897499084472656,31.350000381469727,30.645000457763672,31.100000381469727,207309200
2015-03-16,27.75812339782715,31.237499237060547,31.237499237060547,30.717500686645508,30.969999313354492,143497200
2015-03-17,28.222423553466797,31.760000228881836,31.829999923706055,31.412500381469727,31.475000381469727,204092400
2015-03-18,28.540103912353516,32.11750030517578,32.290000915527344,31.592500686645508,31.75,261083600
2015-03-19,28.324617385864258,31.875,32.3125,31.850000381469727,32.1875,183238000
2015-03-20,27.969167709350586,31.475000381469727,32.099998474121094,31.290000915527344,32.0625,274780400
2015-03-23,28.260194778442383,31.802499771118164,31.962499618530273,31.6299991607666,31.780000686645508,150838800
2015-03-24,28.144676208496094,31.672500610351562,32.0099983215332,31.639999389648438,31.8075008392334,131369200
2015-03-25,27.409347534179688,30.844999313354492,31.704999923706055,30.844999313354492,31.635000228881836,206620800
2015-03-26,27.60040283203125,31.059999465942383,31.219999313354492,30.649999618530273,30.690000534057617,190291600
2015-03-27,27.380462646484375,30.8125,31.174999237060547,30.727500915527344,31.142499923706055,158184800
2015-03-30,28.073585510253906,31.592500686645508,31.600000381469727,31.0,31.012500762939453,188398800
2015-03-31,27.642606735229492,31.107500076293945,31.622499465942383,31.09000015258789,31.522499084472656,168362400
2015-04-01,27.602609634399414,31.0625,31.280000686645508,30.774999618530273,31.204999923706055,162485600
2015-04-02,27.840328216552734,31.329999923706055,31.389999389648438,31.047500610351562,31.25749969482422,128880400
2015-04-06,28.29129409790039,31.837499618530273,31.877500534057617,31.082500457763672,31.11750030517578,148776000
2015-04-07,27.99361228942871,31.502500534057617,32.029998779296875,31.4950008392334,31.90999984741211,140049200
2015-04-08,27.902528762817383,31.399999618530273,31.600000381469727,31.24250030517578,31.462499618530273,149316800
2015-04-09,28.11578941345215,31.639999389648438,31.645000457763672,31.165000915527344,31.462499618530273,129936000
2015-04-10,28.235763549804688,31.774999618530273,31.802499771118164,31.315000534057617,31.487499237060547,160752000
2015-04-13,28.180217742919922,31.712499618530273,32.14250183105469,31.65250015258789,32.092498779296875,145460400
2015-04-14,28.058027267456055,31.575000762939453,31.822500228881836,31.477500915527344,31.75,102098400
2015-04-15,28.1646671295166,31.69499969482422,31.782499313354492,31.502500534057617,31.602500915527344,115881600
2015-04-16,28.029151916503906,31.542499542236328,31.774999618530273,31.52750015258789,31.56999969482422,113476000
2015-04-17,27.713693618774414,31.1875,31.53499984741211,31.114999771118164,31.387500762939453,207828000
2015-04-20,28.346834182739258,31.899999618530273,32.029998779296875,31.292499542236328,31.392499923706055,188217200
2015-04-21,28.193546295166016,31.727500915527344,32.04999923706055,31.667499542236328,32.025001525878906,129740400
2015-04-22,28.57342529296875,32.154998779296875,32.217498779296875,31.579999923706055,31.747499465942383,150618000
2015-04-23,28.806684494018555,32.41749954223633,32.60499954223633,32.03499984741211,32.07500076293945,183083600
2015-04-24,28.942211151123047,32.56999969482422,32.657501220703125,32.307498931884766,32.622501373291016,178103600
2015-04-27,29.468706130981445,33.162498474121094,33.282501220703125,32.787498474121094,33.07749938964844,387816800
2015-04-28,29.004411697387695,32.63999938964844,33.6349983215332,32.39250183105469,33.6150016784668,475696000
2015-04-29,28.57787322998047,32.15999984741211,32.897499084472656,32.07500076293945,32.540000915527344,253544400
2015-04-30,27.80255699157715,31.287500381469727,32.15999984741211,31.145000457763672,32.15999984741211,332781600
2015-05-01,28.646743774414062,32.23749923706055,32.532501220703125,31.325000762939453,31.524999618530273,234050400
2015-05-04,28.591205596923828,32.17499923706055,32.64250183105469,32.064998626708984,32.375,203953200
2015-05-05,27.94695472717285,31.450000762939453,32.11249923706055,31.44499969482422,32.037498474121094,197085600
2015-05-06,27.77145767211914,31.252500534057617,31.6875,30.84000015258789,31.639999389648438,288564000
2015-05-07,27.943235397338867,31.315000534057617,31.520000457763672,31.0049991607666,31.1924991607666,175763600
2015-05-08,28.469701766967773,31.905000686645508,31.905000686645508,31.52750015258789,31.670000076293945,222201600
2015-05-11,28.179697036743164,31.579999923706055,31.889999389648438,31.407499313354492,31.84749984741211,168143200
2015-05-12,28.079309463500977,31.467500686645508,31.719999313354492,31.204999923706055,31.399999618530273,192640000
2015-05-13,28.110544204711914,31.502500534057617,31.797500610351562,31.467500686645508,31.537500381469727,138776800
2015-05-14,28.766403198242188,32.23749923706055,32.23749923706055,31.790000915527344,31.852500915527344,180814000
2015-05-15,28.72624969482422,32.192501068115234,32.372501373291016,32.0525016784668,32.26750183105469,152832000
2015-05-18,29.043025970458984,32.54750061035156,32.68000030517578,32.09000015258789,32.095001220703125,203531600
2015-05-19,29.016250610351562,32.51750183105469,32.720001220703125,32.40999984741211,32.67250061035156,178532800
2015-05-20,29.014022827148438,32.51499938964844,32.744998931884766,32.334999084472656,32.5,145819600
2015-05-21,29.310718536376953,32.84749984741211,32.907501220703125,32.45750045776367,32.51750183105469,158921600
2015-05-22,29.5672550201416,33.1349983215332,33.24250030517578,32.849998474121094,32.900001525878906,182384000
2015-05-26,28.915863037109375,32.404998779296875,33.227500915527344,32.279998779296875,33.150001525878906,282790400
2015-05-27,29.45572853088379,33.0099983215332,33.064998626708984,32.51250076293945,32.584999084472656,183332800
2015-05-28,29.397724151611328,32.94499969482422,32.98749923706055,32.775001525878906,32.96500015258789,122933200
2015-05-29,29.0631046295166,32.56999969482422,32.86249923706055,32.474998474121094,32.807498931884766,203538000
2015-06-01,29.121103286743164,32.6349983215332,32.84749984741211,32.51250076293945,32.56999969482422,128451200
2015-06-02,28.99171257019043,32.4900016784668,32.665000915527344,32.33000183105469,32.46500015258789,134670400
2015-06-03,29.027400970458984,32.529998779296875,32.73500061035156,32.474998474121094,32.665000915527344,123934000
2015-06-04,28.857866287231445,32.34000015258789,32.64500045776367,32.227500915527344,32.39500045776367,153800400
2015-06-05,28.699478149414062,32.162498474121094,32.42250061035156,32.09000015258789,32.375,142507200
2015-06-08,28.50986099243164,31.950000762939453,32.3025016784668,31.707500457763672,32.224998474121094,210699200
2015-06-09,28.425085067749023,31.854999542236328,32.02000045776367,31.405000686645508,31.674999237060547,224301600
2015-06-10,28.750791549682617,32.220001220703125,32.334999084472656,31.962499618530273,31.979999542236328,156349200
2015-06-11,28.686092376708984,32.147499084472656,32.54499816894531,32.119998931884766,32.29499816894531,141563600
2015-06-12,28.369314193725586,31.792499542236328,32.08250045776367,31.77750015258789,32.04750061035156,147544800
2015-06-15,28.31354331970215,31.729999542236328,31.809999465942383,31.427499771118164,31.524999618530273,175955600
2015-06-16,28.465242385864258,31.899999618530273,31.962499618530273,31.592500686645508,31.75749969482422,125976400
2015-06-17,28.3983154296875,31.825000762939453,31.969999313354492,31.684999465942383,31.93000030517578,131672400
2015-06-18,28.52770233154297,31.969999313354492,32.07749938964844,31.80500030517578,31.8075008392334,141628800
2015-06-19,28.242158889770508,31.649999618530273,31.954999923706055,31.600000381469727,31.927499771118164,218867600
2015-06-22,28.467464447021484,31.90250015258789,32.01499938964844,31.770000457763672,31.872499465942383,136157200
2015-06-23,28.33808708190918,31.75749969482422,31.90250015258789,31.719999313354492,31.8700008392334,121075600
2015-06-24,28.579011917114258,32.02750015258789,32.45000076293945,31.780000686645508,31.802499771118164,221123600
2015-06-25,28.44293212890625,31.875,32.29999923706055,31.875,32.21500015258789,127752400
2015-06-26,28.275617599487305,31.6875,31.997499465942383,31.627500534057617,31.917499542236328,176267200
2015-06-29,27.78038215637207,31.13249969482422,31.61750030517578,31.1200008392334,31.364999771118164,196645600
2015-06-30,27.981143951416016,31.357500076293945,31.530000686645508,31.21500015258789,31.392499923706055,177482800
2015-07-01,28.242158889770508,31.649999618530273,31.735000610351562,31.497499465942383,31.725000381469727,120955200
2015-07-02,28.206464767456055,31.610000610351562,31.672500610351562,31.4424991607666,31.607500076293945,108844000
2015-07-06,28.108304977416992,31.5,31.5575008392334,31.212499618530273,31.235000610351562,112241600
2015-07-07,28.039159774780273,31.422500610351562,31.537500381469727,30.9424991607666,31.47249984741211,187787200
2015-07-08,27.343135833740234,30.642499923706055,31.15999984741211,30.635000228881836,31.1200008392334,243046400
2015-07-09,26.785436630249023,30.017499923706055,31.014999389648438,29.80500030517578,30.962499618530273,314380000
2015-07-10,27.50152587890625,30.81999969482422,30.962499618530273,30.302499771118164,30.485000610351562,245418000
2015-07-13,28.032466888427734,31.415000915527344,31.440000534057617,31.079999923706055,31.25749969482422,165762000
2015-07-14,28.021299362182617,31.40250015258789,31.592500686645508,31.260000228881836,31.510000228881836,127072400
2015-07-15,28.291242599487305,31.704999923706055,31.787500381469727,31.395000457763672,31.43000030517578,134596800
2015-07-16,28.668249130249023,32.127498626708984,32.14250183105469,31.837499618530273,31.934999465942383,144889600
2015-07-17,28.915863037109375,32.404998779296875,32.404998779296875,32.07749938964844,32.27000045776367,184658800
2015-07-20,29.462421417236328,33.01750183105469,33.24250030517578,32.67499923706055,32.74250030517578,235600800
2015-07-21,29.167949676513672,32.6875,33.22999954223633,32.58000183105469,33.212501525878906,307025600
2015-07-22,27.934307098388672,31.30500030517578,31.375,30.497499465942383,30.497499465942383,461802400
2015-07-23,27.92091941833496,31.290000915527344,31.772499084472656,31.264999389648438,31.549999237060547,203998000
2015-07-24,27.7736873626709,31.125,31.434999465942383,30.975000381469727,31.329999923706055,168649200
2015-07-27,27.387754440307617,30.6924991607666,30.90250015258789,30.530000686645508,30.772499084472656,177822000
2015-07-28,27.523834228515625,30.844999313354492,30.977500915527344,30.637500762939453,30.844999313354492,134472400
2015-07-29,27.43682861328125,30.747499465942383,30.875,30.5674991607666,30.787500381469727,148046800
2015-07-30,27.29852294921875,30.592500686645508,30.642499923706055,30.427499771118164,30.579999923706055,134513200
2015-07-31,27.059831619262695,30.325000762939453,30.65999984741211,30.227500915527344,30.649999618530273,171540000
2015-08-03,26.421815872192383,29.610000610351562,30.642499923706055,29.3799991607666,30.375,279904000
2015-08-04,25.5740966796875,28.65999984741211,29.424999237060547,28.3125,29.354999542236328,496554400
2015-08-05,25.743650436401367,28.850000381469727,29.360000610351562,28.024999618530273,28.237499237060547,397250400
2015-08-06,25.799665451049805,28.782499313354492,29.125,28.530000686645508,28.99250030517578,211612000
2015-08-07,25.88705825805664,28.8799991607666,29.0625,28.625,28.645000457763672,154681600
2015-08-10,26.828243255615234,29.93000030517578,29.997499465942383,29.13249969482422,29.13249969482422,219806400
2015-08-11,25.432151794433594,28.372499465942383,29.545000076293945,28.332500457763672,29.452499389648438,388331200
2015-08-12,25.824312210083008,28.809999465942383,28.854999542236328,27.407499313354492,28.13249969482422,404870000
2015-08-13,25.80414581298828,28.787500381469727,29.100000381469727,28.635000228881836,29.010000228881836,194143200
2015-08-14,25.985658645629883,28.989999771118164,29.077499389648438,28.502500534057617,28.579999923706055,171718000
2015-08-17,26.25457000732422,29.290000915527344,29.412500381469727,28.875,29.010000228881836,163538800
2015-08-18,26.106666564941406,29.125,29.360000610351562,29.002500534057617,29.107500076293945,138242800
2015-08-19,25.77277374267578,28.752500534057617,29.1299991607666,28.670000076293945,29.024999618530273,193146000
2015-08-20,25.243913650512695,28.162500381469727,28.587499618530273,27.907499313354492,28.520000457763672,274006400
2015-08-21,23.699932098388672,26.440000534057617,27.975000381469727,26.412500381469727,27.607500076293945,513102000
2015-08-24,23.108325958251953,25.780000686645508,27.200000762939453,23.0,23.717500686645508,648825200
2015-08-25,23.24726104736328,25.934999465942383,27.77750015258789,25.875,27.77750015258789,414406400
2015-08-26,24.580608367919922,27.422500610351562,27.47249984741211,26.262500762939453,26.772499084472656,387098400
2015-08-27,25.304424285888672,28.229999542236328,28.309999465942383,27.5049991607666,28.0575008392334,338464400
2015-08-28,25.387338638305664,28.322500228881836,28.327499389648438,27.885000228881836,28.042499542236328,212657600
2015-08-31,25.268571853637695,28.190000534057617,28.63249969482422,28.0,28.00749969482422,224917200
2015-09-01,24.139144897460938,26.93000030517578,27.969999313354492,26.84000015258789,27.537500381469727,307383600
2015-09-02,25.174442291259766,28.084999084472656,28.084999084472656,27.282499313354492,27.5575008392334,247555200
2015-09-03,24.73299217224121,27.592500686645508,28.19499969482422,27.510000228881836,28.122499465942383,212935600
2015-09-04,24.486486434936523,27.3174991607666,27.612499237060547,27.127500534057617,27.24250030517578,199985200
2015-09-08,25.167720794677734,28.077499389648438,28.139999389648438,27.579999923706055,27.9375,219374400
2015-09-09,24.683683395385742,27.537500381469727,28.5049991607666,27.4424991607666,28.440000534057617,340043200
2015-09-10,25.225988388061523,28.142499923706055,28.31999969482422,27.475000381469727,27.5674991607666,251571200
2015-09-11,25.593496322631836,28.552499771118164,28.552499771118164,27.940000534057617,27.947500228881836,199662000
2015-09-14,25.840003967285156,28.827499389648438,29.22249984741211,28.71500015258789,29.145000457763672,233453600
2015-09-15,26.057369232177734,29.06999969482422,29.13249969482422,28.604999542236328,28.982500076293945,173364800
2015-09-16,26.08650016784668,29.102500915527344,29.135000228881836,28.860000610351562,29.0625,148694000
2015-09-17,25.52851676940918,28.479999542236328,29.122499465942383,28.43000030517578,28.915000915527344,256450400
2015-09-18,25.42319107055664,28.362499237060547,28.575000762939453,27.967500686645508,28.052499771118164,297141200
2015-09-21,25.817594528198242,28.802499771118164,28.842500686645508,28.415000915527344,28.417499542236328,200888000
2015-09-22,25.4119873046875,28.350000381469727,28.545000076293945,28.1299991607666,28.344999313354492,201384800
2015-09-23,25.61815643310547,28.579999923706055,28.68000030517578,28.325000762939453,28.407499313354492,143026800
2015-09-24,25.77053451538086,28.75,28.875,28.092500686645508,28.3125,200878000
2015-09-25,25.70554542541504,28.677499771118164,29.172500610351562,28.5049991607666,29.110000610351562,224607600
2015-09-28,25.196857452392578,28.110000610351562,28.642499923706055,28.110000610351562,28.462499618530273,208436000
2015-09-29,24.439424514770508,27.264999389648438,28.377500534057617,26.96500015258789,28.207500457763672,293461600
2015-09-30,24.717308044433594,27.575000762939453,27.885000228881836,27.1825008392334,27.542499542236328,265892000
2015-10-01,24.55595588684082,27.395000457763672,27.405000686645508,26.827499389648438,27.267499923706055,255716400
2015-10-02,24.735231399536133,27.594999313354492,27.752500534057617,26.887500762939453,27.002500534057617,232079200
2015-10-05,24.824867248535156,27.69499969482422,27.842500686645508,27.267499923706055,27.469999313354492,208258800
2015-10-06,24.943634033203125,27.827499389648438,27.934999465942383,27.4424991607666,27.657499313354492,192787200
2015-10-07,24.824867248535156,27.69499969482422,27.9424991607666,27.352500915527344,27.934999465942383,187062400
2015-10-08,24.53803062438965,27.375,27.547500610351562,27.052499771118164,27.547500610351562,247918400
2015-10-09,25.125152587890625,28.030000686645508,28.06999969482422,27.372499465942383,27.5,211064400
2015-10-12,25.00861930847168,27.899999618530273,28.1875,27.860000610351562,28.1825008392334,121868800
2015-10-13,25.051198959350586,27.947500228881836,28.112499237060547,27.670000076293945,27.704999923706055,132197200
2015-10-14,24.69713592529297,27.552499771118164,27.8799991607666,27.389999389648438,27.822500228881836,177849600
2015-10-15,25.06688690185547,27.96500015258789,28.024999618530273,27.622499465942383,27.732500076293945,150694000
2015-10-16,24.883134841918945,27.760000228881836,28.0,27.63249969482422,27.94499969482422,156930400
2015-10-19,25.03775978088379,27.9325008392334,27.9375,27.52750015258789,27.700000762939453,119036800
2015-10-20,25.494895935058594,28.4424991607666,28.542499542236328,27.704999923706055,27.834999084472656,195871200
2015-10-21,25.492658615112305,28.440000534057617,28.895000457763672,28.424999237060547,28.5,167180800
2015-10-22,25.882577896118164,28.875,28.875,28.524999618530273,28.582500457763672,166616400
2015-10-23,26.684831619262695,29.770000457763672,29.8075008392334,29.082500457763672,29.174999237060547,237467600
2015-10-26,25.833280563354492,28.81999969482422,29.532499313354492,28.729999542236328,29.520000457763672,265335200
2015-10-27,25.669694900512695,28.637500762939453,29.135000228881836,28.497499465942383,28.850000381469727,279537600
2015-10-28,26.72740364074707,29.8174991607666,29.825000762939453,29.014999389648438,29.232500076293945,342205600
2015-10-29,27.009761810302734,30.13249969482422,30.172500610351562,29.5674991607666,29.674999237060547,204909200
2015-10-30,26.778945922851562,29.875,30.30500030517578,29.862499237060547,30.247499465942383,197461200
2015-11-02,27.155427932739258,30.295000076293945,30.34000015258789,29.90250015258789,30.200000762939453,128813200
2015-11-03,27.466901779174805,30.642499923706055,30.872499465942383,30.174999237060547,30.197500228881836,182076000
2015-11-04,27.33917808532715,30.5,30.954999923706055,30.405000686645508,30.782499313354492,179544400
2015-11-05,27.213146209716797,30.229999542236328,30.672500610351562,30.045000076293945,30.462499618530273,158210800
2015-11-06,27.244651794433594,30.264999389648438,30.452499389648438,30.155000686645508,30.27750015258789,132169200
2015-11-09,27.134376525878906,30.142499923706055,30.452499389648438,30.012500762939453,30.239999771118164,135485600
2015-11-10,26.279184341430664,29.1924991607666,29.517499923706055,29.014999389648438,29.225000381469727,236511600
2015-11-11,26.130651473999023,29.02750015258789,29.354999542236328,28.802499771118164,29.092500686645508,180872000
2015-11-12,26.042884826660156,28.93000030517578,29.204999923706055,28.912500381469727,29.065000534057617,130102400
2015-11-13,25.282203674316406,28.084999084472656,28.892499923706055,28.0674991607666,28.799999237060547,183249600
2015-11-16,25.696304321289062,28.545000076293945,28.559999465942383,27.75,27.844999313354492,152426800
2015-11-17,25.586029052734375,28.422500610351562,28.762500762939453,28.329999923706055,28.729999542236328,110467600
2015-11-18,26.396211624145508,29.322500228881836,29.372499465942383,28.875,28.940000534057617,186698800
2015-11-19,26.73153305053711,29.69499969482422,29.9375,29.190000534057617,29.40999984741211,173183200
2015-11-20,26.848560333251953,29.825000762939453,29.979999542236328,29.712499618530273,29.799999237060547,137148400
2015-11-23,26.499738693237305,29.4375,29.9325008392334,29.334999084472656,29.8174991607666,129930000
2015-11-24,26.754045486450195,29.719999313354492,29.837499618530273,29.280000686645508,29.332500457763672,171212800
2015-11-25,26.5627498626709,29.50749969482422,29.8075008392334,29.479999542236328,29.802499771118164,85553200
2015-11-27,26.51323890686035,29.452499389648438,29.602500915527344,29.399999618530273,29.572500228881836,52185600
2015-11-30,26.623510360717773,29.575000762939453,29.852500915527344,29.4375,29.497499465942383,156721200
2015-12-01,26.407461166381836,29.334999084472656,29.702499389648438,29.21500015258789,29.6875,139409600
2015-12-02,26.16891098022461,29.06999969482422,29.52750015258789,29.020000457763672,29.334999084472656,133546400
2015-12-03,25.92584800720215,28.799999237060547,29.197500228881836,28.55500030517578,29.137500762939453,166278000
2015-12-04,26.787792205810547,29.75749969482422,29.8125,28.77750015258789,28.822500228881836,231108000
2015-12-07,26.619007110595703,29.56999969482422,29.96500015258789,29.452499389648438,29.7450008392334,128336800
2015-12-08,26.607759475708008,29.5575008392334,29.649999618530273,29.21500015258789,29.3799991607666,137238000
2015-12-09,26.020370483398438,28.905000686645508,29.422500610351562,28.770000457763672,29.40999984741211,185445600
2015-12-10,26.144153594970703,29.042499542236328,29.235000610351562,28.877500534057617,29.010000228881836,116850800
2015-12-11,25.47125244140625,28.295000076293945,28.84749984741211,28.212499618530273,28.797500610351562,187544800
2015-12-14,25.313716888427734,28.1200008392334,28.170000076293945,27.447500228881836,28.045000076293945,257274800
2015-12-15,24.865863800048828,27.622499465942383,28.200000762939453,27.587499618530273,27.985000610351562,213292400
2015-12-16,25.057153701782227,27.834999084472656,27.997499465942383,27.200000762939453,27.767499923706055,224954000
2015-12-17,24.52604103088379,27.2450008392334,28.0625,27.2450008392334,28.0049991607666,179091200
2015-12-18,23.862136840820312,26.50749969482422,27.3799991607666,26.452499389648438,27.227500915527344,385813200
2015-12-21,24.154699325561523,26.832500457763672,26.842500686645508,26.392499923706055,26.81999969482422,190362400
2015-12-22,24.132200241088867,26.8075008392334,26.93000030517578,26.612499237060547,26.850000381469727,131157600
2015-12-23,24.44277000427246,27.15250015258789,27.212499618530273,26.799999237060547,26.8174991607666,130629600
2015-12-24,24.312238693237305,27.00749969482422,27.25,26.987499237060547,27.25,54281600
2015-12-28,24.03993797302246,26.704999923706055,26.922500610351562,26.545000076293945,26.897499084472656,106816800
2015-12-29,24.472017288208008,27.184999465942383,27.357500076293945,26.71500015258789,26.739999771118164,123724800
2015-12-30,24.15245819091797,26.829999923706055,27.174999237060547,26.795000076293945,27.145000457763672,100855200
2015-12-31,23.6888484954834,26.315000534057617,26.75749969482422,26.204999923706055,26.752500534057617,163649200
2016-01-04,23.709102630615234,26.337499618530273,26.342500686645508,25.5,25.65250015258789,270597600
2016-01-05,23.114967346191406,25.677499771118164,26.462499618530273,25.602500915527344,26.4375,223164000
2016-01-06,22.66261863708496,25.174999237060547,25.592500686645508,24.967500686645508,25.139999389648438,273829600
2016-01-07,21.70615005493164,24.112499237060547,25.032499313354492,24.107500076293945,24.670000076293945,324377600
2016-01-08,21.820924758911133,24.239999771118164,24.77750015258789,24.190000534057617,24.637500762939453,283192000
2016-01-11,22.17424964904785,24.63249969482422,24.764999389648438,24.334999084472656,24.74250030517578,198957600
2016-01-12,22.49608039855957,24.989999771118164,25.172500610351562,24.709999084472656,25.137500762939453,196616800
2016-01-13,21.917699813842773,24.34749984741211,25.297500610351562,24.325000762939453,25.079999923706055,249758400
2016-01-14,22.397048950195312,24.8799991607666,25.1200008392334,23.934999465942383,24.489999771118164,252680400
2016-01-15,21.859188079833984,24.282499313354492,24.427499771118164,23.84000015258789,24.049999237060547,319335600
2016-01-19,21.753406524658203,24.165000915527344,24.662500381469727,23.875,24.602500915527344,212350800
2016-01-20,21.782672882080078,24.197500228881836,24.547500610351562,23.354999542236328,23.774999618530273,289337600
2016-01-21,21.67239761352539,24.075000762939453,24.469999313354492,23.735000610351562,24.264999389648438,208646000
2016-01-22,22.824649810791016,25.354999542236328,25.364999771118164,24.592500686645508,24.657499313354492,263202000
2016-01-25,22.379053115844727,24.860000610351562,25.38249969482422,24.802499771118164,25.3799991607666,207178000
2016-01-26,22.502832412719727,24.997499465942383,25.219999313354492,24.517499923706055,24.982500076293945,300308000
2016-01-27,21.02424430847168,23.354999542236328,24.157499313354492,23.334999084472656,24.010000228881836,533478800
2016-01-28,21.175033569335938,23.522499084472656,23.6299991607666,23.09749984741211,23.447500228881836,222715200
2016-01-29,21.90644645690918,24.334999084472656,24.334999084472656,23.587499618530273,23.697500228881836,257666000
2016-02-01,21.701648712158203,24.107500076293945,24.177499771118164,23.850000381469727,24.11750030517578,163774000
2016-02-02,21.26280403137207,23.6200008392334,24.010000228881836,23.56999969482422,23.854999542236328,149428800
2016-02-03,21.68364143371582,24.087499618530273,24.209999084472656,23.520000457763672,23.75,183857200
2016-02-04,21.857873916625977,24.149999618530273,24.332500457763672,23.797500610351562,23.96500015258789,185886800
2016-02-05,21.27409553527832,23.5049991607666,24.229999542236328,23.422500610351562,24.1299991607666,185672400
2016-02-08,21.498104095458984,23.752500534057617,23.924999237060547,23.260000228881836,23.282499313354492,216085600
2016-02-09,21.49358558654785,23.747499465942383,23.985000610351562,23.482500076293945,23.572500228881836,177324800
2016-02-10,21.330659866333008,23.5674991607666,24.087499618530273,23.524999618530273,23.979999542236328,169374400
2016-02-11,21.201684951782227,23.424999237060547,23.68000030517578,23.147499084472656,23.447500228881836,200298800
2016-02-12,21.267301559448242,23.497499465942383,23.625,23.252500534057617,23.547500610351562,161405600
2016-02-16,21.866920471191406,24.15999984741211,24.212499618530273,23.65250015258789,23.7549991607666,196231600
2016-02-17,22.201807022094727,24.530000686645508,24.552499771118164,24.037500381469727,24.167499542236328,179452800
2016-02-18,21.780946731567383,24.065000534057617,24.72249984741211,24.022499084472656,24.709999084472656,156084000
2016-02-19,21.731170654296875,24.010000228881836,24.190000534057617,23.950000762939453,24.0,141496800
2016-02-22,21.921234130859375,24.219999313354492,24.225000381469727,23.979999542236328,24.077499389648438,137123200
2016-02-23,21.42569351196289,23.672500610351562,24.125,23.637500762939453,24.100000381469727,127770400
2016-02-24,21.74473762512207,24.024999618530273,24.094999313354492,23.329999923706055,23.4950008392334,145022800
2016-02-25,21.894079208374023,24.190000534057617,24.190000534057617,23.8125,24.012500762939453,110330800
2016-02-26,21.928020477294922,24.227500915527344,24.5049991607666,24.145000457763672,24.299999237060547,115964400
2016-02-29,21.87824058532715,24.172500610351562,24.5575008392334,24.162500381469727,24.21500015258789,140865200
2016-03-01,22.74712371826172,25.13249969482422,25.1924991607666,24.354999542236328,24.412500381469727,201628400
2016-03-02,22.796907424926758,25.1875,25.22249984741211,24.90999984741211,25.127500534057617,132678400
2016-03-03,22.966598510742188,25.375,25.427499771118164,25.112499237060547,25.145000457763672,147822800
2016-03-04,23.30827522277832,25.752500534057617,25.9375,25.342500686645508,25.592500686645508,184220400
2016-03-07,23.050329208374023,25.467500686645508,25.707500457763672,25.239999771118164,25.59749984741211,143315600
2016-03-08,22.86025047302246,25.25749969482422,25.440000534057617,25.100000381469727,25.19499969482422,126247600
2016-03-09,22.880634307861328,25.280000686645508,25.395000457763672,25.0674991607666,25.327499389648438,108806800
2016-03-10,22.891929626464844,25.292499542236328,25.559999465942383,25.037500381469727,25.352500915527344,134054400
2016-03-11,23.138578414916992,25.565000534057617,25.56999969482422,25.375,25.559999465942383,109632800
2016-03-14,23.197402954101562,25.6299991607666,25.727500915527344,25.44499969482422,25.477500915527344,100304400
2016-03-15,23.66351890563965,26.145000457763672,26.295000076293945,25.962499618530273,25.989999771118164,160270800
2016-03-16,23.978044509887695,26.49250030517578,26.577499389648438,26.147499084472656,26.15250015258789,153214000
2016-03-17,23.939579010009766,26.450000762939453,26.61750030517578,26.239999771118164,26.3799991607666,137682800
2016-03-18,23.96673011779785,26.479999542236328,26.625,26.297500610351562,26.584999084472656,176820800
2016-03-21,23.964468002319336,26.477500915527344,26.912500381469727,26.28499984741211,26.482500076293945,142010800
2016-03-22,24.147748947143555,26.68000030517578,26.822500228881836,26.302499771118164,26.3125,129777600
2016-03-23,24.014245986938477,26.532499313354492,26.767499923706055,26.475000381469727,26.6200008392334,102814000
2016-03-24,23.910160064697266,26.417499542236328,26.5625,26.22249984741211,26.36750030517578,104532000
2016-03-28,23.801557540893555,26.297500610351562,26.547500610351562,26.264999389648438,26.5,77645600
2016-03-29,24.36496353149414,26.920000076293945,26.947500228881836,26.219999313354492,26.22249984741211,124760400
2016-03-30,24.790361404418945,27.389999389648438,27.604999542236328,27.149999618530273,27.162500381469727,182404400
2016-03-31,24.66138458251953,27.247499465942383,27.475000381469727,27.219999313354492,27.43000030517578,103553600
2016-04-01,24.887653350830078,27.497499465942383,27.5,27.049999237060547,27.19499969482422,103496000
2016-04-04,25.143352508544922,27.780000686645508,28.047500610351562,27.5674991607666,27.604999542236328,149424800
2016-04-05,24.846925735473633,27.452499389648438,27.6825008392334,27.354999542236328,27.377500534057617,106314800
2016-04-06,25.10714340209961,27.739999771118164,27.7450008392334,27.299999237060547,27.5575008392334,105616400
2016-04-07,24.5595703125,27.135000228881836,27.604999542236328,27.030000686645508,27.487499237060547,127207600
2016-04-08,24.58671760559082,27.165000915527344,27.4424991607666,27.042499542236328,27.227500915527344,94326800
2016-04-11,24.668170928955078,27.2549991607666,27.65250015258789,27.207500457763672,27.24250030517578,117630000
2016-04-12,24.989479064941406,27.610000610351562,27.625,27.165000915527344,27.334999084472656,108929200
2016-04-13,25.351516723632812,28.010000228881836,28.084999084472656,27.700000762939453,27.700000762939453,133029200
2016-04-14,25.365097045898438,28.024999618530273,28.09749984741211,27.832500457763672,27.905000686645508,101895600
2016-04-15,24.855981826782227,27.462499618530273,28.075000762939453,27.4325008392334,28.02750015258789,187756000
2016-04-18,24.319713592529297,26.8700008392334,27.237499237060547,26.735000610351562,27.22249984741211,243286000
2016-04-19,24.190738677978516,26.727500915527344,27.0,26.5575008392334,26.969999313354492,129539600
2016-04-20,24.240520477294922,26.782499313354492,27.022499084472656,26.514999389648438,26.65999984741211,122444000
2016-04-21,23.978044509887695,26.49250030517578,26.732500076293945,26.3799991607666,26.732500076293945,126210000
2016-04-22,23.912424087524414,26.420000076293945,26.6200008392334,26.155000686645508,26.252500534057617,134732400
2016-04-25,23.77666473388672,26.270000457763672,26.412500381469727,26.127500534057617,26.25,112126400
2016-04-26,23.61147689819336,26.087499618530273,26.325000762939453,25.977500915527344,25.977500915527344,224064800
2016-04-27,22.133928298950195,24.454999923706055,24.677499771118164,23.920000076293945,24.0,458408400
2016-04-28,21.457366943359375,23.707500457763672,24.469999313354492,23.5625,24.40250015258789,328970800
2016-04-29,21.210739135742188,23.434999465942383,23.68000030517578,23.127500534057617,23.497499465942383,274126000
2016-05-02,21.188108444213867,23.40999984741211,23.520000457763672,23.100000381469727,23.49250030517578,192640400
2016-05-03,21.53656768798828,23.795000076293945,23.934999465942383,23.420000076293945,23.549999237060547,227325200
2016-05-04,21.312562942504883,23.547500610351562,23.975000381469727,23.454999923706055,23.799999237060547,164102000
2016-05-05,21.22605323791504,23.309999465942383,23.517499923706055,23.170000076293945,23.5,143562000
2016-05-06,21.107677459716797,23.18000030517578,23.362499237060547,22.962499618530273,23.342500686645508,174799600
2016-05-09,21.123605728149414,23.197500228881836,23.4424991607666,23.147499084472656,23.25,131745600
2016-05-10,21.26702308654785,23.354999542236328,23.392499923706055,23.02750015258789,23.332500457763672,134747200
2016-05-11,21.05986785888672,23.127500534057617,23.392499923706055,23.114999771118164,23.3700008392334,114876400
2016-05-12,20.565866470336914,22.584999084472656,23.19499969482422,22.36750030517578,23.18000030517578,305258800
2016-05-13,20.606853485107422,22.6299991607666,22.917499542236328,22.5,22.5,177571200
2016-05-16,21.37175178527832,23.469999313354492,23.59749984741211,22.912500381469727,23.09749984741211,245039200
2016-05-17,21.28296661376953,23.372499465942383,23.674999237060547,23.252500534057617,23.637500762939453,187667600
2016-05-18,21.526548385620117,23.639999389648438,23.802499771118164,23.47249984741211,23.540000915527344,168249600
2016-05-19,21.44459342956543,23.549999237060547,23.65999984741211,23.392499923706055,23.65999984741211,121768400
2016-05-20,21.67679214477539,23.80500030517578,23.857500076293945,23.6299991607666,23.65999984741211,128104000
2016-05-23,21.952255249023438,24.107500076293945,24.297500610351562,23.917499542236328,23.967500686645508,152074400
2016-05-24,22.286893844604492,24.475000381469727,24.522499084472656,24.209999084472656,24.30500030517578,140560800
2016-05-25,22.67845916748047,24.905000686645508,24.934999465942383,24.52750015258789,24.667499542236328,152675200
2016-05-26,22.858301162719727,25.102500915527344,25.1825008392334,24.65999984741211,24.920000076293945,225324800
2016-05-27,22.84464454650879,25.087499618530273,25.11750030517578,24.8125,24.860000610351562,145364800
2016-05-31,22.73308563232422,24.96500015258789,25.100000381469727,24.704999923706055,24.899999618530273,169228800
2016-06-01,22.41438865661621,24.614999771118164,24.885000228881836,24.582500457763672,24.7549991607666,116693200
2016-06-02,22.24592399597168,24.43000030517578,24.459999084472656,24.157499313354492,24.399999618530273,160766400
2016-06-03,22.291460037231445,24.479999542236328,24.5674991607666,24.362499237060547,24.447500228881836,114019600
2016-06-06,22.453083038330078,24.657499313354492,25.47249984741211,24.387500762939453,24.497499465942383,93170000
2016-06-07,22.544143676757812,24.75749969482422,24.967500686645508,24.739999771118164,24.8125,89638000
2016-06-08,22.523653030395508,24.735000610351562,24.889999389648438,24.670000076293945,24.7549991607666,83392400
2016-06-09,22.685287475585938,24.912500381469727,24.997499465942383,24.614999771118164,24.625,106405600
2016-06-10,22.498615264892578,24.707500457763672,24.837499618530273,24.6200008392334,24.63249969482422,126851600
2016-06-13,22.159414291381836,24.334999084472656,24.780000686645508,24.274999618530273,24.672500610351562,152082000
2016-06-14,22.186737060546875,24.364999771118164,24.6200008392334,24.1875,24.329999923706055,127727600
2016-06-15,22.113889694213867,24.28499984741211,24.602500915527344,24.25749969482422,24.454999923706055,117780800
2016-06-16,22.20722198486328,24.387500762939453,24.4375,24.017499923706055,24.112499237060547,125307200
2016-06-17,21.701839447021484,23.832500457763672,24.162500381469727,23.825000762939453,24.155000686645508,244032800
2016-06-20,21.64948081970215,23.774999618530273,24.142499923706055,23.75749969482422,24.0,137647600
2016-06-21,21.833879470825195,23.977500915527344,24.087499618530273,23.670000076293945,23.735000610351562,142185600
2016-06-22,21.751916885375977,23.887500762939453,24.22249984741211,23.837499618530273,24.0625,116876400
2016-06-23,21.87713050842285,24.024999618530273,24.072500228881836,23.8125,23.985000610351562,128960800
2016-06-24,21.262475967407227,23.350000381469727,23.665000915527344,23.162500381469727,23.227500915527344,301245600
2016-06-27,20.95287322998047,23.010000228881836,23.262500762939453,22.875,23.25,181958400
2016-06-28,21.305727005004883,23.397499084472656,23.415000915527344,23.03499984741211,23.225000381469727,161779600
2016-06-29,21.49011993408203,23.600000381469727,23.637500762939453,23.407499313354492,23.49250030517578,146124000
2016-06-30,21.763309478759766,23.899999618530273,23.9424991607666,23.575000762939453,23.610000610351562,143345600
2016-07-01,21.82932472229004,23.97249984741211,24.11750030517578,23.832500457763672,23.872499465942383,104106000
2016-07-05,21.624448776245117,23.747499465942383,23.850000381469727,23.614999771118164,23.84749984741211,110820800
2016-07-06,21.747371673583984,23.88249969482422,23.915000915527344,23.592500686645508,23.649999618530273,123796400
2016-07-07,21.840707778930664,23.985000610351562,24.125,23.905000686645508,23.924999237060547,100558400
2016-07-08,22.009170532226562,24.170000076293945,24.22249984741211,24.012500762939453,24.122499465942383,115648400
2016-07-11,22.07746124267578,24.2450008392334,24.412500381469727,24.1825008392334,24.1875,95179600
2016-07-12,22.17762565612793,24.354999542236328,24.424999237060547,24.280000686645508,24.292499542236328,96670000
2016-07-13,22.052419662475586,24.217500686645508,24.417499542236328,24.209999084472656,24.352500915527344,103568800
2016-07-14,22.4895076751709,24.697500228881836,24.747499465942383,24.329999923706055,24.34749984741211,155676000
2016-07-15,22.48723030090332,24.69499969482422,24.825000762939453,24.625,24.729999542236328,120548000
2016-07-18,22.726266860961914,24.957500457763672,25.032499313354492,24.649999618530273,24.674999237060547,145975600
2016-07-19,22.73536491394043,24.967500686645508,25.0,24.834999084472656,24.889999389648438,95119600
2016-07-20,22.755857467651367,24.989999771118164,25.114999771118164,24.934999465942383,25.0,105104000
2016-07-21,22.635204315185547,24.857500076293945,25.25,24.782499313354492,24.957500457763672,130808000
2016-07-22,22.459917068481445,24.665000915527344,24.825000762939453,24.577499389648438,24.815000534057617,113254800
2016-07-25,22.159414291381836,24.334999084472656,24.709999084472656,24.229999542236328,24.5625,161531600
2016-07-26,22.00688934326172,24.167499542236328,24.49250030517578,24.104999542236328,24.204999923706055,224959200
2016-07-27,23.436534881591797,25.737499237060547,26.087499618530273,25.6875,26.0674991607666,369379200
2016-07-28,23.752965927124023,26.084999084472656,26.112499237060547,25.704999923706055,25.707500457763672,159479200
2016-07-29,23.72336769104004,26.052499771118164,26.137500762939453,25.920000076293945,26.047500610351562,110934800
2016-08-01,24.142250061035156,26.512500762939453,26.537500381469727,26.102500915527344,26.102500915527344,152671600
2016-08-02,23.784835815429688,26.1200008392334,26.517499923706055,26.0,26.512500762939453,135266400
2016-08-03,24.083053588867188,26.447500228881836,26.459999084472656,26.1924991607666,26.202499389648438,120810400
2016-08-04,24.231830596923828,26.467500686645508,26.5,26.31999969482422,26.395000457763672,109634800
2016-08-05,24.600330352783203,26.8700008392334,26.912500381469727,26.545000076293945,26.5674991607666,162213600
2016-08-08,24.80402946472168,27.092500686645508,27.092500686645508,26.790000915527344,26.8799991607666,112148800
2016-08-09,24.904743194580078,27.202499389648438,27.235000610351562,27.002500534057617,27.0575008392334,105260800
2016-08-10,24.71935272216797,27.0,27.225000381469727,26.940000534057617,27.177499771118164,96034000
2016-08-11,24.703330993652344,26.982500076293945,27.232500076293945,26.962499618530273,27.1299991607666,109938000
2016-08-12,24.760541915893555,27.045000076293945,27.110000610351562,26.94499969482422,26.94499969482422,74641600
2016-08-15,25.05809783935547,27.3700008392334,27.385000228881836,27.020000457763672,27.03499984741211,103472800
2016-08-16,25.03521156311035,27.344999313354492,27.5575008392334,27.302499771118164,27.407499313354492,135177600
2016-08-17,24.998592376708984,27.30500030517578,27.342500686645508,27.084999084472656,27.274999618530273,101424000
2016-08-18,24.96653938293457,27.270000457763672,27.399999618530273,27.2549991607666,27.3075008392334,87938800
2016-08-19,25.03062629699707,27.34000015258789,27.422500610351562,27.09000015258789,27.1924991607666,101472400
2016-08-22,24.836084365844727,27.127500534057617,27.274999618530273,26.962499618530273,27.21500015258789,103280800
2016-08-23,24.913896560668945,27.212499618530273,27.329999923706055,27.13249969482422,27.147499084472656,85030800
2016-08-24,24.72621726989746,27.00749969482422,27.1875,26.920000076293945,27.142499923706055,94700400
2016-08-25,24.620927810668945,26.892499923706055,26.969999313354492,26.670000076293945,26.84749984741211,100344800
2016-08-26,24.476734161376953,26.735000610351562,26.987499237060547,26.577499389648438,26.852500915527344,111065200
2016-08-29,24.449268341064453,26.704999923706055,26.860000610351562,26.572500228881836,26.655000686645508,99881200
2016-08-30,24.261585235595703,26.5,26.625,26.375,26.450000762939453,99455600
2016-08-31,24.284475326538086,26.524999618530273,26.642499923706055,26.40999984741211,26.415000915527344,118649600
2016-09-01,24.428668975830078,26.6825008392334,26.700000762939453,26.405000686645508,26.53499984741211,106806000
2016-09-02,24.657548904418945,26.9325008392334,27.0,26.704999923706055,26.924999237060547,107210000
2016-09-06,24.650678634643555,26.924999237060547,27.075000762939453,26.877500534057617,26.975000381469727,107521600
2016-09-07,24.80174446105957,27.09000015258789,27.190000534057617,26.767499923706055,26.957500457763672,169457200
2016-09-08,24.151718139648438,26.3799991607666,26.8174991607666,26.309999465942383,26.8125,212008000
2016-09-09,23.60468864440918,25.782499313354492,26.43000030517578,25.782499313354492,26.15999984741211,186228000
2016-09-12,24.133411407470703,26.360000610351562,26.43000030517578,25.63249969482422,25.662500381469727,181171200
2016-09-13,24.707908630371094,26.987499237060547,27.197500228881836,26.809999465942383,26.877500534057617,248704800
2016-09-14,25.582239151000977,27.9424991607666,28.25749969482422,27.149999618530273,27.1825008392334,443554800
2016-09-15,26.451993942260742,28.892499923706055,28.9325008392334,28.372499465942383,28.46500015258789,359934400
2016-09-16,26.303218841552734,28.729999542236328,29.032499313354492,28.510000228881836,28.780000686645508,319547600
2016-09-19,25.99651527404785,28.395000457763672,29.045000076293945,28.3125,28.797500610351562,188092000
2016-09-20,25.994224548339844,28.392499923706055,28.530000686645508,28.127500534057617,28.262500762939453,138057200
2016-09-21,25.98964500427246,28.387500762939453,28.497499465942383,28.110000610351562,28.462499618530273,144012800
2016-09-22,26.23455047607422,28.655000686645508,28.735000610351562,28.5,28.587499618530273,124296000
2016-09-23,25.79738426208496,28.177499771118164,28.697500228881836,27.887500762939453,28.604999542236328,209924800
2016-09-26,25.8362979888916,28.219999313354492,28.34749984741211,27.887500762939453,27.90999984741211,119477600
2016-09-27,25.884363174438477,28.272499084472656,28.295000076293945,28.084999084472656,28.25,98429600
2016-09-28,26.08120346069336,28.487499237060547,28.65999984741211,28.357500076293945,28.422500610351562,118564400
2016-09-29,25.676088333129883,28.045000076293945,28.450000762939453,27.950000762939453,28.290000915527344,143548000
2016-09-30,25.875213623046875,28.262500762939453,28.342500686645508,27.950000762939453,28.114999771118164,145516400
2016-10-03,25.753887176513672,28.1299991607666,28.262500762939453,28.06999969482422,28.177499771118164,86807200
2016-10-04,25.8637638092041,28.25,28.577499389648438,28.157499313354492,28.264999389648438,118947200
2016-10-05,25.875213623046875,28.262500762939453,28.415000915527344,28.172500610351562,28.350000381469727,85812400
2016-10-06,26.06747055053711,28.47249984741211,28.584999084472656,28.282499313354492,28.424999237060547,115117200
2016-10-07,26.10637855529785,28.514999389648438,28.639999389648438,28.377500534057617,28.577499389648438,97433600
2016-10-10,26.561857223510742,29.012500762939453,29.1875,28.68000030517578,28.7549991607666,144944000
2016-10-11,26.619081497192383,29.075000762939453,29.672500610351562,29.049999237060547,29.424999237060547,256164000
2016-10-12,26.857112884521484,29.334999084472656,29.4950008392334,29.1875,29.337499618530273,150347200
2016-10-13,26.774723052978516,29.2450008392334,29.360000610351562,28.93000030517578,29.197500228881836,140769600
2016-10-14,26.923492431640625,29.407499313354492,29.542499542236328,29.282499313354492,29.469999313354492,142608800
2016-10-17,26.90517807006836,29.387500762939453,29.459999084472656,29.19499969482422,29.332500457763672,94499600
2016-10-18,26.886873245239258,29.36750030517578,29.552499771118164,29.362499237060547,29.545000076293945,98214000
2016-10-19,26.8067626953125,29.280000686645508,29.440000534057617,28.450000762939453,29.3125,80138400
2016-10-20,26.793027877807617,29.264999389648438,29.344999313354492,29.082500457763672,29.21500015258789,96503200
2016-10-21,26.687742233276367,29.149999618530273,29.227500915527344,29.06999969482422,29.202499389648438,92770800
2016-10-24,26.928070068359375,29.412500381469727,29.434999465942383,29.25,29.274999618530273,94154800
2016-10-25,27.065397262573242,29.5625,29.59000015258789,29.327499389648438,29.487499237060547,192516000
2016-10-26,26.456567764282227,28.897499084472656,28.924999237060547,28.327499389648438,28.577499389648438,264536800
2016-10-27,26.2025089263916,28.6200008392334,28.96500015258789,28.524999618530273,28.84749984741211,138248000
2016-10-28,26.028562545776367,28.43000030517578,28.802499771118164,28.362499237060547,28.467500686645508,151446800
2016-10-31,25.98735809326172,28.385000228881836,28.5575008392334,28.299999237060547,28.412500381469727,105677600
2016-11-01,25.518156051635742,27.872499465942383,28.4424991607666,27.63249969482422,28.364999771118164,175303200
2016-11-02,25.541038513183594,27.897499084472656,28.087499618530273,27.8075008392334,27.850000381469727,113326800
2016-11-03,25.26726531982422,27.457500457763672,27.864999771118164,27.387500762939453,27.7450008392334,107730400
2016-11-04,25.03951644897461,27.209999084472656,27.5625,27.02750015258789,27.13249969482422,123348000
2016-11-07,25.400699615478516,27.602500915527344,27.627500534057617,27.364999771118164,27.520000457763672,130240000
2016-11-08,25.550243377685547,27.764999389648438,27.93000030517578,27.424999237060547,27.577499389648438,97016800
2016-11-09,25.50882911682129,27.719999313354492,27.829999923706055,27.012500762939453,27.469999313354492,236705600
2016-11-10,24.797948837280273,26.947500228881836,27.772499084472656,26.457500457763672,27.772499084472656,228538000
2016-11-11,24.945192337036133,27.107500076293945,27.217500686645508,26.637500762939453,26.780000686645508,136575600
2016-11-14,24.31943702697754,26.427499771118164,26.952499389648438,26.020000457763672,26.927499771118164,204702000
2016-11-15,24.641511917114258,26.77750015258789,26.920000076293945,26.540000915527344,26.642499923706055,129058000
2016-11-16,25.3040828704834,27.497499465942383,27.5575008392334,26.649999618530273,26.674999237060547,235362000
2016-11-17,25.294878005981445,27.487499237060547,27.587499618530273,27.207500457763672,27.452499389648438,110528000
2016-11-18,25.320188522338867,27.514999389648438,27.635000228881836,27.415000915527344,27.43000030517578,113715600
2016-11-21,25.704376220703125,27.9325008392334,27.997499465942383,27.502500534057617,27.530000686645508,117058400
2016-11-22,25.720487594604492,27.950000762939453,28.104999542236328,27.850000381469727,27.987499237060547,103862000
2016-11-23,25.589351654052734,27.8075008392334,27.877500534057617,27.582500457763672,27.84000015258789,109705600
2016-11-25,25.718183517456055,27.947500228881836,27.967500686645508,27.737499237060547,27.782499313354492,45903600
2016-11-28,25.667572021484375,27.892499923706055,28.11750030517578,27.84749984741211,27.857500076293945,108776000
2016-11-29,25.64225959777832,27.864999771118164,28.00749969482422,27.517499923706055,27.69499969482422,114115200
2016-11-30,25.426008224487305,27.6299991607666,28.049999237060547,27.5674991607666,27.899999618530273,144649200
2016-12-01,25.189048767089844,27.372499465942383,27.735000610351562,27.25749969482422,27.592500686645508,148347600
2016-12-02,25.283374786376953,27.475000381469727,27.522499084472656,27.212499618530273,27.292499542236328,106112000
2016-12-05,25.101627349853516,27.27750015258789,27.50749969482422,27.0625,27.5,137298000
2016-12-06,25.294878005981445,27.487499237060547,27.59000015258789,27.297500610351562,27.375,104782000
2016-12-07,25.543338775634766,27.75749969482422,27.797500610351562,27.290000915527344,27.315000534057617,119994800
2016-12-08,25.794105529785156,28.030000686645508,28.107500076293945,27.649999618530273,27.71500015258789,108273200
2016-12-09,26.215105056762695,28.487499237060547,28.674999237060547,28.077499389648438,28.077499389648438,137610400
2016-12-12,26.065576553344727,28.325000762939453,28.75,28.122499465942383,28.322500228881836,105497600
2016-12-13,26.50037956237793,28.797500610351562,28.979999542236328,28.4375,28.459999084472656,174935200
2016-12-14,26.50037956237793,28.797500610351562,29.049999237060547,28.7450008392334,28.760000228881836,136127200
2016-12-15,26.64531898498535,28.954999923706055,29.1825008392334,28.8075008392334,28.844999313354492,186098000
2016-12-16,26.679826736450195,28.99250030517578,29.125,28.912500381469727,29.11750030517578,177404400
2016-12-19,26.833967208862305,29.15999984741211,29.344999313354492,28.9375,28.950000762939453,111117600
2016-12-20,26.905282974243164,29.237499237060547,29.375,29.170000076293945,29.184999465942383,85700000
2016-12-21,26.930587768554688,29.264999389648438,29.350000381469727,29.19499969482422,29.200000762939453,95132800
2016-12-22,26.753448486328125,29.072500228881836,29.127500534057617,28.90999984741211,29.087499618530273,104343600
2016-12-23,26.80635643005371,29.1299991607666,29.1299991607666,28.897499084472656,28.897499084472656,56998000
2016-12-27,26.976600646972656,29.315000534057617,29.450000762939453,29.122499465942383,29.1299991607666,73187600
2016-12-28,26.861576080322266,29.190000534057617,29.5049991607666,29.049999237060547,29.3799991607666,83623600
2016-12-29,26.854671478271484,29.1825008392334,29.27750015258789,29.100000381469727,29.112499237060547,60158000
2016-12-30,26.64531898498535,28.954999923706055,29.299999237060547,28.857500076293945,29.162500381469727,122345200
2017-01-03,26.721237182617188,29.037500381469727,29.082500457763672,28.690000534057617,28.950000762939453,115127600
2017-01-04,26.691329956054688,29.0049991607666,29.127500534057617,28.9375,28.962499618530273,84472400
2017-01-05,26.827058792114258,29.15250015258789,29.21500015258789,28.952499389648438,28.979999542236328,88774400
2017-01-06,27.126136779785156,29.477500915527344,29.540000915527344,29.11750030517578,29.19499969482422,127007600
2017-01-09,27.374603271484375,29.747499465942383,29.857500076293945,29.485000610351562,29.487499237060547,134247600
2017-01-10,27.402210235595703,29.77750015258789,29.844999313354492,29.575000762939453,29.6924991607666,97848400
2017-01-11,27.549448013305664,29.9375,29.982500076293945,29.649999618530273,29.684999465942383,110354400
2017-01-12,27.434412002563477,29.8125,29.825000762939453,29.552499771118164,29.725000381469727,108344800
2017-01-13,27.386106491088867,29.760000228881836,29.905000686645508,29.702499389648438,29.77750015258789,104447600
2017-01-17,27.606958389282227,30.0,30.059999465942383,29.55500030517578,29.584999084472656,137759200
2017-01-18,27.604663848876953,29.997499465942383,30.125,29.927499771118164,30.0,94852000
2017-01-19,27.556352615356445,29.94499969482422,30.022499084472656,29.842500686645508,29.850000381469727,102389200
2017-01-20,27.606958389282227,30.0,30.112499237060547,29.9325008392334,30.112499237060547,130391600
2017-01-23,27.625364303588867,30.020000457763672,30.202499389648438,29.9424991607666,30.0,88200800
2017-01-24,27.60005760192871,29.99250030517578,30.024999618530273,29.875,29.887500762939453,92844000
2017-01-25,28.03946304321289,30.469999313354492,30.524999618530273,30.06999969482422,30.104999542236328,129510400
2017-01-26,28.053274154663086,30.485000610351562,30.610000610351562,30.399999618530273,30.417499542236328,105350400
2017-01-27,28.055570602416992,30.487499237060547,30.587499618530273,30.399999618530273,30.53499984741211,82251600
2017-01-30,27.981952667236328,30.407499313354492,30.407499313354492,30.165000915527344,30.232500076293945,121510000
2017-01-31,27.917543411254883,30.337499618530273,30.34749984741211,30.155000686645508,30.287500381469727,196804000
2017-02-01,29.619964599609375,32.1875,32.622501373291016,31.752500534057617,31.75749969482422,447940000
2017-02-02,29.56934928894043,32.13249969482422,32.34749984741211,31.94499969482422,31.9950008392334,134841600
2017-02-03,29.695892333984375,32.27000045776367,32.29750061035156,32.040000915527344,32.07749938964844,98029200
2017-02-06,29.97425651550293,32.5724983215332,32.625,32.224998474121094,32.282501220703125,107383600
2017-02-07,30.259519577026367,32.88249969482422,33.022499084472656,32.61249923706055,32.6349983215332,152735200
2017-02-08,30.376853942871094,33.0099983215332,33.05500030517578,32.80500030517578,32.837501525878906,92016400
2017-02-09,30.596359252929688,33.10499954223633,33.11249923706055,32.779998779296875,32.912498474121094,113399600
2017-02-10,30.527040481567383,33.029998779296875,33.23500061035156,33.01250076293945,33.1150016784668,80262000
2017-02-13,30.7973690032959,33.3224983215332,33.45500183105469,33.1875,33.27000045776367,92141600
2017-02-14,31.19709587097168,33.755001068115234,33.772499084472656,33.3125,33.36750030517578,132904800
2017-02-15,31.310319900512695,33.877498626708984,34.067501068115234,33.654998779296875,33.880001068115234,142492400
2017-02-16,31.273347854614258,33.837501525878906,33.974998474121094,33.709999084472656,33.91749954223633,90338400
2017-02-17,31.358842849731445,33.93000030517578,33.95750045776367,33.775001525878906,33.775001525878906,88792800
2017-02-21,31.585268020629883,34.17499923706055,34.1875,33.994998931884766,34.057498931884766,98028800
2017-02-22,31.680011749267578,34.27750015258789,34.279998779296875,34.02750015258789,34.10749816894531,83347600
2017-02-23,31.545988082885742,34.13249969482422,34.369998931884766,34.07500076293945,34.345001220703125,83152800
2017-02-24,31.57603645324707,34.165000915527344,34.165000915527344,33.81999969482422,33.977500915527344,87106400
2017-02-27,31.63842010498047,34.23249816894531,34.36000061035156,34.06999969482422,34.28499984741211,81029600
2017-02-28,31.65228843688965,34.247501373291016,34.36000061035156,34.17499923706055,34.27000045776367,93931600
2017-03-01,32.29924392700195,34.9474983215332,35.037498474121094,34.400001525878906,34.47249984741211,145658400
2017-03-02,32.10746765136719,34.7400016784668,35.06999969482422,34.689998626708984,35.0,104844000
2017-03-03,32.29693603515625,34.94499969482422,34.95750045776367,34.647499084472656,34.69499969482422,84432400
2017-03-06,32.19526672363281,34.834999084472656,34.942501068115234,34.650001525878906,34.842498779296875,87000000
2017-03-07,32.23685836791992,34.880001068115234,34.994998931884766,34.6974983215332,34.76499938964844,69785200
2017-03-08,32.116703033447266,34.75,34.95000076293945,34.70500183105469,34.73749923706055,74828800
2017-03-09,32.04277038574219,34.66999816894531,34.6974983215332,34.26250076293945,34.685001373291016,88623600
2017-03-10,32.149051666259766,34.78499984741211,34.84000015258789,34.65999984741211,34.8125,78451200
2017-03-13,32.16290283203125,34.79999923706055,34.85749816894531,34.70500183105469,34.712501525878906,69686800
2017-03-14,32.114410400390625,34.747501373291016,34.912498474121094,34.709999084472656,34.82500076293945,61236400
2017-03-15,32.45405578613281,35.1150016784668,35.1875,34.75749969482422,34.852500915527344,102767200
2017-03-16,32.50717544555664,35.17250061035156,35.255001068115234,35.064998626708984,35.18000030517578,76928000
2017-03-17,32.3454475402832,34.997501373291016,35.25,34.97249984741211,35.25,175540000
2017-03-20,32.68510055541992,35.3650016784668,35.375,35.057498931884766,35.099998474121094,86168000
2017-03-21,32.3108024597168,34.959999084472656,35.70000076293945,34.932498931884766,35.52750015258789,158119600
2017-03-22,32.67585754394531,35.35499954223633,35.400001525878906,34.939998626708984,34.962501525878906,103440800
2017-03-23,32.56033706665039,35.22999954223633,35.39500045776367,35.15250015258789,35.314998626708984,81385200
2017-03-24,32.49563980102539,35.15999984741211,35.435001373291016,35.087501525878906,35.375,89582400
2017-03-27,32.551082611083984,35.220001220703125,35.30500030517578,34.654998779296875,34.84749984741211,94300400
2017-03-28,33.22577667236328,35.95000076293945,36.0099983215332,35.154998779296875,35.227500915527344,133499200
2017-03-29,33.29970932006836,36.029998779296875,36.122501373291016,35.79750061035156,35.91999816894531,116760000
2017-03-30,33.255802154541016,35.98249816894531,36.125,35.875,36.04750061035156,84829200
2017-03-31,33.193424224853516,35.915000915527344,36.067501068115234,35.752498626708984,35.93000030517578,78646800
2017-04-03,33.202667236328125,35.92499923706055,36.029998779296875,35.76250076293945,35.9275016784668,79942800
2017-04-04,33.449893951416016,36.192501068115234,36.22249984741211,35.79249954223633,35.8125,79565600
2017-04-05,33.276607513427734,36.005001068115234,36.3650016784668,35.95249938964844,36.05500030517578,110871600
2017-04-06,33.193424224853516,35.915000915527344,36.130001068115234,35.86249923706055,36.0724983215332,84596000
2017-04-07,33.11948776245117,35.834999084472656,36.04499816894531,35.817501068115234,35.932498931884766,66688800
2017-04-10,33.0802001953125,35.79249954223633,35.970001220703125,35.724998474121094,35.900001525878906,75733600
2017-04-11,32.72439193725586,35.407501220703125,35.837501525878906,35.01499938964844,35.73500061035156,121517600
2017-04-12,32.76366424560547,35.45000076293945,35.537498474121094,35.252498626708984,35.400001525878906,81400000
2017-04-13,32.590370178222656,35.26250076293945,35.595001220703125,35.26250076293945,35.477500915527344,71291600
2017-04-17,32.77058792114258,35.45750045776367,35.470001220703125,35.217498779296875,35.369998931884766,66328400
2017-04-18,32.62501525878906,35.29999923706055,35.5099983215332,35.27750015258789,35.352500915527344,58790000
2017-04-19,32.50487518310547,35.16999816894531,35.5,35.11249923706055,35.470001220703125,69313600
2017-04-20,32.91154098510742,35.61000061035156,35.72999954223633,35.290000915527344,35.30500030517578,93278400
2017-04-21,32.872257232666016,35.567501068115234,35.66999816894531,35.462501525878906,35.61000061035156,69283600
2017-04-24,33.18880844116211,35.90999984741211,35.98749923706055,35.79499816894531,35.875,68537200
2017-04-25,33.39444351196289,36.13249969482422,36.224998474121094,35.967498779296875,35.977500915527344,75486000
2017-04-26,33.19805145263672,35.91999816894531,36.150001525878906,35.845001220703125,36.11750030517578,80164800
2017-04-27,33.22345733642578,35.9474983215332,36.040000915527344,35.82749938964844,35.97999954223633,56985200
2017-04-28,33.19110870361328,35.912498474121094,36.07500076293945,35.817501068115234,36.022499084472656,83441600
2017-05-01,33.86812210083008,36.64500045776367,36.79999923706055,36.2400016784668,36.275001525878906,134411600
2017-05-02,34.082977294921875,36.877498626708984,37.022499084472656,36.709999084472656,36.8849983215332,181408800
2017-05-03,33.97901916503906,36.76499938964844,36.872501373291016,36.067501068115234,36.397499084472656,182788000
2017-05-04,33.85654067993164,36.63249969482422,36.78499984741211,36.45249938964844,36.630001068115234,93487600
2017-05-05,34.418025970458984,37.2400016784668,37.244998931884766,36.689998626708984,36.689998626708984,109310800
2017-05-08,35.35379409790039,38.252498626708984,38.42499923706055,37.25749969482422,37.25749969482422,195009600
2017-05-09,35.580223083496094,38.497501373291016,38.720001220703125,38.36249923706055,38.467498779296875,156521600
2017-05-10,35.41156005859375,38.314998626708984,38.48500061035156,38.02750015258789,38.407501220703125,103222800
2017-05-11,35.71780776977539,38.48749923706055,38.51750183105469,38.07749938964844,38.11249923706055,109020400
2017-05-12,36.21662521362305,39.025001525878906,39.10499954223633,38.66749954223633,38.67499923706055,130108000
2017-05-15,36.12382125854492,38.92499923706055,39.162498474121094,38.76250076293945,39.002498626708984,104038800
2017-05-16,36.07046127319336,38.86750030517578,39.01499938964844,38.68000030517578,38.98500061035156,80194000
2017-05-17,34.859375,37.5625,38.64250183105469,37.4275016784668,38.400001525878906,203070800
2017-05-18,35.39067077636719,38.1349983215332,38.334999084472656,37.782501220703125,37.817501068115234,134272800
2017-05-19,35.51131820678711,38.26499938964844,38.494998931884766,38.157501220703125,38.345001220703125,107843200
2017-05-22,35.727088928222656,38.497501373291016,38.64500045776367,38.227500915527344,38.5,91865600
2017-05-23,35.68300247192383,38.45000076293945,38.724998474121094,38.32749938964844,38.724998474121094,79675600
2017-05-24,35.5762825012207,38.334999084472656,38.54249954223633,38.16749954223633,38.459999084472656,76712000
2017-05-25,35.699249267578125,38.467498779296875,38.587501525878906,38.25749969482422,38.432498931884766,76942400
2017-05-26,35.638916015625,38.40250015258789,38.560001373291016,38.32749938964844,38.5,87710400
2017-05-30,35.65283966064453,38.41749954223633,38.60749816894531,38.33250045776367,38.35499954223633,80507600
2017-05-31,35.44172286987305,38.189998626708984,38.54249954223633,38.095001220703125,38.49250030517578,97804800
2017-06-01,35.539161682128906,38.29499816894531,38.33250045776367,38.05500030517578,38.29249954223633,65616400
2017-06-02,36.065818786621094,38.86249923706055,38.86249923706055,38.22249984741211,38.39500045776367,111082800
2017-06-05,35.713157653808594,38.48249816894531,38.61249923706055,38.3650016784668,38.584999084472656,101326800
2017-06-06,35.83380889892578,38.61249923706055,38.95249938964844,38.44499969482422,38.474998474121094,106499600
2017-06-07,36.047264099121094,38.842498779296875,38.994998931884766,38.619998931884766,38.755001068115234,84278400
2017-06-08,35.9591064453125,38.747501373291016,38.8849983215332,38.599998474121094,38.8125,85003200
2017-06-09,34.56473159790039,37.244998931884766,38.79750061035156,36.505001068115234,38.79750061035156,259530800
2017-06-12,33.73876953125,36.35499954223633,36.522499084472656,35.627498626708984,36.435001373291016,289229200
2017-06-13,34.010223388671875,36.647499084472656,36.86249923706055,36.287498474121094,36.790000915527344,136661600
2017-06-14,33.67845153808594,36.290000915527344,36.875,35.959999084472656,36.875,126124800
2017-06-15,33.476600646972656,36.0724983215332,36.119998931884766,35.5525016784668,35.83000183105469,128661600
2017-06-16,33.0079460144043,35.567501068115234,36.125,35.54999923706055,35.94499969482422,201444400
2017-06-19,33.95222854614258,36.584999084472656,36.685001373291016,35.915000915527344,35.915000915527344,130165600
2017-06-20,33.64364242553711,36.252498626708984,36.717498779296875,36.23500061035156,36.717498779296875,99600400
2017-06-21,33.843170166015625,36.467498779296875,36.51750183105469,36.15250015258789,36.380001068115234,85063200
2017-06-22,33.78749465942383,36.407501220703125,36.67499923706055,36.279998779296875,36.442501068115234,76425200
2017-06-23,33.938289642333984,36.56999969482422,36.790000915527344,36.27750015258789,36.282501220703125,141757600
2017-06-26,33.83157730102539,36.45500183105469,37.06999969482422,36.345001220703125,36.79249954223633,102769600
2017-06-27,33.34666442871094,35.932498931884766,36.540000915527344,35.904998779296875,36.252498626708984,99047600
2017-06-28,33.833900451660156,36.45750045776367,36.52750015258789,35.790000915527344,36.122501373291016,88329600
2017-06-29,33.335079193115234,35.91999816894531,36.282501220703125,35.56999969482422,36.1775016784668,125997600
2017-06-30,33.413963317871094,36.005001068115234,36.2400016784668,35.94499969482422,36.11249923706055,92096400
2017-07-03,33.29330825805664,35.875,36.32500076293945,35.775001525878906,36.220001220703125,57111200
2017-07-05,33.43019485473633,36.022499084472656,36.1974983215332,35.68000030517578,35.92250061035156,86278400
2017-07-06,33.11466598510742,35.682498931884766,35.875,35.602500915527344,35.755001068115234,96515200
2017-07-07,33.451072692871094,36.04499816894531,36.1875,35.724998474121094,35.724998474121094,76806800
2017-07-10,33.655242919921875,36.26499938964844,36.48749923706055,35.842498779296875,36.02750015258789,84362400
2017-07-11,33.76428985595703,36.38249969482422,36.462501525878906,36.095001220703125,36.182498931884766,79127200
2017-07-12,33.81301498413086,36.435001373291016,36.54499816894531,36.20500183105469,36.467498779296875,99538000
2017-07-13,34.28398895263672,36.942501068115234,37.122501373291016,36.36000061035156,36.375,100797600
2017-07-14,34.5786247253418,37.2599983215332,37.33250045776367,36.83250045776367,36.99250030517578,80528400
2017-07-17,34.69927978515625,37.38999938964844,37.724998474121094,37.14250183105469,37.20500183105469,95174000
2017-07-18,34.81991958618164,37.52000045776367,37.532501220703125,37.16749954223633,37.29999923706055,71475200
2017-07-19,35.038028717041016,37.755001068115234,37.85499954223633,37.48749923706055,37.619998931884766,83692000
2017-07-20,34.8802490234375,37.584999084472656,37.935001373291016,37.54750061035156,37.875,68974800
2017-07-21,34.864013671875,37.567501068115234,37.61000061035156,37.220001220703125,37.497501373291016,105010400
2017-07-24,35.2862663269043,38.022499084472656,38.11000061035156,37.474998474121094,37.64500045776367,85972800
2017-07-25,35.43706512451172,38.185001373291016,38.459999084472656,37.95000076293945,37.95000076293945,75415600
2017-07-26,35.604122161865234,38.3650016784668,38.48249816894531,38.26499938964844,38.337501525878906,63124000
2017-07-27,34.93129348754883,37.63999938964844,38.497501373291016,36.82500076293945,38.4375,129905200
2017-07-28,34.68536376953125,37.375,37.557498931884766,37.29750061035156,37.47249984741211,68854800
2017-07-31,34.5067138671875,37.182498931884766,37.58250045776367,37.032501220703125,37.474998474121094,79383600
2017-08-01,34.81297302246094,37.51250076293945,37.55500030517578,37.102500915527344,37.275001525878906,141474400
2017-08-02,36.45791244506836,39.28499984741211,39.9375,39.040000915527344,39.81999969482422,279747200
2017-08-03,36.09366989135742,38.89250183105469,39.3025016784668,38.755001068115234,39.26250076293945,108389200
2017-08-04,36.28391647338867,39.09749984741211,39.349998474121094,38.92250061035156,39.01750183105469,82239600
2017-08-07,36.84537887573242,39.70249938964844,39.72999954223633,39.16749954223633,39.26499938964844,87481200
2017-08-08,37.14003372192383,40.02000045776367,40.45750045776367,39.567501068115234,39.650001525878906,144823600
2017-08-09,37.367401123046875,40.26499938964844,40.317501068115234,39.77750015258789,39.814998626708984,104526000
2017-08-10,36.177181243896484,38.83000183105469,40.0,38.657501220703125,39.974998474121094,163217200
2017-08-11,36.68027877807617,39.369998931884766,39.64250183105469,39.01750183105469,39.150001525878906,105028400
2017-08-14,37.23230743408203,39.962501525878906,40.0525016784668,39.6875,39.83000183105469,88490800
2017-08-15,37.63990783691406,40.400001525878906,40.54999923706055,40.03499984741211,40.165000915527344,117862000
2017-08-16,37.4885139465332,40.23749923706055,40.627498626708984,40.037498474121094,40.48500061035156,110686400
2017-08-17,36.7687873840332,39.46500015258789,40.1775016784668,39.459999084472656,40.130001068115234,111762400
2017-08-18,36.68494415283203,39.375,39.875,39.18000030517578,39.46500015258789,109712400
2017-08-21,36.61739730834961,39.3025016784668,39.47249984741211,38.77750015258789,39.375,105474000
2017-08-22,37.215999603271484,39.94499969482422,40.0,39.505001068115234,39.557498931884766,86418400
2017-08-23,37.2625846862793,39.994998931884766,40.11750030517578,39.720001220703125,39.76750183105469,77596400
2017-08-24,37.09720993041992,39.817501068115234,40.185001373291016,39.63750076293945,40.10749816894531,79275600
2017-08-25,37.234622955322266,39.96500015258789,40.13999938964844,39.817501068115234,39.912498474121094,101920400
2017-08-28,37.60963821411133,40.36750030517578,40.5,39.98249816894531,40.03499984741211,103864000
2017-08-29,37.945030212402344,40.727500915527344,40.779998779296875,40.0,40.025001525878906,118067600
2017-08-30,38.04751968383789,40.837501525878906,40.97249984741211,40.65250015258789,40.95000076293945,109078400
2017-08-31,38.19892501831055,41.0,41.130001068115234,40.869998931884766,40.90999984741211,107140400
2017-09-01,38.210567474365234,41.01250076293945,41.23500061035156,40.907501220703125,41.20000076293945,66364400
2017-09-05,37.751712799072266,40.52000045776367,41.0625,40.13999938964844,40.9375,117874000
2017-09-06,37.712135314941406,40.477500915527344,40.747501373291016,40.130001068115234,40.6775016784668,86606800
2017-09-07,37.56071090698242,40.314998626708984,40.560001373291016,40.09000015258789,40.522499084472656,87714000
2017-09-08,36.94813919067383,39.657501220703125,40.287498474121094,39.63249969482422,40.21500015258789,114446000
2017-09-11,37.61662292480469,40.375,40.51250076293945,39.97249984741211,40.125,126323200
2017-09-12,37.46757125854492,40.21500015258789,40.9900016784668,39.692501068115234,40.65250015258789,286856000
2017-09-13,37.18572235107422,39.912498474121094,39.9900016784668,39.477500915527344,39.967498779296875,179629600
2017-09-14,36.86661911010742,39.56999969482422,39.849998474121094,39.522499084472656,39.747501373291016,95042800
2017-09-15,37.239295959472656,39.970001220703125,40.24250030517578,39.5,39.61750030517578,196458400
2017-09-18,36.95745086669922,39.66749954223633,40.125,39.5,40.02750015258789,113077600
2017-09-19,36.971435546875,39.682498931884766,39.942501068115234,39.61000061035156,39.877498626708984,83242400
2017-09-20,36.35185241699219,39.01750183105469,39.564998626708984,38.45750045776367,39.474998474121094,211805600
2017-09-21,35.72763442993164,38.34749984741211,38.95000076293945,38.1875,38.95000076293945,150046800
2017-09-22,35.37826156616211,37.97249984741211,38.067501068115234,37.63999938964844,37.8849983215332,186581600
2017-09-25,35.06613540649414,37.63750076293945,37.95750045776367,37.290000915527344,37.497501373291016,177549200
2017-09-26,35.66941452026367,38.28499984741211,38.47999954223633,37.92250061035156,37.94499969482422,146640000
2017-09-27,35.923282623291016,38.557498931884766,38.68000030517578,38.3849983215332,38.45000076293945,102016800
2017-09-28,35.702022552490234,38.31999969482422,38.56999969482422,38.17499923706055,38.47249984741211,88022000
2017-09-29,35.897674560546875,38.529998779296875,38.532501220703125,38.0,38.3025016784668,105199200
2017-10-02,35.82545852661133,38.45249938964844,38.61249923706055,38.18000030517578,38.564998626708984,74795200
2017-10-03,35.981510162353516,38.619998931884766,38.772499084472656,38.477500915527344,38.502498626708984,64921200
2017-10-04,35.74859619140625,38.369998931884766,38.46500015258789,38.1150016784668,38.407501220703125,80655200
2017-10-05,36.193477630615234,38.84749984741211,38.86000061035156,38.51250076293945,38.54499816894531,85135200
2017-10-06,36.172523498535156,38.82500076293945,38.872501373291016,38.63999938964844,38.74250030517578,69630400
2017-10-09,36.29829406738281,38.959999084472656,39.182498931884766,38.872501373291016,38.95249938964844,65051600
2017-10-10,36.312255859375,38.974998474121094,39.5,38.775001525878906,39.01499938964844,62468000
2017-10-11,36.46367263793945,39.13750076293945,39.244998931884766,38.9375,38.99250030517578,67622400
2017-10-12,36.33555221557617,39.0,39.342498779296875,38.932498931884766,39.087501525878906,64500400
2017-10-13,36.56614685058594,39.247501373291016,39.31999969482422,39.102500915527344,39.182498931884766,65576800
2017-10-16,37.239295959472656,39.970001220703125,40.0,39.412498474121094,39.474998474121094,96486000
2017-10-17,37.376708984375,40.11750030517578,40.217498779296875,39.807498931884766,39.94499969482422,75989200
2017-10-18,37.21133804321289,39.939998626708984,40.1775016784668,39.900001525878906,40.10499954223633,65496800
2017-10-19,36.330894470214844,38.994998931884766,39.27000045776367,38.755001068115234,39.1875,170336800
2017-10-20,36.393775939941406,39.0625,39.4375,38.9900016784668,39.15250015258789,95896400
2017-10-23,36.37516403198242,39.04249954223633,39.42250061035156,38.875,39.22249984741211,87937200
2017-10-24,36.591766357421875,39.275001525878906,39.35499954223633,39.04999923706055,39.0724983215332,71028800
2017-10-25,36.43105697631836,39.102500915527344,39.38750076293945,38.817501068115234,39.227500915527344,84828400
2017-10-26,36.66397476196289,39.352500915527344,39.45750045776367,39.19499969482422,39.307498931884766,68002000
2017-10-27,37.977657318115234,40.76250076293945,40.900001525878906,39.67499923706055,39.8224983215332,177816800
2017-10-30,38.832462310791016,41.68000030517578,42.01750183105469,40.93000030517578,40.97249984741211,178803200
2017-10-31,39.372840881347656,42.2599983215332,42.412498474121094,41.73500061035156,41.974998474121094,144187200
2017-11-01,38.872047424316406,41.72249984741211,42.48500061035156,41.40250015258789,42.467498779296875,134551200
2017-11-02,39.15622329711914,42.02750015258789,42.125,41.31999969482422,41.650001525878906,165573600
2017-11-03,40.17874526977539,43.125,43.564998626708984,42.779998779296875,43.5,237594400
2017-11-06,40.58634948730469,43.5625,43.747501373291016,42.93000030517578,43.092498779296875,140105200
2017-11-07,40.71677017211914,43.70249938964844,43.8125,43.400001525878906,43.477500915527344,97446000
2017-11-08,41.049861907958984,44.060001373291016,44.060001373291016,43.58250045776367,43.665000915527344,97638000
2017-11-09,40.96602249145508,43.970001220703125,44.025001525878906,43.28499984741211,43.77750015258789,117930400
2017-11-10,40.8304328918457,43.66749954223633,43.845001220703125,43.567501068115234,43.77750015258789,100582000
2017-11-13,40.66679763793945,43.49250030517578,43.625,43.349998474121094,43.375,67928400
2017-11-14,40.05200958251953,42.834999084472656,43.369998931884766,42.79499816894531,43.2599983215332,99130000
2017-11-15,39.52372741699219,42.27000045776367,42.58000183105469,42.095001220703125,42.49250030517578,116632400
2017-11-16,39.99592208862305,42.775001525878906,42.967498779296875,42.57500076293945,42.79499816894531,94550000
2017-11-17,39.77384948730469,42.537498474121094,42.84749984741211,42.40999984741211,42.7599983215332,87598000
2017-11-20,39.73410415649414,42.494998931884766,42.63999938964844,42.38999938964844,42.5724983215332,65049600
2017-11-21,40.4727783203125,43.28499984741211,43.42499923706055,42.69499969482422,42.69499969482422,100525200
2017-11-22,40.89821243286133,43.7400016784668,43.75,43.26250076293945,43.34000015258789,102355600
2017-11-24,40.900569915771484,43.74250030517578,43.875,43.662498474121094,43.775001525878906,56106800
2017-11-27,40.694854736328125,43.522499084472656,43.77000045776367,43.334999084472656,43.76250076293945,82867200
2017-11-28,40.456424713134766,43.26750183105469,43.717498779296875,42.96500015258789,43.57500076293945,105715200
2017-11-29,39.61723327636719,42.369998931884766,43.22999954223633,41.790000915527344,43.157501220703125,166665600
2017-11-30,40.17124557495117,42.962501525878906,43.03499984741211,42.11000061035156,42.60749816894531,166108800
2017-12-01,39.984214782714844,42.76250076293945,42.91749954223633,42.125,42.48749923706055,159037200
2017-12-04,39.692039489746094,42.45000076293945,43.154998779296875,42.407501220703125,43.119998931884766,130169600
2017-12-05,39.65463638305664,42.40999984741211,42.880001068115234,42.099998474121094,42.26499938964844,109400800
2017-12-06,39.507362365722656,42.252498626708984,42.54999923706055,41.6150016784668,41.875,114240000
2017-12-07,39.579837799072266,42.33000183105469,42.61000061035156,42.227500915527344,42.25749969482422,102693200
2017-12-08,39.59150695800781,42.342498779296875,42.75,42.20500183105469,42.622501373291016,93420800
2017-12-11,40.362918853759766,43.16749954223633,43.22249984741211,42.1974983215332,42.29999923706055,141095200
2017-12-12,40.136173248291016,42.92499923706055,43.09749984741211,42.8650016784668,43.037498474121094,77636800
2017-12-13,40.269412994384766,43.067501068115234,43.3849983215332,43.0,43.125,95273600
2017-12-14,40.25773620605469,43.05500030517578,43.282501220703125,42.912498474121094,43.099998474121094,81906000
2017-12-15,40.66679763793945,43.49250030517578,43.54249954223633,43.1150016784668,43.407501220703125,160677200
2017-12-18,41.239501953125,44.10499954223633,44.29999923706055,43.71500015258789,43.720001220703125,117684400
2017-12-19,40.800045013427734,43.6349983215332,43.84749984741211,43.522499084472656,43.75749969482422,109745600
2017-12-20,40.7556266784668,43.587501525878906,43.85499954223633,43.3125,43.717498779296875,93902400
2017-12-21,40.909908294677734,43.752498626708984,44.005001068115234,43.525001525878906,43.54249954223633,83799600
2017-12-22,40.909908294677734,43.752498626708984,43.85499954223633,43.625,43.66999816894531,65397600
2017-12-26,39.87202453613281,42.64250183105469,42.86750030517578,42.41999816894531,42.70000076293945,132742000
2017-12-27,39.8790397644043,42.650001525878906,42.69499969482422,42.4275016784668,42.525001525878906,85992800
2017-12-28,39.99125289916992,42.77000045776367,42.962501525878906,42.619998931884766,42.75,65920800
2017-12-29,39.55878448486328,42.307498931884766,42.647499084472656,42.30500030517578,42.630001068115234,103999600
2018-01-02,40.26706314086914,43.064998626708984,43.07500076293945,42.314998626708984,42.540000915527344,102223600
2018-01-03,40.260074615478516,43.057498931884766,43.63750076293945,42.9900016784668,43.13249969482422,118071600
2018-01-04,40.447078704833984,43.25749969482422,43.36750030517578,43.02000045776367,43.1349983215332,89738400
2018-01-05,40.90757751464844,43.75,43.842498779296875,43.26250076293945,43.36000061035156,94640000
2018-01-08,40.7556266784668,43.587501525878906,43.90250015258789,43.48249816894531,43.587501525878906,82271200
2018-01-09,40.750953674316406,43.58250045776367,43.76499938964844,43.352500915527344,43.63750076293945,86336000
2018-01-10,40.741607666015625,43.5724983215332,43.57500076293945,43.25,43.290000915527344,95839600
2018-01-11,40.97303009033203,43.81999969482422,43.872501373291016,43.622501373291016,43.647499084472656,74670800
2018-01-12,41.3961181640625,44.272499084472656,44.34000015258789,43.912498474121094,44.04499816894531,101672400
2018-01-16,41.18574523925781,44.04750061035156,44.84749984741211,44.03499984741211,44.474998474121094,118263600
2018-01-17,41.865970611572266,44.775001525878906,44.8125,43.76750183105469,44.037498474121094,137547200
2018-01-18,41.90336990356445,44.814998626708984,45.025001525878906,44.5625,44.842498779296875,124773600
2018-01-19,41.716373443603516,44.6150016784668,44.89500045776367,44.352500915527344,44.65250015258789,129700400
2018-01-22,41.375083923339844,44.25,44.44499969482422,44.150001525878906,44.32500076293945,108434400
2018-01-23,41.38443374633789,44.2599983215332,44.86000061035156,44.20500183105469,44.32500076293945,130756400
2018-01-24,40.72523498535156,43.55500030517578,44.32500076293945,43.29999923706055,44.3125,204420400
2018-01-25,39.99824523925781,42.77750015258789,43.73749923706055,42.63249969482422,43.627498626708984,166116000
2018-01-26,40.09174728393555,42.877498626708984,43.0,42.51499938964844,43.0,156572000
2018-01-29,39.261924743652344,41.9900016784668,42.540000915527344,41.76750183105469,42.540000915527344,202561600
2018-01-30,39.03049087524414,41.74250030517578,41.842498779296875,41.17499923706055,41.38249969482422,184192800
2018-01-31,39.13801956176758,41.85749816894531,42.11000061035156,41.625,41.717498779296875,129915600
2018-02-01,39.21982955932617,41.94499969482422,42.154998779296875,41.689998626708984,41.79249954223633,188923200
2018-02-02,37.51808547973633,40.125,41.70000076293945,40.025001525878906,41.5,346375200
2018-02-05,36.58072280883789,39.122501373291016,40.970001220703125,39.0,39.775001525878906,290954000
2018-02-06,38.1094970703125,40.75749969482422,40.93000030517578,38.5,38.70750045776367,272975200
2018-02-07,37.29368209838867,39.8849983215332,40.849998474121094,39.76750183105469,40.772499084472656,206434400
2018-02-08,36.26747512817383,38.787498474121094,40.25,38.75749969482422,40.0724983215332,217562000
2018-02-09,36.71109390258789,39.102500915527344,39.47249984741211,37.560001373291016,39.26750183105469,282690400
2018-02-12,38.18976593017578,40.6775016784668,40.97249984741211,39.377498626708984,39.625,243278000
2018-02-13,38.572330474853516,41.084999084472656,41.1875,40.412498474121094,40.48749923706055,130196800
2018-02-14,39.28350830078125,41.842498779296875,41.8849983215332,40.720001220703125,40.7599983215332,162579600
2018-02-15,40.60259246826172,43.247501373291016,43.272499084472656,42.25,42.4474983215332,204588800
2018-02-16,40.47114944458008,43.10749816894531,43.70500183105469,42.942501068115234,43.09000015258789,160704400
2018-02-20,40.33502960205078,42.962501525878906,43.564998626708984,42.85499954223633,43.01250076293945,135722000
2018-02-21,40.15193176269531,42.76750183105469,43.529998779296875,42.752498626708984,43.20750045776367,149886400
2018-02-22,40.48758316040039,43.125,43.48749923706055,42.9275016784668,42.95000076293945,123967600
2018-02-23,41.19171142578125,43.875,43.912498474121094,43.3849983215332,43.41749954223633,135249600
2018-02-26,42.006168365478516,44.74250030517578,44.84749984741211,44.0525016784668,44.087501525878906,152648800
2018-02-27,41.870033264160156,44.59749984741211,45.119998931884766,44.540000915527344,44.775001525878906,155712400
2018-02-28,41.8066520690918,44.529998779296875,45.154998779296875,44.51250076293945,44.814998626708984,151128400
2018-03-01,41.074363708496094,43.75,44.94499969482422,43.165000915527344,44.6349983215332,195208000
2018-03-02,41.358360290527344,44.0525016784668,44.07500076293945,43.11249923706055,43.20000076293945,153816000
2018-03-05,41.50153732299805,44.20500183105469,44.435001373291016,43.630001068115234,43.8025016784668,113605600
2018-03-06,41.46632385253906,44.16749954223633,44.5625,44.032501220703125,44.477500915527344,95154000
2018-03-07,41.08140182495117,43.75749969482422,43.962501525878906,43.567501068115234,43.73500061035156,126814000
2018-03-08,41.52969741821289,44.23500061035156,44.279998779296875,43.76750183105469,43.869998931884766,95096400
2018-03-09,42.24320983886719,44.994998931884766,45.0,44.34749984741211,44.4900016784668,128740800
2018-03-12,42.651615142822266,45.43000030517578,45.59749984741211,45.0525016784668,45.0724983215332,128828400
2018-03-13,42.240867614746094,44.99250030517578,45.875,44.810001373291016,45.647499084472656,126774000
2018-03-14,41.88175964355469,44.61000061035156,45.130001068115234,44.45249938964844,45.08000183105469,117473600
2018-03-15,41.93104553222656,44.662498474121094,45.060001373291016,44.51750183105469,44.625,90975200
2018-03-16,41.78318786621094,44.505001068115234,44.779998779296875,44.404998779296875,44.662498474121094,157618800
2018-03-19,41.144775390625,43.82500076293945,44.36750030517578,43.415000915527344,44.33000183105469,133787200
2018-03-20,41.13068771362305,43.810001373291016,44.20000076293945,43.73500061035156,43.810001373291016,78597600
2018-03-21,40.198890686035156,42.817501068115234,43.772499084472656,42.814998626708984,43.7599983215332,148219600
2018-03-22,39.630882263183594,42.212501525878906,43.16999816894531,42.150001525878906,42.5,165963200
2018-03-23,38.71316146850586,41.23500061035156,42.47999954223633,41.23500061035156,42.09749984741211,164115200
2018-03-26,40.55095672607422,43.192501068115234,43.275001525878906,41.61000061035156,42.01750183105469,150164800
2018-03-27,39.51118087768555,42.084999084472656,43.787498474121094,41.72999954223633,43.41999816894531,163690400
2018-03-28,39.07460403442383,41.619998931884766,42.505001068115234,41.29750061035156,41.8125,166674000
2018-03-29,39.37973403930664,41.94499969482422,42.9375,41.724998474121094,41.95249938964844,153594000
2018-04-02,39.121559143066406,41.66999816894531,42.23500061035156,41.11750030517578,41.65999984741211,150347200
2018-04-03,39.522926330566406,42.09749984741211,42.1875,41.220001220703125,41.90999984741211,121112000
2018-04-04,40.27869415283203,42.90250015258789,43.002498626708984,41.192501068115234,41.220001220703125,138422000
2018-04-05,40.55799865722656,43.20000076293945,43.557498931884766,43.02000045776367,43.14500045776367,107732800
2018-04-06,39.52057647705078,42.095001220703125,43.119998931884766,42.04999923706055,42.74250030517578,140021200
2018-04-09,39.912540435791016,42.51250076293945,43.272499084472656,42.462501525878906,42.470001220703125,116070800
2018-04-10,40.66361618041992,43.3125,43.5,42.88249969482422,43.25,113634400
2018-04-11,40.47349166870117,43.11000061035156,43.47999954223633,42.92499923706055,43.057498931884766,89726400
2018-04-12,40.87250518798828,43.53499984741211,43.75,43.2599983215332,43.352500915527344,91557200
2018-04-13,41.010982513427734,43.682498931884766,43.959999084472656,43.462501525878906,43.69499969482422,100497200
2018-04-16,41.266807556152344,43.95500183105469,44.04750061035156,43.70750045776367,43.75749969482422,86313600
2018-04-17,41.83481216430664,44.560001373291016,44.73500061035156,44.102500915527344,44.122501373291016,106421600
2018-04-18,41.740936279296875,44.459999084472656,44.70500183105469,44.220001220703125,44.45249938964844,83018000
2018-04-19,40.55799865722656,43.20000076293945,43.84749984741211,43.165000915527344,43.439998626708984,139235200
2018-04-20,38.89624786376953,41.43000030517578,42.80500030517578,41.35749816894531,42.650001525878906,261964400
2018-04-23,38.78358459472656,41.310001373291016,41.72999954223633,41.022499084472656,41.70750045776367,146062000
2018-04-24,38.243751525878906,40.73500061035156,41.58250045776367,40.30500030517578,41.41749954223633,134768000
2018-04-25,38.4103889465332,40.912498474121094,41.35499954223633,40.602500915527344,40.654998779296875,113528400
2018-04-26,38.54417037963867,41.05500030517578,41.432498931884766,40.842498779296875,41.029998779296875,111852000
2018-04-27,38.09822463989258,40.58000183105469,41.08250045776367,40.157501220703125,41.0,142623200
2018-04-30,38.788272857666016,41.314998626708984,41.814998626708984,40.459999084472656,40.532501220703125,169709600
2018-05-01,39.689579010009766,42.275001525878906,42.29999923706055,41.317501068115234,41.602500915527344,214277600
2018-05-02,41.44285583496094,44.14250183105469,44.4375,43.45000076293945,43.807498931884766,266157600
2018-05-03,41.5179557800293,44.22249984741211,44.375,43.61000061035156,43.970001220703125,136272800
2018-05-04,43.146854400634766,45.95750045776367,46.0625,44.54249954223633,44.5625,224805200
2018-05-07,43.45901870727539,46.290000915527344,46.91749954223633,46.1875,46.29499816894531,169805600
2018-05-08,43.66791534423828,46.51250076293945,46.55500030517578,45.91749954223633,46.247501373291016,113611200
2018-05-09,43.975379943847656,46.84000015258789,46.849998474121094,46.30500030517578,46.63750076293945,92844800
2018-05-10,44.60439682006836,47.5099983215332,47.592498779296875,46.912498474121094,46.935001373291016,111957200
2018-05-11,44.43476104736328,47.147499084472656,47.51499938964844,46.86249923706055,47.372501373291016,104848800
2018-05-14,44.33108901977539,47.037498474121094,47.38249969482422,46.96500015258789,47.252498626708984,83115200
2018-05-15,43.92818069458008,46.61000061035156,46.76750183105469,46.275001525878906,46.69499969482422,94780800
2018-05-16,44.338157653808594,47.04499816894531,47.1150016784668,46.5,46.51750183105469,76732400
2018-05-17,44.05777359008789,46.747501373291016,47.227500915527344,46.59000015258789,47.0,69176000
2018-05-18,43.89756774902344,46.57749938964844,46.95249938964844,46.532501220703125,46.79750061035156,73190800
2018-05-21,44.208580017089844,46.907501220703125,47.317501068115234,46.727500915527344,47.0,73603200
2018-05-22,44.097835540771484,46.790000915527344,47.220001220703125,46.69499969482422,47.095001220703125,60962800
2018-05-23,44.38058090209961,47.09000015258789,47.125,46.439998626708984,46.587501525878906,80233600
2018-05-24,44.33108901977539,47.037498474121094,47.209999084472656,46.5525016784668,47.192501068115234,92936000
2018-05-25,44.43240737915039,47.14500045776367,47.412498474121094,46.912498474121094,47.057498931884766,69844000
2018-05-29,44.272186279296875,46.974998474121094,47.1875,46.717498779296875,46.900001525878906,90056400
2018-05-30,44.17793655395508,46.875,47.0,46.69499969482422,46.93000030517578,74762000
2018-05-31,44.02949905395508,46.717498779296875,47.057498931884766,46.53499984741211,46.80500030517578,109931200
2018-06-01,44.82352828979492,47.560001373291016,47.564998626708984,46.9375,46.997501373291016,93770000
2018-06-04,45.19816207885742,47.95750045776367,48.35499954223633,47.837501525878906,47.90999984741211,105064800
2018-06-05,45.54686737060547,48.32749938964844,48.48500061035156,48.09000015258789,48.26750183105469,86264000
2018-06-06,45.7047233581543,48.494998931884766,48.52000045776367,47.97999954223633,48.407501220703125,83734400
2018-06-07,45.582210540771484,48.3650016784668,48.54999923706055,48.084999084472656,48.53499984741211,85388800
2018-06-08,45.16752243041992,47.92499923706055,48.0,47.442501068115234,47.79249954223633,106627200
2018-06-11,45.056793212890625,47.807498931884766,47.99250030517578,47.5525016784668,47.837501525878906,73234000
2018-06-12,45.3041877746582,48.06999969482422,48.15250015258789,47.787498474121094,47.84749984741211,67644400
2018-06-13,44.931915283203125,47.67499923706055,48.220001220703125,47.61000061035156,48.10499954223633,86553600
2018-06-14,44.95546340942383,47.70000076293945,47.89250183105469,47.55500030517578,47.88750076293945,86440400
2018-06-15,44.49366760253906,47.209999084472656,47.540000915527344,47.064998626708984,47.50749969482422,246876800
2018-06-18,44.4701042175293,47.185001373291016,47.30500030517578,46.79999923706055,46.970001220703125,73939600
2018-06-19,43.75149154663086,46.42250061035156,46.58250045776367,45.86249923706055,46.28499984741211,134314000
2018-06-20,43.94232177734375,46.625,46.79999923706055,46.432498931884766,46.587501525878906,82514800
2018-06-21,43.69729232788086,46.3650016784668,47.087501525878906,46.23500061035156,46.8125,102847600
2018-06-22,43.570045471191406,46.22999954223633,46.537498474121094,46.17499923706055,46.529998779296875,108801600
2018-06-25,42.922115325927734,45.54249954223633,46.22999954223633,45.182498931884766,45.849998474121094,126652400
2018-06-26,43.45459747314453,46.10749816894531,46.63249969482422,45.6349983215332,45.747501373291016,98276800
2018-06-27,43.390987396240234,46.040000915527344,46.81999969482422,46.00749969482422,46.307498931884766,101141200
2018-06-28,43.70669937133789,46.375,46.5525016784668,45.95000076293945,46.025001525878906,69460800
2018-06-29,43.614810943603516,46.27750015258789,46.79750061035156,45.727500915527344,46.5724983215332,90950800
2018-07-02,44.10254669189453,46.79499816894531,46.82500076293945,45.85499954223633,45.95500183105469,70925200
2018-07-03,43.33443832397461,45.97999954223633,46.98749923706055,45.8849983215332,46.9474983215332,55819200
2018-07-05,43.683143615722656,46.349998474121094,46.602500915527344,46.06999969482422,46.314998626708984,66416800
2018-07-06,44.28866958618164,46.99250030517578,47.10749816894531,46.29999923706055,46.35499954223633,69940800
2018-07-09,44.90363693237305,47.64500045776367,47.66999816894531,47.32500076293945,47.375,79026400
2018-07-10,44.849430084228516,47.587501525878906,47.81999969482422,47.54499816894531,47.6775016784668,63756400
2018-07-11,44.2674674987793,46.970001220703125,47.44499969482422,46.90250015258789,47.125,75326000
2018-07-12,45.00967788696289,47.75749969482422,47.852500915527344,47.32749938964844,47.38249969482422,72164400
2018-07-13,45.08035659790039,47.83250045776367,47.959999084472656,47.724998474121094,47.77000045776367,50055600
2018-07-16,44.98138427734375,47.727500915527344,48.162498474121094,47.60499954223633,47.880001068115234,60172400
2018-07-17,45.108619689941406,47.86249923706055,47.967498779296875,47.29999923706055,47.4375,62138000
2018-07-18,44.861236572265625,47.599998474121094,47.95000076293945,47.48249816894531,47.94499969482422,65573600
2018-07-19,45.20993423461914,47.970001220703125,48.13750076293945,47.42250061035156,47.42250061035156,81147200
2018-07-20,45.10627365112305,47.86000061035156,48.10749816894531,47.54249954223633,47.94499969482422,82704800
2018-07-23,45.14631652832031,47.90250015258789,47.9900016784668,47.38999938964844,47.66999816894531,63957600
2018-07-24,45.47382736206055,48.25,48.415000915527344,48.01250076293945,48.11249923706055,74791600
2018-07-25,45.90264892578125,48.70500183105469,48.712501525878906,48.10749816894531,48.26499938964844,66839600
2018-07-26,45.7589225769043,48.5525016784668,48.9900016784668,48.40250015258789,48.65250015258789,76304000
2018-07-27,44.997886657714844,47.744998931884766,48.79750061035156,47.525001525878906,48.747501373291016,96096000
2018-07-30,44.745765686035156,47.477500915527344,48.04999923706055,47.26750183105469,47.974998474121094,84118000
2018-07-31,44.835296630859375,47.5724983215332,48.03499984741211,47.334999084472656,47.57500076293945,157492000
2018-08-01,47.4765625,50.375,50.439998626708984,49.32749938964844,49.782501220703125,271742800
2018-08-02,48.864341735839844,51.84749984741211,52.095001220703125,50.087501525878906,50.14500045776367,249616000
2018-08-03,49.005706787109375,51.997501373291016,52.185001373291016,51.369998931884766,51.75749969482422,133789600
2018-08-06,49.26016616821289,52.26750183105469,52.3125,51.76750183105469,52.0,101701600
2018-08-07,48.798362731933594,51.77750015258789,52.375,51.689998626708984,52.33000183105469,102349600
2018-08-08,48.83134460449219,51.8125,51.95249938964844,51.130001068115234,51.51250076293945,90102000
2018-08-09,49.215415954589844,52.220001220703125,52.44499969482422,51.79999923706055,52.38249969482422,93970400
2018-08-10,49.068817138671875,51.88249969482422,52.275001525878906,51.66749954223633,51.84000015258789,98444800
2018-08-13,49.38564682006836,52.217498779296875,52.73749923706055,51.92499923706055,52.32749938964844,103563600
2018-08-14,49.59370803833008,52.4375,52.63999938964844,52.064998626708984,52.540000915527344,82992000
2018-08-15,49.709571838378906,52.560001373291016,52.685001373291016,52.08250045776367,52.30500030517578,115230400
2018-08-16,50.43781280517578,53.33000183105469,53.45249938964844,52.86750030517578,52.9375,114001600
2018-08-17,51.44505310058594,54.39500045776367,54.48749923706055,53.290000915527344,53.36000061035156,141708000
2018-08-20,50.94379806518555,53.8650016784668,54.79499816894531,53.77750015258789,54.525001525878906,121150800
2018-08-21,50.844486236572266,53.7599983215332,54.29750061035156,53.50749969482422,54.20000076293945,104639200
2018-08-22,50.846858978271484,53.76250076293945,54.09000015258789,53.459999084472656,53.525001525878906,76072400
2018-08-23,50.950897216796875,53.872501373291016,54.26250076293945,53.650001525878906,53.662498474121094,75532800
2018-08-24,51.10929870605469,54.040000915527344,54.224998474121094,53.77750015258789,54.150001525878906,73905600
2018-08-27,51.53017807006836,54.48500061035156,54.685001373291016,54.08250045776367,54.287498474121094,82100400
2018-08-28,51.94632339477539,54.92499923706055,55.1349983215332,54.72999954223633,54.752498626708984,91107200
2018-08-29,52.72184371948242,55.744998931884766,55.872501373291016,54.852500915527344,55.037498474121094,109019200
2018-08-30,53.20655059814453,56.25749969482422,57.064998626708984,55.599998474121094,55.8125,195175200
2018-08-31,53.82129669189453,56.907501220703125,57.217498779296875,56.5,56.627498626708984,173360400
2018-09-04,53.993900299072266,57.09000015258789,57.29499816894531,56.657501220703125,57.102500915527344,109560400
2018-09-05,53.6416015625,56.717498779296875,57.41749954223633,56.275001525878906,57.247501373291016,133332000
2018-09-06,52.750213623046875,55.775001525878906,56.837501525878906,55.32500076293945,56.557498931884766,137160000
2018-09-07,52.324623107910156,55.32500076293945,56.342498779296875,55.1775016784668,55.462501525878906,150479200
2018-09-10,51.62239074707031,54.58250045776367,55.462501525878906,54.11750030517578,55.23749923706055,158066000
2018-09-11,52.92755126953125,55.962501525878906,56.07500076293945,54.13999938964844,54.502498626708984,142996000
2018-09-12,52.27024841308594,55.26750183105469,56.25,54.959999084472656,56.23500061035156,197114800
2018-09-13,53.53282928466797,56.602500915527344,57.087501525878906,55.64250183105469,55.880001068115234,166825600
2018-09-14,52.925174713134766,55.959999084472656,56.709999084472656,55.630001068115234,56.4375,127997200
2018-09-17,51.5160026550293,54.470001220703125,55.73749923706055,54.317501068115234,55.537498474121094,148780400
2018-09-18,51.601112365722656,54.560001373291016,55.462501525878906,54.279998779296875,54.4474983215332,126286800
2018-09-19,51.6318473815918,54.592498779296875,54.904998779296875,53.82500076293945,54.625,108495200
2018-09-20,52.024330139160156,55.00749969482422,55.56999969482422,54.787498474121094,55.060001373291016,106435200
2018-09-21,51.463966369628906,54.415000915527344,55.34000015258789,54.3224983215332,55.19499969482422,384986800
2018-09-24,52.20402908325195,55.1974983215332,55.314998626708984,54.157501220703125,54.20500183105469,110773600
2018-09-25,52.535037994384766,55.54750061035156,55.70500183105469,54.92499923706055,54.9375,98217600
2018-09-26,52.116539001464844,55.10499954223633,55.9375,54.939998626708984,55.25,95938800
2018-09-27,53.18762969970703,56.23749923706055,56.61000061035156,55.8849983215332,55.95500183105469,120724800
2018-09-28,53.37442398071289,56.435001373291016,56.459999084472656,56.005001068115234,56.1974983215332,91717600
2018-10-01,53.73381805419922,56.814998626708984,57.35499954223633,56.587501525878906,56.98749923706055,94403200
2018-10-02,54.211421966552734,57.31999969482422,57.5,56.657501220703125,56.8125,99152800
2018-10-03,54.8711051940918,58.01750183105469,58.36750030517578,57.44499969482422,57.51250076293945,114619200
2018-10-04,53.90641784667969,56.997501373291016,58.087501525878906,56.682498931884766,57.69499969482422,128168000
2018-10-05,53.03158187866211,56.0724983215332,57.102500915527344,55.14500045776367,56.9900016784668,134322000
2018-10-08,52.908634185791016,55.942501068115234,56.20000076293945,55.04999923706055,55.5525016784668,118655600
2018-10-09,53.6416015625,56.717498779296875,56.817501068115234,55.5625,55.90999984741211,107564000
2018-10-10,51.15660095214844,54.09000015258789,56.587501525878906,54.01250076293945,56.3650016784668,167962400
2018-10-11,50.70499038696289,53.61249923706055,54.875,53.08000183105469,53.630001068115234,212497600
2018-10-12,52.51612854003906,55.52750015258789,55.720001220703125,54.209999084472656,55.10499954223633,161351600
2018-10-15,51.39303207397461,54.34000015258789,55.45750045776367,54.317501068115234,55.290000915527344,123164000
2018-10-16,52.525596618652344,55.537498474121094,55.747501373291016,54.189998626708984,54.73249816894531,116736000
2018-10-17,52.298614501953125,55.29750061035156,55.65999984741211,54.834999084472656,55.57500076293945,91541600
2018-10-18,51.07621383666992,54.005001068115234,54.935001373291016,53.25,54.46500015258789,130325200
2018-10-19,51.85409927368164,54.82749938964844,55.314998626708984,54.35749816894531,54.51499938964844,132314800
2018-10-22,52.170928955078125,55.162498474121094,55.84000015258789,54.73500061035156,54.9474983215332,115168400
2018-10-23,52.6627311706543,55.682498931884766,55.8125,53.67499923706055,53.95750045776367,155071200
2018-10-24,50.856300354003906,53.772499084472656,56.057498931884766,53.6349983215332,55.650001525878906,163702000
2018-10-25,51.9699592590332,54.95000076293945,55.345001220703125,54.1875,54.4275016784668,119423200
2018-10-26,51.14240646362305,54.07500076293945,55.04750061035156,53.16749954223633,53.974998474121094,189033600
2018-10-29,50.18244934082031,53.060001373291016,54.92250061035156,51.522499084472656,54.79750061035156,183742000
2018-10-30,50.433074951171875,53.32500076293945,53.79499816894531,52.317501068115234,52.787498474121094,146640000
2018-10-31,51.74769592285156,54.71500015258789,55.11249923706055,54.154998779296875,54.220001220703125,153435600
2018-11-01,52.54214859008789,55.55500030517578,55.59000015258789,54.20249938964844,54.76250076293945,233292800
2018-11-02,49.056983947753906,51.869998931884766,53.412498474121094,51.35749816894531,52.38750076293945,365314800
2018-11-05,47.664344787597656,50.397499084472656,51.09749984741211,49.54249954223633,51.07500076293945,264654800
2018-11-06,48.17979049682617,50.942501068115234,51.18000030517578,50.42250061035156,50.47999954223633,127531600
2018-11-07,49.64100646972656,52.48749923706055,52.51499938964844,51.032501220703125,51.49250030517578,133697600
2018-11-08,49.467796325683594,52.122501373291016,52.529998779296875,51.6875,52.494998931884766,101450400
2018-11-09,48.51398849487305,51.11750030517578,51.502498626708984,50.5625,51.38750076293945,137463200
2018-11-12,46.07013702392578,48.54249954223633,49.962501525878906,48.4474983215332,49.75,204542000
2018-11-13,45.60983657836914,48.057498931884766,49.29499816894531,47.86249923706055,47.907501220703125,187531600
2018-11-14,44.32148742675781,46.70000076293945,48.619998931884766,46.48249816894531,48.474998474121094,243204000
2018-11-15,45.41527557373047,47.852500915527344,47.99250030517578,46.724998474121094,47.09749984741211,185915200
2018-11-16,45.91828536987305,48.38249969482422,48.74250030517578,47.3650016784668,47.625,147713200
2018-11-19,44.098445892333984,46.46500015258789,47.67499923706055,46.247501373291016,47.5,167701200
2018-11-20,41.991512298583984,44.244998931884766,45.36750030517578,43.877498626708984,44.592498779296875,271300800
2018-11-21,41.94406509399414,44.19499969482422,45.067501068115234,44.13750076293945,44.932498931884766,124496800
2018-11-23,40.87873458862305,43.0724983215332,44.150001525878906,43.025001525878906,43.73500061035156,94496000
2018-11-26,41.43156433105469,43.654998779296875,43.73749923706055,42.564998626708984,43.560001373291016,179994000
2018-11-27,41.341392517089844,43.560001373291016,43.692501068115234,42.720001220703125,42.877498626708984,165549600
2018-11-28,42.93108367919922,45.23500061035156,45.3224983215332,43.73249816894531,44.182498931884766,184250000
2018-11-29,42.60128402709961,44.88750076293945,45.70000076293945,44.42499923706055,45.665000915527344,167080000
2018-11-30,42.37114334106445,44.64500045776367,45.08250045776367,44.25749969482422,45.0724983215332,158126000
2018-12-03,43.851680755615234,46.20500183105469,46.23500061035156,45.3025016784668,46.1150016784668,163210000
2018-12-04,41.92271423339844,44.17250061035156,45.59749984741211,44.067501068115234,45.23749923706055,165377200
2018-12-06,41.455299377441406,43.68000030517578,43.69499969482422,42.60499954223633,42.939998626708984,172393600
2018-12-07,39.977115631103516,42.122501373291016,43.622501373291016,42.07500076293945,43.372501373291016,169126400
2018-12-10,40.240482330322266,42.400001525878906,42.522499084472656,40.83250045776367,41.25,248104000
2018-12-11,40.010345458984375,42.157501220703125,42.9474983215332,41.75,42.915000915527344,189126800
2018-12-12,40.121856689453125,42.275001525878906,42.97999954223633,42.255001068115234,42.599998474121094,142510800
2018-12-13,40.560791015625,42.73749923706055,43.14250183105469,42.38750076293945,42.622501373291016,127594400
2018-12-14,39.26294708251953,41.369998931884766,42.27000045776367,41.31999969482422,42.25,162814800
2018-12-17,38.897552490234375,40.98500061035156,42.087501525878906,40.682498931884766,41.36249923706055,177151600
2018-12-18,39.40293502807617,41.51750183105469,41.88249969482422,41.09749984741211,41.345001220703125,135366000
2018-12-19,38.17388916015625,40.22249984741211,41.86249923706055,39.772499084472656,41.5,196189200
2018-12-20,37.21059036254883,39.20750045776367,40.52750015258789,38.82500076293945,40.099998474121094,259092000
2018-12-21,35.76326370239258,37.682498931884766,39.540000915527344,37.407501220703125,39.21500015258789,382978400
2018-12-24,34.83791732788086,36.70750045776367,37.88750076293945,36.647499084472656,37.037498474121094,148676800
2018-12-26,37.291255950927734,39.29249954223633,39.307498931884766,36.68000030517578,37.07500076293945,234330000
2018-12-27,37.04924392700195,39.037498474121094,39.192501068115234,37.51750183105469,38.959999084472656,212468400
2018-12-28,37.0682258605957,39.057498931884766,39.630001068115234,38.63750076293945,39.375,169165600
2018-12-31,37.4265022277832,39.435001373291016,39.84000015258789,39.119998931884766,39.63249969482422,140014000
2019-01-02,37.46919631958008,39.47999954223633,39.712501525878906,38.557498931884766,38.72249984741211,148158800
2019-01-03,33.73699188232422,35.54750061035156,36.43000030517578,35.5,35.994998931884766,365248800
2019-01-04,35.17720031738281,37.064998626708984,37.13750076293945,35.95000076293945,36.13249969482422,234428400
2019-01-07,35.098907470703125,36.98249816894531,37.20750045776367,36.474998474121094,37.17499923706055,219111200
2019-01-08,35.76799774169922,37.6875,37.95500183105469,37.130001068115234,37.38999938964844,164101200
2019-01-09,36.37540054321289,38.32749938964844,38.63249969482422,37.407501220703125,37.8224983215332,180396400
2019-01-10,36.491661071777344,38.45000076293945,38.49250030517578,37.71500015258789,38.125,143122800
2019-01-11,36.13338088989258,38.0724983215332,38.42499923706055,37.877498626708984,38.220001220703125,108092800
2019-01-14,35.59004592895508,37.5,37.817501068115234,37.30500030517578,37.712501525878906,129756800
2019-01-15,36.318450927734375,38.26750183105469,38.34749984741211,37.51250076293945,37.567501068115234,114843600
2019-01-16,36.762149810791016,38.73500061035156,38.970001220703125,38.25,38.27000045776367,122278800
2019-01-17,36.98043441772461,38.96500015258789,39.415000915527344,38.314998626708984,38.54999923706055,119284800
2019-01-18,37.20820999145508,39.20500183105469,39.470001220703125,38.994998931884766,39.375,135004000
2019-01-22,36.37303161621094,38.32500076293945,39.182498931884766,38.154998779296875,39.102500915527344,121576000
2019-01-23,36.52013397216797,38.47999954223633,38.78499984741211,37.92499923706055,38.537498474121094,92522400
2019-01-24,36.23067855834961,38.17499923706055,38.619998931884766,37.935001373291016,38.52750015258789,101766000
2019-01-25,37.431243896484375,39.439998626708984,39.532501220703125,38.58000183105469,38.869998931884766,134142000
2019-01-28,37.084835052490234,39.07500076293945,39.08250045776367,38.415000915527344,38.9474983215332,104768400
2019-01-29,36.70045471191406,38.66999816894531,39.532501220703125,38.52750015258789,39.0625,166348800
2019-01-30,39.208370208740234,41.3125,41.537498474121094,40.057498931884766,40.8125,244439200
2019-01-31,39.4907112121582,41.61000061035156,42.25,41.13999938964844,41.52750015258789,162958400
2019-02-01,39.509700775146484,41.630001068115234,42.244998931884766,41.48249816894531,41.7400016784668,130672400
2019-02-04,40.6319694519043,42.8125,42.915000915527344,41.81999969482422,41.852500915527344,125982000
2019-02-05,41.32716369628906,43.54499816894531,43.77000045776367,43.087501525878906,43.21500015258789,144406400
2019-02-06,41.341392517089844,43.560001373291016,43.89250183105469,43.212501525878906,43.662498474121094,112958400
2019-02-07,40.558414459228516,42.73500061035156,43.48500061035156,42.584999084472656,43.099998474121094,126966800
2019-02-08,40.606075286865234,42.602500915527344,42.665000915527344,42.10499954223633,42.247501373291016,95280000
2019-02-11,40.37256622314453,42.35749816894531,42.8025016784668,42.3125,42.76250076293945,83973600
2019-02-12,40.72045135498047,42.72249984741211,42.75,42.42499923706055,42.525001525878906,89134000
2019-02-13,40.551265716552734,42.54499816894531,43.119998931884766,42.47999954223633,42.84749984741211,89960800
2019-02-14,40.69901657104492,42.70000076293945,42.814998626708984,42.345001220703125,42.4275016784668,87342800
2019-02-15,40.608455657958984,42.60499954223633,42.92499923706055,42.4375,42.8125,98507200
2019-02-19,40.729984283447266,42.73249816894531,42.86000061035156,42.372501373291016,42.4275016784668,75891200
2019-02-20,40.99209213256836,43.00749969482422,43.33000183105469,42.747501373291016,42.79750061035156,104457600
2019-02-21,40.76095199584961,42.76499938964844,43.092498779296875,42.57500076293945,42.95000076293945,68998800
2019-02-22,41.21609115600586,43.24250030517578,43.25,42.845001220703125,42.89500045776367,75652800
2019-02-25,41.51633071899414,43.557498931884766,43.967498779296875,43.48749923706055,43.540000915527344,87493600
2019-02-26,41.540157318115234,43.58250045776367,43.82500076293945,43.29249954223633,43.4275016784668,68280800
2019-02-27,41.66883087158203,43.717498779296875,43.75,43.182498931884766,43.3025016784668,111341600
2019-02-28,41.258968353271484,43.287498474121094,43.727500915527344,43.22999954223633,43.58000183105469,112861600
2019-03-01,41.69266128540039,43.74250030517578,43.787498474121094,43.22249984741211,43.56999969482422,103544800
2019-03-04,41.9023551940918,43.962501525878906,44.4375,43.49250030517578,43.92250061035156,109744800
2019-03-05,41.82609558105469,43.88249969482422,44.0,43.6349983215332,43.98500061035156,78949600
2019-03-06,41.58543014526367,43.630001068115234,43.872501373291016,43.48500061035156,43.66749954223633,83241600
2019-03-07,41.10409164428711,43.125,43.61000061035156,43.005001068115234,43.467498779296875,99185600
2019-03-08,41.20178985595703,43.227500915527344,43.26750183105469,42.375,42.58000183105469,95997600
2019-03-11,42.62911605834961,44.724998474121094,44.779998779296875,43.837501525878906,43.872501373291016,128044000
2019-03-12,43.10805892944336,45.227500915527344,45.66749954223633,44.842498779296875,45.0,129870400
2019-03-13,43.29869842529297,45.4275016784668,45.82500076293945,45.22999954223633,45.5625,124130000
2019-03-14,43.780025482177734,45.932498931884766,46.025001525878906,45.63999938964844,45.974998474121094,94318000
2019-03-15,44.34952926635742,46.529998779296875,46.83250045776367,45.935001373291016,46.212501525878906,156171600
2019-03-18,44.802268981933594,47.005001068115234,47.09749984741211,46.4474983215332,46.45000076293945,104879200
2019-03-19,44.44721984863281,46.63249969482422,47.247501373291016,46.47999954223633,47.087501525878906,126585600
2019-03-20,44.835628509521484,47.040000915527344,47.372501373291016,46.182498931884766,46.557498931884766,124140800
2019-03-21,46.4869499206543,48.772499084472656,49.08250045776367,47.45249938964844,47.505001068115234,204136800
2019-03-22,45.524261474609375,47.76250076293945,49.42250061035156,47.69499969482422,48.834999084472656,169630800
2019-03-25,44.97383117675781,47.185001373291016,47.994998931884766,46.650001525878906,47.877498626708984,175381200
2019-03-26,44.50918197631836,46.6974983215332,48.220001220703125,46.14500045776367,47.915000915527344,199202000
2019-03-27,44.90949249267578,47.11750030517578,47.439998626708984,46.63750076293945,47.1875,119393600
2019-03-28,44.96906280517578,47.18000030517578,47.38999938964844,46.88249969482422,47.23749923706055,83121600
2019-03-29,45.26215744018555,47.48749923706055,47.52000045776367,47.1349983215332,47.45750045776367,94256000
2019-04-01,45.569541931152344,47.810001373291016,47.91999816894531,47.095001220703125,47.90999984741211,111448000
2019-04-02,46.231971740722656,48.505001068115234,48.6150016784668,47.76250076293945,47.772499084472656,91062800
2019-04-03,46.54889678955078,48.837501525878906,49.125,48.287498474121094,48.3125,93087200
2019-04-04,46.629913330078125,48.92250061035156,49.092498779296875,48.28499984741211,48.6974983215332,76457200
2019-04-05,46.94205856323242,49.25,49.275001525878906,48.98249816894531,49.11249923706055,74106400
2019-04-08,47.68074035644531,50.025001525878906,50.057498931884766,49.084999084472656,49.10499954223633,103526800
2019-04-09,47.53778076171875,49.875,50.712501525878906,49.807498931884766,50.08000183105469,143072800
2019-04-10,47.804656982421875,50.154998779296875,50.185001373291016,49.54499816894531,49.66999816894531,86781200
2019-04-11,47.40671157836914,49.73749923706055,50.25,49.61000061035156,50.212501525878906,83603200
2019-04-12,47.387664794921875,49.717498779296875,50.03499984741211,49.0525016784668,49.79999923706055,111042800
2019-04-15,47.473445892333984,49.807498931884766,49.962501525878906,49.502498626708984,49.64500045776367,70146400
2019-04-16,47.47820281982422,49.8125,50.342498779296875,49.63999938964844,49.8650016784668,102785600
2019-04-17,48.40275192260742,50.782501220703125,50.845001220703125,49.65250015258789,49.8849983215332,115627200
2019-04-18,48.576690673828125,50.96500015258789,51.037498474121094,50.630001068115234,50.779998779296875,96783200
2019-04-22,48.73634719848633,51.13249969482422,51.23500061035156,50.584999084472656,50.70750045776367,77758000
2019-04-23,49.43928527832031,51.869998931884766,51.9375,50.974998474121094,51.10749816894531,93292000
2019-04-24,49.363033294677734,51.790000915527344,52.119998931884766,51.76250076293945,51.84000015258789,70162400
2019-04-25,48.915061950683594,51.31999969482422,51.939998626708984,51.279998779296875,51.70750045776367,74172800
2019-04-26,48.68154525756836,51.07500076293945,51.25,50.529998779296875,51.224998474121094,74596400
2019-04-29,48.755409240722656,51.15250015258789,51.49250030517578,50.96500015258789,51.099998474121094,88818800
2019-04-30,47.81657028198242,50.16749954223633,50.849998474121094,49.77750015258789,50.76499938964844,186139600
2019-05-01,50.16366958618164,52.630001068115234,53.82749938964844,52.307498931884766,52.470001220703125,259309200
2019-05-02,49.83720397949219,52.287498474121094,53.162498474121094,52.032501220703125,52.459999084472656,127985200
2019-05-03,50.456764221191406,52.9375,52.959999084472656,52.557498931884766,52.72249984741211,83569600
2019-05-06,49.67757034301758,52.119998931884766,52.209999084472656,50.875,51.0724983215332,129772400
2019-05-07,48.33841323852539,50.71500015258789,51.85499954223633,50.20750045776367,51.470001220703125,155054800
2019-05-08,48.34794235229492,50.724998474121094,51.334999084472656,50.4375,50.474998474121094,105358000
2019-05-09,47.828487396240234,50.18000030517578,50.41999816894531,49.165000915527344,50.099998474121094,139634400
2019-05-10,47.16590118408203,49.29499816894531,49.712501525878906,48.192501068115234,49.35499954223633,164834800
2019-05-13,44.424644470214844,46.43000030517578,47.369998931884766,45.712501525878906,46.9275016784668,229722400
2019-05-14,45.127891540527344,47.165000915527344,47.42499923706055,46.352500915527344,46.602500915527344,146118800
2019-05-15,45.668479919433594,47.72999954223633,47.9375,46.505001068115234,46.567501068115234,106178800
2019-05-16,45.467567443847656,47.52000045776367,48.11750030517578,47.209999084472656,47.477500915527344,132125600
2019-05-17,45.20921325683594,47.25,47.724998474121094,46.689998626708984,46.73249816894531,131516400
2019-05-20,43.795528411865234,45.772499084472656,46.087501525878906,45.06999969482422,45.880001068115234,154449200
2019-05-21,44.63513946533203,46.650001525878906,47.0,46.17499923706055,46.30500030517578,113459200
2019-05-22,43.72138214111328,45.69499969482422,46.4275016784668,45.63750076293945,46.165000915527344,118994400
2019-05-23,42.97507095336914,44.915000915527344,45.1349983215332,44.45249938964844,44.95000076293945,146118800
2019-05-24,42.810020446777344,44.74250030517578,45.53499984741211,44.654998779296875,45.04999923706055,94858800
2019-05-28,42.63300704956055,44.557498931884766,45.147499084472656,44.477500915527344,44.72999954223633,111792800
2019-05-29,42.42969512939453,44.345001220703125,44.837501525878906,44.0,44.10499954223633,113924800
2019-05-30,42.64975357055664,44.57500076293945,44.807498931884766,44.16749954223633,44.48749923706055,84873600
2019-05-31,41.87714385986328,43.76750183105469,44.497501373291016,43.747501373291016,44.057498931884766,108174400
2019-06-03,41.453739166259766,43.32500076293945,44.47999954223633,42.567501068115234,43.900001525878906,161584400
2019-06-04,42.97029113769531,44.90999984741211,44.95750045776367,43.630001068115234,43.86000061035156,123872000
2019-06-05,43.66396713256836,45.6349983215332,46.247501373291016,45.28499984741211,46.06999969482422,119093600
2019-06-06,44.30503463745117,46.30500030517578,46.36750030517578,45.537498474121094,45.77000045776367,90105200
2019-06-07,45.48429870605469,47.537498474121094,47.97999954223633,46.442501068115234,46.627498626708984,122737600
2019-06-10,46.065555572509766,48.14500045776367,48.842498779296875,47.904998779296875,47.95249938964844,104883600
2019-06-11,46.598976135253906,48.70249938964844,49.0,48.400001525878906,48.71500015258789,107731600
2019-06-12,46.450687408447266,48.54750061035156,48.99250030517578,48.34749984741211,48.48749923706055,73012800
2019-06-13,46.44110107421875,48.537498474121094,49.1974983215332,48.400001525878906,48.67499923706055,86698400
2019-06-14,46.10382843017578,48.185001373291016,48.397499084472656,47.57500076293945,47.88750076293945,75046000
2019-06-17,46.37891387939453,48.47249984741211,48.7400016784668,48.04249954223633,48.224998474121094,58676400
2019-06-18,47.46968078613281,49.61249923706055,50.0724983215332,48.8025016784668,49.01250076293945,106204000
2019-06-19,47.33095169067383,49.467498779296875,49.970001220703125,49.32749938964844,49.91999816894531,84496800
2019-06-20,47.71127700805664,49.8650016784668,50.15250015258789,49.50749969482422,50.092498779296875,86056000
2019-06-21,47.54861831665039,49.69499969482422,50.212501525878906,49.537498474121094,49.70000076293945,191202400
2019-06-24,47.50079345703125,49.64500045776367,50.040000915527344,49.54249954223633,49.6349983215332,72881600
2019-06-25,46.780792236328125,48.89250183105469,49.814998626708984,48.8224983215332,49.60749816894531,84281200
2019-06-26,47.7926025390625,49.95000076293945,50.247501373291016,49.337501525878906,49.442501068115234,104270000
2019-06-27,47.778255462646484,49.935001373291016,50.39250183105469,49.89250183105469,50.0724983215332,83598800
2019-06-28,47.342899322509766,49.47999954223633,49.875,49.26250076293945,49.66999816894531,124442400
2019-07-01,48.211219787597656,50.38750076293945,51.122501373291016,50.162498474121094,50.79249954223633,109012000
2019-07-02,48.49345397949219,50.682498931884766,50.782501220703125,50.34000015258789,50.352500915527344,67740800
2019-07-03,48.895320892333984,51.102500915527344,51.11000061035156,50.67250061035156,50.81999969482422,45448000
2019-07-05,48.85227584838867,51.057498931884766,51.27000045776367,50.724998474121094,50.837501525878906,69062000
2019-07-08,47.84523010253906,50.005001068115234,50.349998474121094,49.602500915527344,50.20249938964844,101354400
2019-07-09,48.13705825805664,50.310001373291016,50.377498626708984,49.70249938964844,49.79999923706055,82312000
2019-07-10,48.613067626953125,50.807498931884766,50.932498931884766,50.38999938964844,50.462501525878906,71588400
2019-07-11,48.25904846191406,50.4375,51.09749984741211,50.4275016784668,50.82749938964844,80767200
2019-07-12,48.62981033325195,50.82500076293945,51.0,50.54999923706055,50.61249923706055,70380800
2019-07-15,49.0866813659668,51.3025016784668,51.467498779296875,51.0,51.022499084472656,67789600
2019-07-16,48.91686248779297,51.125,51.52750015258789,50.875,51.147499084472656,67467200
2019-07-17,48.64177322387695,50.837501525878906,51.272499084472656,50.817501068115234,51.01250076293945,56430000
2019-07-18,49.1943244934082,51.415000915527344,51.470001220703125,50.92499923706055,51.0,74162400
2019-07-19,48.45997619628906,50.647499084472656,51.625,50.59000015258789,51.4474983215332,83717200
2019-07-22,49.567474365234375,51.80500030517578,51.807498931884766,50.90250015258789,50.912498474121094,89111600
2019-07-23,49.95498275756836,52.209999084472656,52.227500915527344,51.8224983215332,52.1150016784668,73420800
2019-07-24,49.91432571411133,52.16749954223633,52.287498474121094,51.79249954223633,51.91749954223633,59966400
2019-07-25,49.5196418762207,51.755001068115234,52.310001373291016,51.682498931884766,52.22249984741211,55638400
2019-07-26,49.69187927246094,51.935001373291016,52.432498931884766,51.78499984741211,51.869998931884766,70475600
2019-07-29,50.155914306640625,52.41999816894531,52.65999984741211,52.11000061035156,52.1150016784668,86693600
2019-07-30,49.940635681152344,52.19499969482422,52.540000915527344,51.82749938964844,52.189998626708984,135742800
2019-07-31,50.95963668823242,53.2599983215332,55.342498779296875,52.82500076293945,54.10499954223633,277125600
2019-08-01,49.85691452026367,52.10749816894531,54.50749969482422,51.685001373291016,53.474998474121094,216071600
2019-08-02,48.80203628540039,51.005001068115234,51.60749816894531,50.407501220703125,51.38249969482422,163448400
2019-08-05,46.247352600097656,48.334999084472656,49.662498474121094,48.14500045776367,49.497501373291016,209572000
2019-08-06,47.12283706665039,49.25,49.51750183105469,48.5099983215332,49.07749938964844,143299200
2019-08-07,47.610801696777344,49.7599983215332,49.88999938964844,48.45500183105469,48.852500915527344,133457600
2019-08-08,48.66090393066406,50.85749816894531,50.88249969482422,49.84749984741211,50.04999923706055,108038000
2019-08-09,48.259925842285156,50.247501373291016,50.689998626708984,49.8224983215332,50.32500076293945,98478800
2019-08-12,48.13745880126953,50.119998931884766,50.51250076293945,49.787498474121094,49.904998779296875,89927600
2019-08-13,50.17601013183594,52.24250030517578,53.03499984741211,50.119998931884766,50.255001068115234,188874000
2019-08-14,48.682518005371094,50.6875,51.61000061035156,50.647499084472656,50.790000915527344,146189600
2019-08-15,48.439998626708984,50.435001373291016,51.28499984741211,49.91749954223633,50.8650016784668,108909600
2019-08-16,49.58293151855469,51.625,51.790000915527344,50.959999084472656,51.06999969482422,110481600
2019-08-19,50.50736618041992,52.587501525878906,53.182498931884766,52.50749969482422,52.654998779296875,97654400
2019-08-20,50.509765625,52.59000015258789,53.337501525878906,52.58000183105469,52.720001220703125,107537200
2019-08-21,51.057220458984375,53.15999984741211,53.412498474121094,52.900001525878906,53.247501373291016,86141600
2019-08-22,51.01399612426758,53.1150016784668,53.61000061035156,52.6875,53.29750061035156,89014800
2019-08-23,48.656105041503906,50.65999984741211,53.01250076293945,50.25,52.35749816894531,187272000
2019-08-26,49.580535888671875,51.622501373291016,51.79750061035156,51.26499938964844,51.46500015258789,104174400
2019-08-27,49.02107238769531,51.040000915527344,52.13750076293945,50.88249969482422,51.96500015258789,103493200
2019-08-28,49.35002517700195,51.38249969482422,51.43000030517578,50.83000183105469,51.025001525878906,63755200
2019-08-29,50.18561553955078,52.252498626708984,52.33000183105469,51.665000915527344,52.125,83962000
2019-08-30,50.120784759521484,52.185001373291016,52.61249923706055,51.79999923706055,52.540000915527344,84573600
2019-09-03,49.39084243774414,51.42499923706055,51.744998931884766,51.05500030517578,51.60749816894531,80092000
2019-09-04,50.22883987426758,52.29750061035156,52.369998931884766,51.83000183105469,52.09749984741211,76752400
2019-09-05,51.21088409423828,53.31999969482422,53.49250030517578,52.877498626708984,53.0,95654800
2019-09-06,51.20608901977539,53.314998626708984,53.60499954223633,53.127498626708984,53.51250076293945,77449200
2019-09-09,51.42459487915039,53.54249954223633,54.11000061035156,52.76750183105469,53.709999084472656,109237600
2019-09-10,52.032073974609375,54.17499923706055,54.19499969482422,52.9275016784668,53.46500015258789,127111600
2019-09-11,53.686424255371094,55.897499084472656,55.9275016784668,54.432498931884766,54.51750183105469,177158400
2019-09-12,53.566383361816406,55.772499084472656,56.60499954223633,55.71500015258789,56.20000076293945,128906800
2019-09-13,52.524295806884766,54.6875,55.1974983215332,54.255001068115234,55.0,159053200
2019-09-16,52.8004264831543,54.974998474121094,55.032501220703125,54.38999938964844,54.432498931884766,84632400
2019-09-17,52.992515563964844,55.17499923706055,55.20500183105469,54.779998779296875,54.9900016784668,73274800
2019-09-18,53.489532470703125,55.692501068115234,55.712501525878906,54.86000061035156,55.26499938964844,101360000
2019-09-19,53.05493927001953,55.2400016784668,55.939998626708984,55.092498779296875,55.502498626708984,88242400
2019-09-20,52.279380798339844,54.432498931884766,55.63999938964844,54.36750030517578,55.345001220703125,221652400
2019-09-23,52.517093658447266,54.68000030517578,54.959999084472656,54.412498474121094,54.73749923706055,76662000
2019-09-24,52.26737594604492,54.41999816894531,55.622501373291016,54.29750061035156,55.25749969482422,124763200
2019-09-25,53.07175064086914,55.25749969482422,55.375,54.28499984741211,54.63750076293945,87613600
2019-09-26,52.79801559448242,54.97249984741211,55.23500061035156,54.70750045776367,55.0,75334000
2019-09-27,52.54110336303711,54.70500183105469,55.2400016784668,54.31999969482422,55.1349983215332,101408000
2019-09-30,53.777671813964844,55.99250030517578,56.14500045776367,55.1974983215332,55.224998474121094,103909600
2019-10-01,53.92654800415039,56.147499084472656,57.05500030517578,56.04999923706055,56.26750183105469,139223200
2019-10-02,52.57472229003906,54.7400016784668,55.89500045776367,54.48249816894531,55.76499938964844,138449200
2019-10-03,53.02132797241211,55.20500183105469,55.2400016784668,53.782501220703125,54.60749816894531,114426000
2019-10-04,54.50761413574219,56.752498626708984,56.872501373291016,55.97249984741211,56.40999984741211,138478800
2019-10-07,54.51961898803711,56.76499938964844,57.48249816894531,56.459999084472656,56.567501068115234,122306000
2019-10-08,53.88092803955078,56.099998474121094,57.01499938964844,56.08250045776367,56.45500183105469,111820000
2019-10-09,54.51241683959961,56.75749969482422,56.9474983215332,56.40999984741211,56.75749969482422,74770400
2019-10-10,55.24715042114258,57.522499084472656,57.61000061035156,56.82500076293945,56.98249816894531,113013600
2019-10-11,56.716636657714844,59.0525016784668,59.40999984741211,58.07749938964844,58.23749923706055,166795600
2019-10-14,56.63499450683594,58.967498779296875,59.532501220703125,58.66749954223633,58.724998474121094,96427600
2019-10-15,56.50294494628906,58.83000183105469,59.412498474121094,58.720001220703125,59.09749984741211,87360000
2019-10-16,56.27482986450195,58.592498779296875,58.810001373291016,58.29999923706055,58.342498779296875,73903200
2019-10-17,56.49332809448242,58.81999969482422,59.037498474121094,58.380001068115234,58.772499084472656,67585200
2019-10-18,56.76465606689453,59.102500915527344,59.39500045776367,58.5724983215332,58.647499084472656,97433600
2019-10-21,57.749107360839844,60.127498626708984,60.247501373291016,59.33000183105469,59.380001068115234,87247200
2019-10-22,57.61705780029297,59.9900016784668,60.54999923706055,59.904998779296875,60.290000915527344,82293600
2019-10-23,58.39020538330078,60.79499816894531,60.810001373291016,60.30500030517578,60.525001525878906,75828800
2019-10-24,58.486244201660156,60.89500045776367,61.20000076293945,60.45249938964844,61.127498626708984,69275200
2019-10-25,59.20658493041992,61.64500045776367,61.682498931884766,60.720001220703125,60.790000915527344,73477200
2019-10-28,59.79965591430664,62.26250076293945,62.3125,61.68000030517578,61.85499954223633,96572800
2019-10-29,58.41660690307617,60.8224983215332,62.4375,60.64250183105469,62.24250030517578,142839600
2019-10-30,58.409423828125,60.814998626708984,61.32500076293945,60.3025016784668,61.189998626708984,124522000
2019-10-31,59.73003005981445,62.189998626708984,62.29249954223633,59.314998626708984,61.810001373291016,139162000
2019-11-01,61.42521667480469,63.95500183105469,63.98249816894531,62.290000915527344,62.3849983215332,151125200
2019-11-04,61.828582763671875,64.375,64.4625015258789,63.845001220703125,64.3324966430664,103272000
2019-11-05,61.73975372314453,64.28250122070312,64.54750061035156,64.08000183105469,64.26249694824219,79897600
2019-11-06,61.766170501708984,64.30999755859375,64.37249755859375,63.842498779296875,64.19249725341797,75864400
2019-11-07,62.47903823852539,64.85749816894531,65.0875015258789,64.52749633789062,64.68499755859375,94940400
2019-11-08,62.6500244140625,65.03500366210938,65.11000061035156,64.2125015258789,64.67250061035156,69986400
2019-11-11,63.14614486694336,65.55000305175781,65.61750030517578,64.56999969482422,64.57499694824219,81821200
2019-11-12,63.088321685791016,65.48999786376953,65.69750213623047,65.2300033569336,65.38749694824219,87388800
2019-11-13,63.69282531738281,66.11750030517578,66.19499969482422,65.26750183105469,65.28250122070312,102734400
2019-11-14,63.25211715698242,65.66000366210938,66.22000122070312,65.5250015258789,65.9375,89182800
2019-11-15,64.00347900390625,66.44000244140625,66.44499969482422,65.75250244140625,65.91999816894531,100206400
2019-11-18,64.3261947631836,66.7750015258789,66.85749816894531,66.05750274658203,66.44999694824219,86703200
2019-11-19,64.13116455078125,66.57250213623047,67.0,66.34750366210938,66.9749984741211,76167200
2019-11-20,63.38455581665039,65.79750061035156,66.5199966430664,65.0999984741211,66.38500213623047,106234400
2019-11-21,63.10039520263672,65.50250244140625,66.00250244140625,65.29499816894531,65.92250061035156,121395200
2019-11-22,63.04496383666992,65.44499969482422,65.79499816894531,65.20999908447266,65.64749908447266,65325200
2019-11-25,64.15040588378906,66.59249877929688,66.61000061035156,65.62999725341797,65.67749786376953,84020400
2019-11-26,63.64947509765625,66.07250213623047,66.79000091552734,65.625,66.73500061035156,105207600
2019-11-27,64.50442504882812,66.95999908447266,66.99500274658203,66.32749938964844,66.3949966430664,65235600
2019-11-29,64.36231994628906,66.8125,67.0,66.4749984741211,66.6500015258789,46617600
2019-12-02,63.618160247802734,66.04000091552734,67.0625,65.86250305175781,66.81749725341797,94487200
2019-12-03,62.483856201171875,64.86250305175781,64.88249969482422,64.07250213623047,64.57749938964844,114430400
2019-12-04,63.03536605834961,65.43499755859375,65.82749938964844,65.16999816894531,65.26750183105469,67181600
2019-12-05,63.960147857666016,66.3949966430664,66.47250366210938,65.68250274658203,65.94750213623047,74424400
2019-12-06,65.19560241699219,67.67749786376953,67.75,66.82499694824219,66.87000274658203,106075600
2019-12-09,64.28286743164062,66.7300033569336,67.69999694824219,66.22750091552734,67.5,128042400
2019-12-10,64.65857696533203,67.12000274658203,67.51750183105469,66.46499633789062,67.1500015258789,90420400
2019-12-11,65.21005249023438,67.69249725341797,67.7750015258789,67.125,67.20249938964844,78756800
2019-12-12,65.37623596191406,67.86499786376953,68.13999938964844,66.83000183105469,66.94499969482422,137310400
2019-12-13,66.264892578125,68.7874984741211,68.82499694824219,67.73249816894531,67.86499786376953,133587600
2019-12-16,67.39924621582031,69.96499633789062,70.19750213623047,69.24500274658203,69.25,128186000
2019-12-17,67.53170776367188,70.10250091552734,70.44249725341797,69.69999694824219,69.89250183105469,114158400
2019-12-18,67.37031555175781,69.93499755859375,70.4749984741211,69.77999877929688,69.94999694824219,116028400
2019-12-19,67.43775939941406,70.00499725341797,70.29499816894531,69.73750305175781,69.875,98369200
2019-12-20,67.2980728149414,69.86000061035156,70.6624984741211,69.63999938964844,70.55750274658203,275978000
2019-12-23,68.39627838134766,71.0,71.0625,70.09249877929688,70.13249969482422,98572000
2019-12-24,68.4613037109375,71.06749725341797,71.22250366210938,70.7300033569336,71.17250061035156,48478800
2019-12-26,69.81958770751953,72.47750091552734,72.49500274658203,71.17500305175781,71.20500183105469,93121200
2019-12-27,69.7930908203125,72.44999694824219,73.49250030517578,72.02999877929688,72.77999877929688,146266000
2019-12-30,70.20732116699219,72.87999725341797,73.17250061035156,71.30500030517578,72.36499786376953,144114400
2019-12-31,70.72029113769531,73.4124984741211,73.41999816894531,72.37999725341797,72.48249816894531,100805600
2020-01-02,72.3338851928711,75.0875015258789,75.1500015258789,73.79750061035156,74.05999755859375,135480400
2020-01-03,71.63065338134766,74.35749816894531,75.1449966430664,74.125,74.2874984741211,146322800
2020-01-06,72.20142364501953,74.94999694824219,74.98999786376953,73.1875,73.44750213623047,118387200
2020-01-07,71.86183166503906,74.59750366210938,75.2249984741211,74.37000274658203,74.95999908447266,108872000
2020-01-08,73.01786041259766,75.79750061035156,76.11000061035156,74.29000091552734,74.29000091552734,132079200
2020-01-09,74.56881713867188,77.40750122070312,77.60749816894531,76.55000305175781,76.80999755859375,170108400
2020-01-10,74.73738098144531,77.5824966430664,78.1675033569336,77.0625,77.6500015258789,140644800
2020-01-13,76.33409118652344,79.23999786376953,79.26750183105469,77.7874984741211,77.91000366210938,121532000
2020-01-14,75.3033218383789,78.16999816894531,79.39250183105469,78.0425033569336,79.17500305175781,161954400
2020-01-15,74.98062133789062,77.83499908447266,78.875,77.38749694824219,77.9625015258789,121923600
2020-01-16,75.91985321044922,78.80999755859375,78.92500305175781,78.02249908447266,78.39749908447266,108829200
2020-01-17,76.76039123535156,79.68250274658203,79.68499755859375,78.75,79.06749725341797,137816400
2020-01-21,76.24018096923828,79.14250183105469,79.75499725341797,79.0,79.29750061035156,110843200
2020-01-22,76.51232147216797,79.42500305175781,79.99749755859375,79.32749938964844,79.6449966430664,101832400
2020-01-23,76.88079071044922,79.80750274658203,79.88999938964844,78.9124984741211,79.4800033569336,104472000
2020-01-24,76.6592025756836,79.57749938964844,80.8324966430664,79.37999725341797,80.0625,146537600
2020-01-27,74.40503692626953,77.23750305175781,77.94249725341797,76.22000122070312,77.51499938964844,161940000
2020-01-28,76.50990295410156,79.42250061035156,79.5999984741211,78.04750061035156,78.1500015258789,162234000
2020-01-29,78.1114273071289,81.08499908447266,81.9625015258789,80.34500122070312,81.11250305175781,216229200
2020-01-30,77.99825286865234,80.96749877929688,81.02249908447266,79.6875,80.13500213623047,126743200
2020-01-31,74.53990173339844,77.37750244140625,80.66999816894531,77.07250213623047,80.23249816894531,199588400
2020-02-03,74.33518981933594,77.16500091552734,78.37249755859375,75.55500030517578,76.07499694824219,173788400
2020-02-04,76.78926849365234,79.7125015258789,79.91000366210938,78.40750122070312,78.82749938964844,136616400
2020-02-05,77.41544342041016,80.36250305175781,81.19000244140625,79.73750305175781,80.87999725341797,118826800
2020-02-06,78.3209457397461,81.30249786376953,81.30500030517578,80.06500244140625,80.64250183105469,105425600
2020-02-07,77.25634765625,80.00749969482422,80.8499984741211,79.5,80.59249877929688,117684000
2020-02-10,77.62327575683594,80.38749694824219,80.38749694824219,78.4625015258789,78.54499816894531,109348800
2020-02-11,77.15497589111328,79.90249633789062,80.9749984741211,79.67749786376953,80.9000015258789,94323200
2020-02-12,78.98722076416016,81.80000305175781,81.80500030517578,80.36750030517578,80.36750030517578,113730400
2020-02-13,78.42475891113281,81.21749877929688,81.55500030517578,80.8375015258789,81.04750061035156,94747600
2020-02-14,78.44407653808594,81.23750305175781,81.49500274658203,80.7125015258789,81.18499755859375,80113600
2020-02-18,77.00769805908203,79.75,79.9375,78.65249633789062,78.83999633789062,152531200
2020-02-19,78.1230239868164,80.90499877929688,81.14250183105469,80.0,80.0,93984000
2020-02-20,77.32157135009766,80.07499694824219,81.1624984741211,79.55249786376953,80.65750122070312,100566000
2020-02-21,75.57135772705078,78.26249694824219,80.11250305175781,77.625,79.65499877929688,129554000
2020-02-24,71.9817123413086,74.54499816894531,76.04499816894531,72.30750274658203,74.31500244140625,222195200
2020-02-25,69.54354095458984,72.0199966430664,75.63249969482422,71.53250122070312,75.23750305175781,230673600
2020-02-26,70.64673614501953,73.1624984741211,74.47000122070312,71.625,71.63249969482422,198054800
2020-02-27,66.02869415283203,68.37999725341797,71.5,68.23999786376953,70.2750015258789,320605600
2020-02-28,65.99005126953125,68.33999633789062,69.60250091552734,64.09249877929688,64.31500244140625,426510000
2020-03-02,72.13378143310547,74.70249938964844,75.36000061035156,69.43000030517578,70.56999969482422,341397200
2020-03-03,69.84285736083984,72.33000183105469,76.0,71.44999694824219,75.9175033569336,319475600
2020-03-04,73.08248901367188,75.68499755859375,75.8499984741211,73.28250122070312,74.11000061035156,219178400
2020-03-05,70.71192932128906,73.2300033569336,74.88749694824219,72.85250091552734,73.87999725341797,187572800
2020-03-06,69.77285766601562,72.25749969482422,72.70500183105469,70.30750274658203,70.5,226176800
2020-03-09,64.2543716430664,66.5425033569336,69.52249908447266,65.75,65.9375,286744800
2020-03-10,68.8820571899414,71.33499908447266,71.61000061035156,67.34249877929688,69.28500366210938,285290000
2020-03-11,66.4897689819336,68.85749816894531,70.30500030517578,67.96499633789062,69.34750366210938,255598800
2020-03-12,59.92359161376953,62.057498931884766,67.5,62.0,63.98500061035156,418474000
2020-03-13,67.10293579101562,69.49250030517578,69.9800033569336,63.23749923706055,66.22250366210938,370732000
2020-03-16,58.470340728759766,60.5525016784668,64.7699966430664,60.0,60.48749923706055,322423600
2020-03-17,61.041290283203125,63.21500015258789,64.40249633789062,59.599998474121094,61.877498626708984,324056000
2020-03-18,59.5470085144043,61.66749954223633,62.5,59.279998779296875,59.942501068115234,300233600
2020-03-19,59.090755462646484,61.19499969482422,63.209999084472656,60.65250015258789,61.84749984741211,271857200
2020-03-20,55.33934783935547,57.310001373291016,62.95750045776367,57.0,61.79499816894531,401693200
2020-03-23,54.163700103759766,56.092498779296875,57.125,53.15250015258789,57.02000045776367,336752800
2020-03-24,59.59769058227539,61.720001220703125,61.92250061035156,58.57500076293945,59.09000015258789,287531200
2020-03-25,59.26939392089844,61.380001068115234,64.5625,61.07500076293945,62.6875,303602000
2020-03-26,62.388328552246094,64.61000061035156,64.66999816894531,61.59000015258789,61.630001068115234,252087200
2020-03-27,59.80531311035156,61.935001373291016,63.967498779296875,61.76250076293945,63.1875,204216800
2020-03-30,61.512020111083984,63.70249938964844,63.880001068115234,62.349998474121094,62.685001373291016,167976400
2020-03-31,61.38649368286133,63.5724983215332,65.62249755859375,63.0,63.900001525878906,197002000
2020-04-01,58.15652084350586,60.227500915527344,62.18000030517578,59.782501220703125,61.625,176218400
2020-04-02,59.126956939697266,61.23249816894531,61.287498474121094,59.224998474121094,60.084999084472656,165934000
2020-04-03,58.2772216796875,60.352500915527344,61.42499923706055,59.74250030517578,60.70000076293945,129880000
2020-04-06,63.36117172241211,65.61750030517578,65.77749633789062,62.345001220703125,62.724998474121094,201820400
2020-04-07,62.62732696533203,64.85749816894531,67.92500305175781,64.75,67.69999694824219,202887200
2020-04-08,64.23020935058594,66.51750183105469,66.84249877929688,65.30750274658203,65.68499755859375,168895200
2020-04-09,64.69371795654297,66.99749755859375,67.51750183105469,66.17500305175781,67.17500305175781,161834800
2020-04-13,65.9635009765625,68.3125,68.42500305175781,66.4574966430664,67.07749938964844,131022800
2020-04-14,69.29488372802734,71.76249694824219,72.0625,69.51249694824219,70.0,194994800
2020-04-15,68.66241455078125,71.10749816894531,71.5824966430664,70.15750122070312,70.5999984741211,131154400
2020-04-16,69.20796966552734,71.67250061035156,72.05000305175781,70.5875015258789,71.84500122070312,157125200
2020-04-17,68.26891326904297,70.69999694824219,71.73750305175781,69.21499633789062,71.17250061035156,215250000
2020-04-20,66.85188293457031,69.23249816894531,70.41999816894531,69.2125015258789,69.48750305175781,130015200
2020-04-21,64.78546142578125,67.09249877929688,69.3125,66.35749816894531,69.06999969482422,180991600
2020-04-22,66.65152740478516,69.0250015258789,69.4749984741211,68.05000305175781,68.40249633789062,116862400
2020-04-23,66.3932113647461,68.75749969482422,70.4375,68.71749877929688,68.96749877929688,124814400
2020-04-24,68.30995178222656,70.74250030517578,70.75250244140625,69.25,69.30000305175781,126161200
2020-04-27,68.35823059082031,70.7925033569336,71.13500213623047,69.98750305175781,70.44999694824219,117087600
2020-04-28,67.25018310546875,69.6449966430664,71.4574966430664,69.55000305175781,71.2699966430664,112004800
2020-04-29,69.45903015136719,71.93250274658203,72.4175033569336,70.97250366210938,71.18250274658203,137280800
2020-04-30,70.92434692382812,73.44999694824219,73.63249969482422,72.0875015258789,72.48999786376953,183064000
2020-05-01,69.78251647949219,72.26750183105469,74.75,71.4625015258789,71.5625,240616800
2020-05-04,70.76985168457031,73.29000091552734,73.42250061035156,71.58000183105469,72.2925033569336,133568000
2020-05-05,71.83203887939453,74.38999938964844,75.25,73.61499786376953,73.76499938964844,147751200
2020-05-06,72.57315063476562,75.15750122070312,75.80999755859375,74.71749877929688,75.11499786376953,142333600
2020-05-07,73.32389068603516,75.93499755859375,76.2925033569336,75.49250030517578,75.80500030517578,115215200
2020-05-08,75.06913757324219,77.53250122070312,77.5875015258789,76.07250213623047,76.41000366210938,133838400
2020-05-11,76.25038146972656,78.75250244140625,79.26249694824219,76.80999755859375,77.0250015258789,145946400
2020-05-12,75.37894439697266,77.85250091552734,79.92250061035156,77.72750091552734,79.4574966430664,162301200
2020-05-13,74.46884155273438,76.9124984741211,78.98750305175781,75.80249786376953,78.0374984741211,200622400
2020-05-14,74.92631530761719,77.38500213623047,77.44750213623047,75.38249969482422,76.12750244140625,158929200
2020-05-15,74.48334503173828,76.92749786376953,76.9749984741211,75.05249786376953,75.0875015258789,166348400
2020-05-18,76.23826599121094,78.73999786376953,79.125,77.58000183105469,78.2925033569336,135178400
2020-05-19,75.79773712158203,78.28500366210938,79.62999725341797,78.25250244140625,78.75749969482422,101729600
2020-05-20,77.27185821533203,79.80750274658203,79.87999725341797,79.12999725341797,79.16999816894531,111504800
2020-05-21,76.69574737548828,79.2125015258789,80.22250366210938,78.96749877929688,79.66500091552734,102688800
2020-05-22,77.18953704833984,79.72250366210938,79.80750274658203,78.8375015258789,78.94249725341797,81803200
2020-05-26,76.66670989990234,79.18250274658203,81.05999755859375,79.125,80.875,125522000
2020-05-27,77.00074005126953,79.52749633789062,79.67749786376953,78.27249908447266,79.03500366210938,112945200
2020-05-28,77.03463745117188,79.5625,80.86000061035156,78.90750122070312,79.19249725341797,133560800
2020-05-29,76.95958709716797,79.48500061035156,80.2874984741211,79.11750030517578,79.8125,153532400
2020-06-01,77.90603637695312,80.4625015258789,80.5875015258789,79.30249786376953,79.4375,80791200
2020-06-02,78.26668548583984,80.83499908447266,80.86000061035156,79.73249816894531,80.1875,87642800
2020-06-03,78.69757843017578,81.27999877929688,81.55000305175781,80.57499694824219,81.16500091552734,104491200
2020-06-04,78.0197982788086,80.58000183105469,81.40499877929688,80.19499969482422,81.09750366210938,87560400
2020-06-05,80.24188995361328,82.875,82.9375,80.80750274658203,80.8375015258789,137250400
2020-06-08,80.71632385253906,83.36499786376953,83.4000015258789,81.83000183105469,82.5625,95654400
2020-06-09,83.26517486572266,85.99749755859375,86.40249633789062,83.00250244140625,83.03500366210938,147712400
2020-06-10,85.4073715209961,88.20999908447266,88.69249725341797,86.52249908447266,86.9749984741211,166651600
2020-06-11,81.30693054199219,83.9749984741211,87.76499938964844,83.87000274658203,87.32749938964844,201662400
2020-06-12,82.00889587402344,84.69999694824219,86.94999694824219,83.55500030517578,86.18000030517578,200146000
2020-06-15,83.02313232421875,85.74749755859375,86.41999816894531,83.1449966430664,83.3125,138808800
2020-06-16,85.22341918945312,88.0199966430664,88.30000305175781,86.18000030517578,87.86499786376953,165428800
2020-06-17,85.10480499267578,87.89749908447266,88.8499984741211,87.77249908447266,88.7874984741211,114406400
2020-06-18,85.138671875,87.93250274658203,88.36250305175781,87.30500030517578,87.85250091552734,96820400
2020-06-19,84.65216827392578,87.43000030517578,89.13999938964844,86.2874984741211,88.66000366210938,264476000
2020-06-22,86.86698913574219,89.71749877929688,89.86499786376953,87.7874984741211,87.83499908447266,135445200
2020-06-23,88.72116088867188,91.63249969482422,93.09500122070312,90.56749725341797,91.0,212155600
2020-06-24,87.15504455566406,90.01499938964844,92.19750213623047,89.62999725341797,91.25,192623200
2020-06-25,88.31208038330078,91.20999908447266,91.25,89.39250183105469,90.17500305175781,137522400
2020-06-26,85.59862518310547,88.40750122070312,91.33000183105469,88.25499725341797,91.10250091552734,205256800
2020-06-29,87.57135772705078,90.44499969482422,90.5425033569336,87.81999969482422,88.3125,130646000
2020-06-30,88.30238342285156,91.19999694824219,91.49500274658203,90.0,90.0199966430664,140223200
2020-07-01,88.1353759765625,91.02749633789062,91.83999633789062,90.97750091552734,91.27999877929688,110737200
2020-07-02,88.1353759765625,91.02749633789062,92.61750030517578,90.91000366210938,91.9625015258789,114041600
2020-07-06,90.49301147460938,93.4625015258789,93.94499969482422,92.46749877929688,92.5,118655600
2020-07-07,90.21221923828125,93.17250061035156,94.65499877929688,93.05750274658203,93.85250091552734,112424400
2020-07-08,92.3132553100586,95.34249877929688,95.375,94.08999633789062,94.18000030517578,117092000
2020-07-09,92.71024322509766,95.75250244140625,96.31749725341797,94.67250061035156,96.26249694824219,125642800
2020-07-10,92.8724136352539,95.91999816894531,95.9800033569336,94.70500183105469,95.33499908447266,90257200
2020-07-13,92.44400024414062,95.47750091552734,99.95500183105469,95.25749969482422,97.26499938964844,191649200
2020-07-14,93.97378540039062,97.05750274658203,97.25499725341797,93.87750244140625,94.83999633789062,170989200
2020-07-15,94.62005615234375,97.7249984741211,99.24749755859375,96.48999786376953,98.98999786376953,153198000
2020-07-16,93.45576477050781,96.52249908447266,97.40499877929688,95.90499877929688,96.5625,110577600
2020-07-17,93.2669677734375,96.32749938964844,97.14749908447266,95.83999633789062,96.98750305175781,92186800
2020-07-20,95.23247528076172,98.35749816894531,98.5,96.0625,96.4175033569336,90318000
2020-07-21,93.91812896728516,97.0,99.25,96.74250030517578,99.17250061035156,103433200
2020-07-22,94.18193817138672,97.27249908447266,97.9749984741211,96.60250091552734,96.69249725341797,89001600
2020-07-23,89.8951187133789,92.84500122070312,97.07749938964844,92.01000213623047,96.99749755859375,197004400
2020-07-24,89.67243194580078,92.61499786376953,92.97000122070312,89.1449966430664,90.98750305175781,185438800
2020-07-27,91.79768371582031,94.80999755859375,94.90499877929688,93.4800033569336,93.70999908447266,121214000
2020-07-28,90.2896957397461,93.25250244140625,94.55000305175781,93.24749755859375,94.36750030517578,103625600
2020-07-29,92.0203628540039,95.04000091552734,95.2300033569336,93.7125015258789,93.75,90329200
2020-07-30,93.13385772705078,96.19000244140625,96.29750061035156,93.76750183105469,94.1875,158130000
2020-07-31,102.88390350341797,106.26000213623047,106.41500091552734,100.82499694824219,102.88500213623047,374336800
2020-08-03,105.476318359375,108.9375,111.63749694824219,107.89250183105469,108.19999694824219,308151200
2020-08-04,106.18073272705078,109.66500091552734,110.79000091552734,108.38749694824219,109.13249969482422,173071600
2020-08-05,106.56559753417969,110.0625,110.39250183105469,108.89749908447266,109.37750244140625,121776800
2020-08-06,110.2835922241211,113.90249633789062,114.4124984741211,109.79750061035156,110.40499877929688,202428800
2020-08-07,107.77619934082031,111.11250305175781,113.67500305175781,110.2925033569336,113.20500183105469,198045600
2020-08-10,109.34270477294922,112.72750091552734,113.7750015258789,110.0,112.5999984741211,212403600
2020-08-11,106.09085845947266,109.375,112.48249816894531,109.10749816894531,111.97000122070312,187902400
2020-08-12,109.6167221069336,113.01000213623047,113.2750015258789,110.29750061035156,110.49749755859375,165598000
2020-08-13,111.55668640136719,115.01000213623047,116.0425033569336,113.92749786376953,114.43000030517578,210082000
2020-08-14,111.45726013183594,114.90750122070312,115.0,113.04499816894531,114.83000183105469,165565200
2020-08-17,111.16624450683594,114.60749816894531,116.0875015258789,113.9625015258789,116.0625,119561600
2020-08-18,112.0925521850586,115.5625,116.0,114.00749969482422,114.35250091552734,105633600
2020-08-19,112.23322296142578,115.7074966430664,117.1624984741211,115.61000061035156,115.98249816894531,145538000
2020-08-20,114.72364044189453,118.2750015258789,118.39250183105469,115.73249816894531,115.75,126907200
2020-08-21,120.63561248779297,124.37000274658203,124.86750030517578,119.25,119.26249694824219,338054800
2020-08-24,122.07844543457031,125.85749816894531,128.78500366210938,123.9375,128.69749450683594,345937600
2020-08-25,121.07695770263672,124.82499694824219,125.18000030517578,123.05249786376953,124.69750213623047,211495600
2020-08-26,122.72347259521484,126.52249908447266,126.99250030517578,125.0824966430664,126.18000030517578,163022400
2020-08-27,121.25640106201172,125.01000213623047,127.48500061035156,123.8324966430664,127.14250183105469,155552400
2020-08-28,121.05998992919922,124.80750274658203,126.44249725341797,124.57749938964844,126.01249694824219,187630000
2020-08-31,125.16539001464844,129.0399932861328,131.0,126.0,127.58000183105469,225702700
2020-09-01,130.1510467529297,134.17999267578125,134.8000030517578,130.52999877929688,132.75999450683594,151948100
2020-09-02,127.45452117919922,131.39999389648438,137.97999572753906,127.0,137.58999633789062,200119000
2020-09-03,117.25041198730469,120.87999725341797,128.83999633789062,120.5,126.91000366210938,257599600
2020-09-04,117.32801818847656,120.95999908447266,123.69999694824219,110.88999938964844,120.06999969482422,332607200
2020-09-08,109.43241882324219,112.81999969482422,118.98999786376953,112.68000030517578,113.94999694824219,231366600
2020-09-09,113.79732513427734,117.31999969482422,119.13999938964844,115.26000213623047,117.26000213623047,176940500
2020-09-10,110.08229064941406,113.48999786376953,120.5,112.5,120.36000061035156,182274400
2020-09-11,108.63704681396484,112.0,115.2300033569336,110.0,114.56999969482422,180860300
2020-09-14,111.89616394042969,115.36000061035156,115.93000030517578,112.80000305175781,114.72000122070312,140150100
2020-09-15,112.07073211669922,115.54000091552734,118.83000183105469,113.61000061035156,118.33000183105469,184642000
2020-09-16,108.76315307617188,112.12999725341797,116.0,112.04000091552734,115.2300033569336,154679000
2020-09-17,107.02689361572266,110.33999633789062,112.19999694824219,108.70999908447266,109.72000122070312,178011000
2020-09-18,103.63198852539062,106.83999633789062,110.87999725341797,106.08999633789062,110.4000015258789,287104900
2020-09-21,106.77469635009766,110.08000183105469,110.19000244140625,103.0999984741211,104.54000091552734,195713800
2020-09-22,108.45276641845703,111.80999755859375,112.86000061035156,109.16000366210938,112.68000030517578,183055400
2020-09-23,103.90360260009766,107.12000274658203,112.11000061035156,106.7699966430664,111.62000274658203,150718700
2020-09-24,104.97054290771484,108.22000122070312,110.25,105.0,105.16999816894531,167743300
2020-09-25,108.90863800048828,112.27999877929688,112.44000244140625,107.66999816894531,108.43000030517578,149981400
2020-09-28,111.50817108154297,114.95999908447266,115.31999969482422,112.77999877929688,115.01000213623047,137672400
2020-09-29,110.6642837524414,114.08999633789062,115.30999755859375,113.56999969482422,114.55000305175781,99382200
2020-09-30,112.33264923095703,115.80999755859375,117.26000213623047,113.62000274658203,113.79000091552734,142675200
2020-10-01,113.2832260131836,116.79000091552734,117.72000122070312,115.83000183105469,117.63999938964844,116120400
2020-10-02,109.62643432617188,113.0199966430664,115.37000274658203,112.22000122070312,112.88999938964844,144712000
2020-10-05,113.0019302368164,116.5,116.6500015258789,113.55000305175781,113.91000366210938,106243800
2020-10-06,109.76223754882812,113.16000366210938,116.12000274658203,112.25,115.69999694824219,161498200
2020-10-07,111.62457275390625,115.08000183105469,115.55000305175781,114.12999725341797,114.62000274658203,96849000
2020-10-08,111.51786041259766,114.97000122070312,116.4000015258789,114.58999633789062,116.25,83477200
2020-10-09,113.45783233642578,116.97000122070312,117.0,114.91999816894531,115.27999877929688,100506900
2020-10-12,120.66473388671875,124.4000015258789,125.18000030517578,119.27999877929688,120.05999755859375,240226800
2020-10-13,117.46380615234375,121.0999984741211,125.38999938964844,119.6500015258789,125.2699966430664,262330500
2020-10-14,117.55110931396484,121.19000244140625,123.02999877929688,119.62000274658203,121.0,150712000
2020-10-15,117.08551025390625,120.70999908447266,121.19999694824219,118.1500015258789,118.72000122070312,112559200
2020-10-16,115.44625854492188,119.0199966430664,121.55000305175781,118.80999755859375,121.27999877929688,115393800
2020-10-19,112.49754333496094,115.9800033569336,120.41999816894531,115.66000366210938,119.95999908447266,120639300
2020-10-20,113.98161315917969,117.51000213623047,118.9800033569336,115.62999725341797,116.19999694824219,124423700
2020-10-21,113.36080169677734,116.87000274658203,118.70999908447266,116.44999694824219,116.66999816894531,89946000
2020-10-22,112.27445983886719,115.75,118.04000091552734,114.58999633789062,117.44999694824219,101988000
2020-10-23,111.58576202392578,115.04000091552734,116.55000305175781,114.27999877929688,116.38999938964844,82572600
2020-10-26,111.59546661376953,115.05000305175781,116.55000305175781,112.87999725341797,114.01000213623047,111850700
2020-10-27,113.09893035888672,116.5999984741211,117.27999877929688,114.54000091552734,115.48999786376953,92276800
2020-10-28,107.8610610961914,111.19999694824219,115.43000030517578,111.0999984741211,115.05000305175781,143937800
2020-10-29,111.85737609863281,115.31999969482422,116.93000030517578,112.19999694824219,112.37000274658203,146129200
2020-10-30,105.5913314819336,108.86000061035156,111.98999786376953,107.72000122070312,111.05999755859375,190272600
2020-11-02,105.5040283203125,108.7699966430664,110.68000030517578,107.31999969482422,109.11000061035156,122866900
2020-11-03,107.1238784790039,110.44000244140625,111.48999786376953,108.7300033569336,109.66000366210938,107624400
2020-11-04,111.49845123291016,114.94999694824219,115.58999633789062,112.3499984741211,114.13999938964844,138235500
2020-11-05,115.45596313476562,119.02999877929688,119.62000274658203,116.87000274658203,117.94999694824219,126387100
2020-11-06,115.32479858398438,118.69000244140625,119.19999694824219,116.12999725341797,118.31999969482422,114457900
2020-11-09,113.02198791503906,116.31999969482422,121.98999786376953,116.05000305175781,120.5,154515300
2020-11-10,112.68191528320312,115.97000122070312,117.58999633789062,114.12999725341797,115.55000305175781,138023400
2020-11-11,116.10208892822266,119.48999786376953,119.62999725341797,116.44000244140625,117.19000244140625,112295000
2020-11-12,115.8300552368164,119.20999908447266,120.52999877929688,118.56999969482422,119.62000274658203,103162300
2020-11-13,115.8786392211914,119.26000213623047,119.66999816894531,117.87000274658203,119.44000244140625,81581900
2020-11-16,116.88914489746094,120.30000305175781,120.98999786376953,118.1500015258789,118.91999816894531,91183000
2020-11-17,116.00494384765625,119.38999938964844,120.66999816894531,118.95999908447266,119.55000305175781,74271000
2020-11-18,114.68350219726562,118.02999877929688,119.81999969482422,118.0,118.61000061035156,76322100
2020-11-19,115.27621459960938,118.63999938964844,119.05999755859375,116.80999755859375,117.58999633789062,74113000
2020-11-20,114.0130615234375,117.33999633789062,118.7699966430664,117.29000091552734,118.63999938964844,73604300
2020-11-23,110.62203216552734,113.8499984741211,117.62000274658203,113.75,117.18000030517578,127959300
2020-11-24,111.90460205078125,115.16999816894531,115.8499984741211,112.58999633789062,113.91000366210938,113874200
2020-11-25,112.74020385742188,116.02999877929688,116.75,115.16999816894531,115.55000305175781,76499200
2020-11-27,113.28434753417969,116.58999633789062,117.48999786376953,116.22000122070312,116.56999969482422,46691300
2020-11-30,115.67459106445312,119.05000305175781,120.97000122070312,116.80999755859375,116.97000122070312,169410200
2020-12-01,119.24053955078125,122.72000122070312,123.47000122070312,120.01000213623047,121.01000213623047,127728200
2020-12-02,119.59031677246094,123.08000183105469,123.37000274658203,120.88999938964844,122.0199966430664,89004200
2020-12-03,119.45428466796875,122.94000244140625,123.77999877929688,122.20999908447266,123.5199966430664,78967600
2020-12-04,118.78385925292969,122.25,122.86000061035156,121.5199966430664,122.5999984741211,78260400
2020-12-07,120.2413330078125,123.75,124.56999969482422,122.25,122.30999755859375,86712000
2020-12-08,120.85346221923828,124.37999725341797,124.9800033569336,123.08999633789062,124.37000274658203,82225500
2020-12-09,118.32718658447266,121.77999877929688,125.94999694824219,121.0,124.52999877929688,115089200
2020-12-10,119.74576568603516,123.23999786376953,123.87000274658203,120.1500015258789,120.5,81312200
2020-12-11,118.93933868408203,122.41000366210938,122.76000213623047,120.55000305175781,122.43000030517578,86939800
2020-12-14,118.32718658447266,121.77999877929688,123.3499984741211,121.54000091552734,122.5999984741211,79184500
2020-12-15,124.25423431396484,127.87999725341797,127.9000015258789,124.12999725341797,124.33999633789062,157243700
2020-12-16,124.18621063232422,127.80999755859375,128.3699951171875,126.55999755859375,127.41000366210938,98208600
2020-12-17,125.05098724365234,128.6999969482422,129.5800018310547,128.0399932861328,128.89999389648438,94359800
2020-12-18,123.06880950927734,126.66000366210938,129.10000610351562,126.12000274658203,128.9600067138672,192541500
2020-12-21,124.59430694580078,128.22999572753906,128.30999755859375,123.44999694824219,125.0199966430664,121251600
2020-12-22,128.14080810546875,131.8800048828125,134.41000366210938,129.64999389648438,131.61000061035156,168904800
2020-12-23,127.24691009521484,130.9600067138672,132.42999267578125,130.77999877929688,132.16000366210938,88223700
2020-12-24,128.228271484375,131.97000122070312,133.4600067138672,131.10000610351562,131.32000732421875,54930100
2020-12-28,132.81442260742188,136.69000244140625,137.33999633789062,133.50999450683594,133.99000549316406,124486200
2020-12-29,131.04603576660156,134.8699951171875,138.7899932861328,134.33999633789062,138.0500030517578,121047300
2020-12-30,129.92868041992188,133.72000122070312,135.99000549316406,133.39999389648438,135.5800018310547,96452100
2020-12-31,128.92787170410156,132.69000244140625,134.74000549316406,131.72000122070312,134.0800018310547,99116600
2021-01-04,125.74085235595703,129.41000366210938,133.61000061035156,126.76000213623047,133.52000427246094,143301900
2021-01-05,127.29545593261719,131.00999450683594,131.74000549316406,128.42999267578125,128.88999938964844,97664900
2021-01-06,123.01052856445312,126.5999984741211,131.0500030517578,126.37999725341797,127.72000122070312,155088000
2021-01-07,127.20803833007812,130.9199981689453,131.6300048828125,127.86000061035156,128.36000061035156,109578200
2021-01-08,128.3059844970703,132.0500030517578,132.6300048828125,130.22999572753906,132.42999267578125,105158200
2021-01-11,125.32304382324219,128.97999572753906,130.1699981689453,128.5,129.19000244140625,100384500
2021-01-12,125.14813995361328,128.8000030517578,129.69000244140625,126.86000061035156,128.5,91951100
2021-01-13,127.17888641357422,130.88999938964844,131.4499969482422,128.49000549316406,128.75999450683594,88636800
2021-01-14,125.2550277709961,128.91000366210938,131.0,128.75999450683594,130.8000030517578,90221800
2021-01-15,123.53519439697266,127.13999938964844,130.22000122070312,127.0,128.77999877929688,111598500
2021-01-19,124.20565032958984,127.83000183105469,128.7100067138672,126.94000244140625,127.77999877929688,90757300
2021-01-20,128.2865753173828,132.02999877929688,132.49000549316406,128.5500030517578,128.66000366210938,104319500
2021-01-21,132.98934936523438,136.8699951171875,139.6699981689453,133.58999633789062,133.8000030517578,120150900
2021-01-22,135.1269989013672,139.07000732421875,139.85000610351562,135.02000427246094,136.27999877929688,114459400
2021-01-25,138.86781311035156,142.9199981689453,145.08999633789062,136.5399932861328,143.07000732421875,157611700
2021-01-26,139.10098266601562,143.16000366210938,144.3000030517578,141.3699951171875,143.60000610351562,98390600
2021-01-27,138.0321807861328,142.05999755859375,144.3000030517578,140.41000366210938,143.42999267578125,140843800
2021-01-28,133.20309448242188,137.08999633789062,141.99000549316406,136.6999969482422,139.52000427246094,142621100
2021-01-29,128.2185516357422,131.9600067138672,136.74000549316406,130.2100067138672,135.8300018310547,177523800
2021-02-01,130.33673095703125,134.13999938964844,135.3800048828125,130.92999267578125,133.75,106239800
2021-02-02,131.1626434326172,134.99000549316406,136.30999755859375,134.61000061035156,135.72999572753906,83305400
2021-02-03,130.14242553710938,133.94000244140625,135.77000427246094,133.61000061035156,135.75999450683594,89880900
2021-02-04,133.49462890625,137.38999938964844,137.39999389648438,134.58999633789062,136.3000030517578,84183100
2021-02-05,133.0810089111328,136.75999450683594,137.4199981689453,135.86000061035156,137.35000610351562,75693800
2021-02-08,133.22702026367188,136.91000366210938,136.9600067138672,134.9199981689453,136.02999877929688,71297200
2021-02-09,132.35118103027344,136.00999450683594,137.8800048828125,135.85000610351562,136.6199951171875,76774200
2021-02-10,131.7478790283203,135.38999938964844,136.99000549316406,134.39999389648438,136.47999572753906,73046600
2021-02-11,131.49485778808594,135.1300048828125,136.38999938964844,133.77000427246094,135.89999389648438,64280000
2021-02-12,131.72837829589844,135.3699951171875,135.52999877929688,133.69000244140625,134.35000610351562,60145100
2021-02-16,129.6070556640625,133.19000244140625,136.00999450683594,132.7899932861328,135.49000549316406,80576300
2021-02-17,127.32032012939453,130.83999633789062,132.22000122070312,129.47000122070312,131.25,97918500
2021-02-18,126.22069549560547,129.7100067138672,130.0,127.41000366210938,129.1999969482422,96856700
2021-02-19,126.37637329101562,129.8699951171875,130.7100067138672,128.8000030517578,130.24000549316406,87668800
2021-02-22,122.61048889160156,126.0,129.72000122070312,125.5999984741211,128.00999450683594,103916400
2021-02-23,122.4742660522461,125.86000061035156,126.70999908447266,118.38999938964844,123.76000213623047,158273000
2021-02-24,121.97798919677734,125.3499984741211,125.55999755859375,122.2300033569336,124.94000244140625,111039900
2021-02-25,117.73524475097656,120.98999786376953,126.45999908447266,120.54000091552734,124.68000030517578,148199500
2021-02-26,117.99800872802734,121.26000213623047,124.8499984741211,121.19999694824219,122.58999633789062,164560400
2021-03-01,124.35233306884766,127.79000091552734,127.93000030517578,122.79000091552734,123.75,116307900
2021-03-02,121.75415802001953,125.12000274658203,128.72000122070312,125.01000213623047,128.41000366210938,102260900
2021-03-03,118.77648162841797,122.05999755859375,125.70999908447266,121.83999633789062,124.80999755859375,112966300
2021-03-04,116.89838409423828,120.12999725341797,123.5999984741211,118.62000274658203,121.75,178155000
2021-03-05,118.15369415283203,121.41999816894531,121.94000244140625,117.56999969482422,120.9800033569336,153766600
2021-03-08,113.22981262207031,116.36000061035156,121.0,116.20999908447266,120.93000030517578,154376600
2021-03-09,117.83256530761719,121.08999633789062,122.05999755859375,118.79000091552734,119.02999877929688,129525800
2021-03-10,116.75242614746094,119.9800033569336,122.16999816894531,119.44999694824219,121.69000244140625,111943300
2021-03-11,118.6791763305664,121.95999908447266,123.20999908447266,121.26000213623047,122.54000091552734,103026500
2021-03-12,117.774169921875,121.02999877929688,121.16999816894531,119.16000366210938,120.4000015258789,88105100
2021-03-15,120.65457153320312,123.98999786376953,124.0,120.41999816894531,121.41000366210938,92403800
2021-03-16,122.1920394897461,125.56999969482422,127.22000122070312,124.72000122070312,125.69999694824219,115227900
2021-03-17,121.4038314819336,124.76000213623047,125.86000061035156,122.33999633789062,124.05000305175781,111932600
2021-03-18,117.2876205444336,120.52999877929688,123.18000030517578,120.31999969482422,122.87999725341797,121229700
2021-03-19,116.76214599609375,119.98999786376953,121.43000030517578,119.68000030517578,119.9000015258789,185549500
2021-03-22,120.0707015991211,123.38999938964844,123.87000274658203,120.26000213623047,120.33000183105469,111912300
2021-03-23,119.2435531616211,122.54000091552734,124.23999786376953,122.13999938964844,123.33000183105469,95467100
2021-03-24,116.8594741821289,120.08999633789062,122.9000015258789,120.06999969482422,122.81999969482422,88530500
2021-03-25,117.34600830078125,120.58999633789062,121.66000366210938,119.0,119.54000091552734,98844700
2021-03-26,117.94932556152344,121.20999908447266,121.4800033569336,118.91999816894531,120.3499984741211,94071200
2021-03-29,118.1244888305664,121.38999938964844,122.58000183105469,120.7300033569336,121.6500015258789,80819200
2021-03-30,116.67455291748047,119.9000015258789,120.4000015258789,118.86000061035156,120.11000061035156,85671900
2021-03-31,118.86405181884766,122.1500015258789,123.5199966430664,121.1500015258789,121.6500015258789,118323800
2021-04-01,119.69116973876953,123.0,124.18000030517578,122.48999786376953,123.66000366210938,75089100
2021-04-05,122.51317596435547,125.9000015258789,126.16000366210938,123.06999969482422,123.87000274658203,88651200
2021-04-06,122.81482696533203,126.20999908447266,127.12999725341797,125.6500015258789,126.5,80171300
2021-04-07,124.4593505859375,127.9000015258789,127.91999816894531,125.13999938964844,125.83000183105469,83466700
2021-04-08,126.8531723022461,130.36000061035156,130.38999938964844,128.52000427246094,128.9499969482422,88844600
2021-04-09,129.4221954345703,133.0,133.0399932861328,129.47000122070312,129.8000030517578,106686700
2021-04-12,127.7094955444336,131.24000549316406,132.85000610351562,130.6300048828125,132.52000427246094,91420000
2021-04-13,130.813720703125,134.42999267578125,134.66000366210938,131.92999267578125,132.44000244140625,91266500
2021-04-14,128.47828674316406,132.02999877929688,135.0,131.66000366210938,134.94000244140625,87222800
2021-04-15,130.8818359375,134.5,135.0,133.63999938964844,133.82000732421875,89347100
2021-04-16,130.55096435546875,134.16000366210938,134.6699981689453,133.27999877929688,134.3000030517578,84922400
2021-04-19,131.21267700195312,134.83999633789062,135.47000122070312,133.33999633789062,133.50999450683594,94264200
2021-04-20,129.52920532226562,133.11000061035156,135.52999877929688,131.80999755859375,135.02000427246094,94812300
2021-04-21,129.90869140625,133.5,133.75,131.3000030517578,132.36000061035156,68847100
2021-04-22,128.39071655273438,131.94000244140625,134.14999389648438,131.41000366210938,133.0399932861328,84566500
2021-04-23,130.70664978027344,134.32000732421875,135.1199951171875,132.16000366210938,132.16000366210938,78657500
2021-04-26,131.0959014892578,134.72000122070312,135.05999755859375,133.55999755859375,134.8300018310547,66905100
2021-04-27,130.7747802734375,134.38999938964844,135.41000366210938,134.11000061035156,135.00999450683594,66015800
2021-04-28,129.98660278320312,133.5800018310547,135.02000427246094,133.0800018310547,134.30999755859375,107760100
2021-04-29,129.8892822265625,133.47999572753906,137.07000732421875,132.4499969482422,136.47000122070312,151101000
2021-04-30,127.92362976074219,131.4600067138672,133.55999755859375,131.07000732421875,131.77999877929688,109839500
2021-05-03,128.97459411621094,132.5399932861328,134.07000732421875,131.8300018310547,132.0399932861328,75135100
2021-05-04,124.41070556640625,127.8499984741211,131.49000549316406,126.69999694824219,131.19000244140625,137564700
2021-05-05,124.65399169921875,128.10000610351562,130.4499969482422,127.97000122070312,129.1999969482422,84000900
2021-05-06,126.24987030029297,129.74000549316406,129.75,127.12999725341797,127.88999938964844,78128300
2021-05-07,126.92247009277344,130.2100067138672,131.25999450683594,129.47999572753906,130.85000610351562,78973300
2021-05-10,123.64727020263672,126.8499984741211,129.5399932861328,126.80999755859375,129.41000366210938,88071200
2021-05-11,122.73100280761719,125.91000366210938,126.2699966430664,122.7699966430664,123.5,126142800
2021-05-12,119.6702880859375,122.7699966430664,124.63999938964844,122.25,123.4000015258789,112172300
2021-05-13,121.81475067138672,124.97000122070312,126.1500015258789,124.26000213623047,124.58000183105469,105861300
2021-05-14,124.23212432861328,127.44999694824219,127.88999938964844,125.8499984741211,126.25,81918000
2021-05-17,123.08191680908203,126.2699966430664,126.93000030517578,125.16999816894531,126.81999969482422,74244600
2021-05-18,121.69775390625,124.8499984741211,126.98999786376953,124.77999877929688,126.55999755859375,63342900
2021-05-19,121.54182434082031,124.69000244140625,124.91999816894531,122.86000061035156,123.16000366210938,92612000
2021-05-20,124.09565734863281,127.30999755859375,127.72000122070312,125.0999984741211,125.2300033569336,76857100
2021-05-21,122.26312255859375,125.43000030517578,128.0,125.20999908447266,127.81999969482422,79295400
2021-05-24,123.89095306396484,127.0999984741211,127.94000244140625,125.94000244140625,126.01000213623047,63092900
2021-05-25,123.6960220336914,126.9000015258789,128.32000732421875,126.31999969482422,127.81999969482422,72009500
2021-05-26,123.64727020263672,126.8499984741211,127.38999938964844,126.41999816894531,126.95999908447266,56575900
2021-05-27,122.1169204711914,125.27999877929688,127.63999938964844,125.08000183105469,126.44000244140625,94625600
2021-05-28,121.46383666992188,124.61000061035156,125.80000305175781,124.55000305175781,125.56999969482422,71311100
2021-06-01,121.14217376708984,124.27999877929688,125.3499984741211,123.94000244140625,125.08000183105469,67637100
2021-06-02,121.90245819091797,125.05999755859375,125.23999786376953,124.05000305175781,124.27999877929688,59278900
2021-06-03,120.42086029052734,123.54000091552734,124.8499984741211,123.12999725341797,124.68000030517578,76229200
2021-06-04,122.7115249633789,125.88999938964844,126.16000366210938,123.8499984741211,124.06999969482422,75169300
2021-06-07,122.72127532958984,125.9000015258789,126.31999969482422,124.83000183105469,126.16999816894531,71057600
2021-06-08,123.5400619506836,126.73999786376953,128.4600067138672,126.20999908447266,126.5999984741211,74403800
2021-06-09,123.92021942138672,127.12999725341797,127.75,126.5199966430664,127.20999908447266,56877900
2021-06-10,122.92594146728516,126.11000061035156,128.19000244140625,125.94000244140625,127.0199966430664,71186400
2021-06-11,124.13465881347656,127.3499984741211,127.44000244140625,126.0999984741211,126.52999877929688,53522400
2021-06-14,127.18560791015625,130.47999572753906,130.5399932861328,127.06999969482422,127.81999969482422,96906500
2021-06-15,126.36680603027344,129.63999938964844,130.60000610351562,129.38999938964844,129.94000244140625,62746300
2021-06-16,126.86396026611328,130.14999389648438,130.88999938964844,128.4600067138672,130.3699951171875,91815000
2021-06-17,128.4625244140625,131.7899932861328,132.5500030517578,129.64999389648438,129.8000030517578,96721700
2021-06-18,127.16612243652344,130.4600067138672,131.50999450683594,130.24000549316406,130.7100067138672,108953300
2021-06-21,128.95968627929688,132.3000030517578,132.41000366210938,129.2100067138672,130.3000030517578,79663300
2021-06-22,130.59725952148438,133.97999572753906,134.0800018310547,131.6199951171875,132.1300048828125,74783600
2021-06-23,130.32431030273438,133.6999969482422,134.32000732421875,133.22999572753906,133.77000427246094,60214200
2021-06-24,130.0416717529297,133.41000366210938,134.63999938964844,132.92999267578125,134.4499969482422,68711000
2021-06-25,129.74920654296875,133.11000061035156,133.88999938964844,132.80999755859375,133.4600067138672,70783700
2021-06-28,131.37704467773438,134.77999877929688,135.25,133.35000610351562,133.41000366210938,62111300
2021-06-29,132.88790893554688,136.3300018310547,136.49000549316406,134.35000610351562,134.8000030517578,64556100
2021-06-30,133.5020294189453,136.9600067138672,137.41000366210938,135.8699951171875,136.1699981689453,63261400
2021-07-01,133.80419921875,137.27000427246094,137.3300018310547,135.75999450683594,136.60000610351562,52485800
2021-07-02,136.42625427246094,139.9600067138672,140.0,137.75,137.89999389648438,78852600
2021-07-06,138.4342498779297,142.02000427246094,143.14999389648438,140.07000732421875,140.07000732421875,108181800
2021-07-07,140.91989135742188,144.57000732421875,144.88999938964844,142.66000366210938,143.5399932861328,104911600
2021-07-08,139.62347412109375,143.24000549316406,144.05999755859375,140.6699981689453,141.5800018310547,105575500
2021-07-09,141.4462432861328,145.11000061035156,145.64999389648438,142.64999389648438,142.75,99890800
2021-07-12,140.8516387939453,144.5,146.32000732421875,144.0,146.2100067138672,76299700
2021-07-13,141.96287536621094,145.63999938964844,147.4600067138672,143.6300048828125,144.02999877929688,100827100
2021-07-14,145.38421630859375,149.14999389648438,149.57000732421875,147.67999267578125,148.10000610351562,127050800
2021-07-15,144.73117065429688,148.47999572753906,150.0,147.08999633789062,149.24000549316406,106820300
2021-07-16,142.69393920898438,146.38999938964844,149.75999450683594,145.8800048828125,148.4600067138672,93251400
2021-07-19,138.85342407226562,142.4499969482422,144.07000732421875,141.6699981689453,143.75,121434600
2021-07-20,142.45997619628906,146.14999389648438,147.10000610351562,142.9600067138672,143.4600067138672,96350000
2021-07-21,141.72889709472656,145.39999389648438,146.1300048828125,144.6300048828125,145.52999877929688,74993500
2021-07-22,143.09359741210938,146.8000030517578,148.1999969482422,145.80999755859375,145.94000244140625,77338200
2021-07-23,144.8091583251953,148.55999755859375,148.72000122070312,146.9199981689453,147.5500030517578,71447400
2021-07-26,145.228271484375,148.99000549316406,149.8300018310547,147.6999969482422,148.27000427246094,72434100
2021-07-27,143.06436157226562,146.77000427246094,149.2100067138672,145.5500030517578,149.1199951171875,104818600
2021-07-28,141.3195343017578,144.97999572753906,146.97000122070312,142.5399932861328,144.80999755859375,118931200
2021-07-29,141.96287536621094,145.63999938964844,146.5500030517578,144.5800018310547,144.69000244140625,56699500
2021-07-30,142.17727661132812,145.86000061035156,146.3300018310547,144.11000061035156,144.3800048828125,70440600
2021-08-02,141.8459014892578,145.52000427246094,146.9499969482422,145.25,146.36000061035156,62880000
2021-08-03,143.63946533203125,147.36000061035156,148.0399932861328,145.17999267578125,145.80999755859375,64786600
2021-08-04,143.23977661132812,146.9499969482422,147.7899932861328,146.27999877929688,147.27000427246094,56368300
2021-08-05,143.34701538085938,147.05999755859375,147.83999633789062,146.1699981689453,146.97999572753906,46397700
2021-08-06,142.66368103027344,146.13999938964844,147.11000061035156,145.6300048828125,146.35000610351562,54126800
2021-08-09,142.61488342285156,146.08999633789062,146.6999969482422,145.52000427246094,146.1999969482422,48908700
2021-08-10,142.13650512695312,145.60000610351562,147.7100067138672,145.3000030517578,146.44000244140625,69023100
2021-08-11,142.3903045654297,145.86000061035156,146.72000122070312,145.52999877929688,146.0500030517578,48493500
2021-08-12,145.3482666015625,148.88999938964844,149.0500030517578,145.83999633789062,146.19000244140625,72282600
2021-08-13,145.5532989501953,149.10000610351562,149.44000244140625,148.27000427246094,148.97000122070312,59375000
2021-08-16,147.5252227783203,151.1199951171875,151.19000244140625,146.47000122070312,148.5399932861328,103296000
2021-08-17,146.6173095703125,150.19000244140625,151.67999267578125,149.08999633789062,150.22999572753906,92229700
2021-08-18,142.87841796875,146.36000061035156,150.72000122070312,146.14999389648438,149.8000030517578,86326000
2021-08-19,143.21035766601562,146.6999969482422,148.0,144.5,145.02999877929688,86960300
2021-08-20,144.66490173339844,148.19000244140625,148.5,146.77999877929688,147.44000244140625,60549600
2021-08-23,146.14877319335938,149.7100067138672,150.19000244140625,147.88999938964844,148.30999755859375,60131800
2021-08-24,146.06089782714844,149.6199951171875,150.86000061035156,149.14999389648438,149.4499969482422,48606400
2021-08-25,144.83087158203125,148.36000061035156,150.32000732421875,147.8000030517578,149.80999755859375,58991300
2021-08-26,144.0303497314453,147.5399932861328,149.1199951171875,147.50999450683594,148.35000610351562,48597200
2021-08-27,145.06517028808594,148.60000610351562,148.75,146.8300018310547,147.47999572753906,55802400
2021-08-30,149.47763061523438,153.1199951171875,153.49000549316406,148.61000061035156,149.0,90956700
2021-08-31,148.2183074951172,151.8300018310547,152.8000030517578,151.2899932861328,152.66000366210938,86453100
2021-09-01,148.88214111328125,152.50999450683594,154.97999572753906,152.33999633789062,152.8300018310547,80313700
2021-09-02,149.99501037597656,153.64999389648438,154.72000122070312,152.39999389648438,153.8699951171875,71115500
2021-09-03,150.62954711914062,154.3000030517578,154.6300048828125,153.08999633789062,153.75999450683594,57808700
2021-09-07,152.9626922607422,156.69000244140625,157.25999450683594,154.38999938964844,154.97000122070312,82278300
2021-09-08,151.4202880859375,155.11000061035156,157.0399932861328,153.97999572753906,156.97999572753906,74420200
2021-09-09,150.405029296875,154.07000732421875,156.11000061035156,153.9499969482422,155.49000549316406,57305700
2021-09-10,145.42636108398438,148.97000122070312,155.47999572753906,148.6999969482422,155.0,140893200
2021-09-13,145.99256896972656,149.5500030517578,151.4199981689453,148.75,150.6300048828125,102404300
2021-09-14,144.5965576171875,148.1199951171875,151.07000732421875,146.91000366210938,150.35000610351562,109296300
2021-09-15,145.4849090576172,149.02999877929688,149.44000244140625,146.3699951171875,148.55999755859375,83281300
2021-09-16,145.2506103515625,148.7899932861328,148.97000122070312,147.22000122070312,148.44000244140625,68034100
2021-09-17,142.58558654785156,146.05999755859375,148.82000732421875,145.75999450683594,148.82000732421875,129868800
2021-09-20,139.53981018066406,142.94000244140625,144.83999633789062,141.27000427246094,143.8000030517578,123478900
2021-09-21,140.0181121826172,143.42999267578125,144.60000610351562,142.77999877929688,143.92999267578125,75834000
2021-09-22,142.38055419921875,145.85000610351562,146.42999267578125,143.6999969482422,144.4499969482422,76404300
2021-09-23,143.33724975585938,146.8300018310547,147.0800018310547,145.63999938964844,146.64999389648438,64838200
2021-09-24,143.42510986328125,146.9199981689453,147.47000122070312,145.55999755859375,145.66000366210938,53477900
2021-09-27,141.91197204589844,145.3699951171875,145.9600067138672,143.82000732421875,145.47000122070312,74150700
2021-09-28,138.53427124023438,141.91000366210938,144.75,141.69000244140625,143.25,108972300
2021-09-29,139.4324493408203,142.8300018310547,144.4499969482422,142.02999877929688,142.47000122070312,74602000
2021-09-30,138.13401794433594,141.5,144.3800048828125,141.27999877929688,143.66000366210938,89056700
2021-10-01,139.25668334960938,142.64999389648438,142.9199981689453,139.11000061035156,141.89999389648438,94639600
2021-10-04,135.83016967773438,139.13999938964844,142.2100067138672,138.27000427246094,141.75999450683594,98322000
2021-10-05,137.7532958984375,141.11000061035156,142.24000549316406,139.36000061035156,139.49000549316406,80861100
2021-10-06,138.6221466064453,142.0,142.14999389648438,138.3699951171875,139.47000122070312,83221100
2021-10-07,139.8814697265625,143.2899932861328,144.22000122070312,142.72000122070312,143.05999755859375,61732700
2021-10-08,139.50074768066406,142.89999389648438,144.17999267578125,142.55999755859375,144.02999877929688,58773200
2021-10-11,139.41287231445312,142.80999755859375,144.80999755859375,141.80999755859375,142.27000427246094,64452200
2021-10-12,138.14378356933594,141.50999450683594,143.25,141.0399932861328,143.22999572753906,73035900
2021-10-13,137.5580596923828,140.91000366210938,141.39999389648438,139.1999969482422,141.24000549316406,78762700
2021-10-14,140.3402557373047,143.75999450683594,143.8800048828125,141.50999450683594,142.11000061035156,69907100
2021-10-15,141.39462280273438,144.83999633789062,144.89999389648438,143.50999450683594,143.77000427246094,67940300
2021-10-18,143.06393432617188,146.5500030517578,146.83999633789062,143.16000366210938,143.4499969482422,85589200
2021-10-19,145.22134399414062,148.75999450683594,149.1699981689453,146.5500030517578,147.00999450683594,76378900
2021-10-20,145.70945739746094,149.25999450683594,149.75,148.1199951171875,148.6999969482422,58418800
2021-10-21,145.92420959472656,149.47999572753906,149.63999938964844,147.8699951171875,148.80999755859375,61421000
2021-10-22,145.1529998779297,148.69000244140625,150.17999267578125,148.63999938964844,149.69000244140625,58883400
2021-10-25,145.10421752929688,148.63999938964844,149.3699951171875,147.6199951171875,148.67999267578125,50720600
2021-10-26,145.76803588867188,149.32000732421875,150.83999633789062,149.00999450683594,149.3300018310547,60893400
2021-10-27,145.30918884277344,148.85000610351562,149.72999572753906,148.49000549316406,149.36000061035156,56094900
2021-10-28,148.94076538085938,152.57000732421875,153.1699981689453,149.72000122070312,149.82000732421875,100077900
2021-10-29,146.23663330078125,149.8000030517578,149.94000244140625,146.41000366210938,147.22000122070312,124953200
2021-11-01,145.4165802001953,148.9600067138672,149.6999969482422,147.8000030517578,148.99000549316406,74588300
2021-11-02,146.4513702392578,150.02000427246094,151.57000732421875,148.64999389648438,148.66000366210938,69122000
2021-11-03,147.8864288330078,151.49000549316406,151.97000122070312,149.82000732421875,150.38999938964844,54511500
2021-11-04,147.3690185546875,150.9600067138672,152.42999267578125,150.63999938964844,151.5800018310547,60394600
2021-11-05,147.89694213867188,151.27999877929688,152.1999969482422,150.05999755859375,151.88999938964844,65463900
2021-11-08,147.0757598876953,150.44000244140625,151.57000732421875,150.16000366210938,151.41000366210938,55020900
2021-11-09,147.4374542236328,150.80999755859375,151.42999267578125,150.05999755859375,150.1999969482422,56787900
2021-11-10,144.61207580566406,147.9199981689453,150.1300048828125,147.85000610351562,150.02000427246094,65187100
2021-11-11,144.56317138671875,147.8699951171875,149.42999267578125,147.67999267578125,148.9600067138672,41000000
2021-11-12,146.6357879638672,149.99000549316406,150.39999389648438,147.47999572753906,148.42999267578125,63804000
2021-11-15,146.6455841064453,150.0,151.8800048828125,149.42999267578125,150.3699951171875,59222800
2021-11-16,147.62319946289062,151.0,151.49000549316406,149.33999633789062,149.94000244140625,59256200
2021-11-17,150.05751037597656,153.49000549316406,155.0,150.99000549316406,151.0,88807000
2021-11-18,154.3395233154297,157.8699951171875,158.6699981689453,153.0500030517578,153.7100067138672,137827700
2021-11-19,156.9595947265625,160.5500030517578,161.02000427246094,156.52999877929688,157.64999389648438,117305600
2021-11-22,157.41912841796875,161.02000427246094,165.6999969482422,161.0,161.67999267578125,117467900
2021-11-23,157.80039978027344,161.41000366210938,161.8000030517578,159.05999755859375,161.1199951171875,96041900
2021-11-24,158.31854248046875,161.94000244140625,162.13999938964844,159.63999938964844,160.75,69463600
2021-11-26,153.30325317382812,156.80999755859375,160.4499969482422,156.36000061035156,159.57000732421875,76959800
2021-11-29,156.65658569335938,160.24000549316406,161.19000244140625,158.7899932861328,159.3699951171875,88748200
2021-11-30,161.60340881347656,165.3000030517578,165.52000427246094,159.9199981689453,159.99000549316406,174048100
2021-12-01,161.08526611328125,164.77000427246094,170.3000030517578,164.52999877929688,167.47999572753906,152052500
2021-12-02,160.09786987304688,163.75999450683594,164.1999969482422,157.8000030517578,158.74000549316406,136739200
2021-12-03,158.22080993652344,161.83999633789062,164.9600067138672,159.72000122070312,164.02000427246094,118023100
2021-12-06,161.6229705810547,165.32000732421875,167.8800048828125,164.27999877929688,164.2899932861328,107497000
2021-12-07,167.3518829345703,171.17999267578125,171.5800018310547,168.33999633789062,169.0800018310547,120405400
2021-12-08,171.16470336914062,175.0800018310547,175.9600067138672,170.6999969482422,172.1300048828125,116998900
2021-12-09,170.65634155273438,174.55999755859375,176.75,173.9199981689453,174.91000366210938,108923700
2021-12-10,175.43698120117188,179.4499969482422,179.6300048828125,174.69000244140625,175.2100067138672,115402700
2021-12-13,171.8099365234375,175.74000549316406,182.1300048828125,175.52999877929688,181.1199951171875,153237000
2021-12-14,170.43148803710938,174.3300018310547,177.74000549316406,172.2100067138672,175.25,139380400
2021-12-15,175.29031372070312,179.3000030517578,179.5,172.30999755859375,175.11000061035156,131063300
2021-12-16,168.4077911376953,172.25999450683594,181.13999938964844,170.75,179.27999877929688,150185800
2021-12-17,167.31280517578125,171.13999938964844,173.47000122070312,169.69000244140625,169.92999267578125,195432700
2021-12-20,165.9539031982422,169.75,170.5800018310547,167.4600067138672,168.27999877929688,107499100
2021-12-21,169.12147521972656,172.99000549316406,173.1999969482422,169.1199951171875,171.55999755859375,91185900
2021-12-22,171.71218872070312,175.63999938964844,175.86000061035156,172.14999389648438,173.0399932861328,92135300
2021-12-23,172.33787536621094,176.27999877929688,176.85000610351562,175.27000427246094,175.85000610351562,68356600
2021-12-27,176.2972869873047,180.3300018310547,180.4199981689453,177.07000732421875,177.08999633789062,74919600
2021-12-28,175.28054809570312,179.2899932861328,181.3300018310547,178.52999877929688,180.16000366210938,79144300
2021-12-29,175.3685302734375,179.3800048828125,180.6300048828125,178.13999938964844,179.3300018310547,62348900
2021-12-30,174.2149200439453,178.1999969482422,180.57000732421875,178.08999633789062,179.47000122070312,59773000
2021-12-31,173.59902954101562,177.57000732421875,179.22999572753906,177.25999450683594,178.08999633789062,64062300
2022-01-03,177.93966674804688,182.00999450683594,182.8800048828125,177.7100067138672,177.8300018310547,104487900
2022-01-04,175.68133544921875,179.6999969482422,182.94000244140625,179.1199951171875,182.6300048828125,99310400
2022-01-05,171.0082550048828,174.9199981689453,180.1699981689453,174.63999938964844,179.61000061035156,94537600
2022-01-06,168.1536102294922,172.0,175.3000030517578,171.63999938964844,172.6999969482422,96904000
2022-01-07,168.31979370117188,172.1699981689453,174.13999938964844,171.02999877929688,172.88999938964844,86709100
2022-01-10,168.3393096923828,172.19000244140625,172.5,168.1699981689453,169.0800018310547,106765600
2022-01-11,171.16470336914062,175.0800018310547,175.17999267578125,170.82000732421875,172.32000732421875,76138300
2022-01-12,171.6046600341797,175.52999877929688,177.17999267578125,174.82000732421875,176.1199951171875,74805200
2022-01-13,168.3393096923828,172.19000244140625,176.6199951171875,171.7899932861328,175.77999877929688,84505800
2022-01-14,169.1996612548828,173.07000732421875,173.77999877929688,171.08999633789062,171.33999633789062,80440800
2022-01-18,166.00277709960938,169.8000030517578,172.5399932861328,169.41000366210938,171.50999450683594,90956700
2022-01-19,162.51260375976562,166.22999572753906,171.0800018310547,165.94000244140625,170.0,94815000
2022-01-20,160.83108520507812,164.50999450683594,169.67999267578125,164.17999267578125,166.97999572753906,91420500
2022-01-21,158.77806091308594,162.41000366210938,166.3300018310547,162.3000030517578,164.4199981689453,122848900
2022-01-24,158.0056915283203,161.6199951171875,162.3000030517578,154.6999969482422,160.02000427246094,162294600
2022-01-25,156.2068634033203,159.77999877929688,162.75999450683594,157.02000427246094,158.97999572753906,115798400
2022-01-26,156.118896484375,159.69000244140625,164.38999938964844,157.82000732421875,163.5,108275300
2022-01-27,155.65936279296875,159.22000122070312,163.83999633789062,158.27999877929688,162.4499969482422,121954600
2022-01-28,166.52093505859375,170.3300018310547,170.35000610351562,162.8000030517578,165.7100067138672,179935700
2022-01-31,170.87144470214844,174.77999877929688,175.0,169.50999450683594,170.16000366210938,115541600
2022-02-01,170.70521545410156,174.61000061035156,174.83999633789062,172.30999755859375,174.00999450683594,86213900
2022-02-02,171.90768432617188,175.83999633789062,175.8800048828125,173.3300018310547,174.75,84914300
2022-02-03,169.03343200683594,172.89999389648438,176.24000549316406,172.1199951171875,174.47999572753906,89418100
2022-02-04,168.7495880126953,172.38999938964844,174.10000610351562,170.67999267578125,171.67999267578125,82465400
2022-02-07,168.0349884033203,171.66000366210938,173.9499969482422,170.9499969482422,172.86000061035156,77251200
2022-02-08,171.13807678222656,174.8300018310547,175.35000610351562,171.42999267578125,171.72999572753906,74829200
2022-02-09,172.5574188232422,176.27999877929688,176.64999389648438,174.89999389648438,176.0500030517578,71285000
2022-02-10,168.4852752685547,172.1199951171875,175.47999572753906,171.5500030517578,174.13999938964844,90865900
2022-02-11,165.07876586914062,168.63999938964844,173.0800018310547,168.0399932861328,172.3300018310547,98670700
2022-02-14,165.3136749267578,168.8800048828125,169.5800018310547,166.55999755859375,167.3699951171875,86185500
2022-02-15,169.14111328125,172.7899932861328,172.9499969482422,170.25,170.97000122070312,62527400
2022-02-16,168.9062042236328,172.5500030517578,173.33999633789062,170.0500030517578,171.85000610351562,61177400
2022-02-17,165.3136749267578,168.8800048828125,171.91000366210938,168.47000122070312,171.02999877929688,69589300
2022-02-18,163.76705932617188,167.3000030517578,170.5399932861328,166.19000244140625,169.82000732421875,82772700
2022-02-22,160.85000610351562,164.32000732421875,166.69000244140625,162.14999389648438,164.97999572753906,91162800
2022-02-23,156.6897430419922,160.07000732421875,166.14999389648438,159.75,165.5399932861328,90009200
2022-02-24,159.30337524414062,162.74000549316406,162.85000610351562,152.0,152.5800018310547,141147500
2022-02-25,161.36880493164062,164.85000610351562,165.1199951171875,160.8699951171875,163.83999633789062,91974200
2022-02-28,161.63307189941406,165.1199951171875,165.4199981689453,162.42999267578125,163.05999755859375,95056600
2022-03-01,159.75363159179688,163.1999969482422,166.60000610351562,161.97000122070312,164.6999969482422,83474400
2022-03-02,163.04270935058594,166.55999755859375,167.36000061035156,162.9499969482422,164.38999938964844,79724800
2022-03-03,162.7196502685547,166.22999572753906,168.91000366210938,165.5500030517578,168.47000122070312,76678400
2022-03-04,159.7242889404297,163.1699981689453,165.5500030517578,162.10000610351562,164.49000549316406,83737200
2022-03-07,155.93603515625,159.3000030517578,165.02000427246094,159.0399932861328,163.36000061035156,96418800
2022-03-08,154.11529541015625,157.44000244140625,162.8800048828125,155.8000030517578,158.82000732421875,131148300
2022-03-09,159.50892639160156,162.9499969482422,163.41000366210938,159.41000366210938,161.47999572753906,91454900
2022-03-10,155.17247009277344,158.52000427246094,160.38999938964844,155.97999572753906,160.1999969482422,105342000
2022-03-11,151.46250915527344,154.72999572753906,159.27999877929688,154.5,158.92999267578125,96970100
2022-03-14,147.43931579589844,150.6199951171875,154.1199951171875,150.10000610351562,151.4499969482422,108732100
2022-03-15,151.81491088867188,155.08999633789062,155.57000732421875,150.3800048828125,150.89999389648438,92964300
2022-03-16,156.21986389160156,159.58999633789062,160.0,154.4600067138672,157.0500030517578,102300200
2022-03-17,157.22811889648438,160.6199951171875,161.0,157.6300048828125,158.61000061035156,75615400
2022-03-18,160.51718139648438,163.97999572753906,164.47999572753906,159.75999450683594,160.50999450683594,123511700
2022-03-21,161.88760375976562,165.3800048828125,166.35000610351562,163.00999450683594,163.50999450683594,95811400
2022-03-22,165.25497436523438,168.82000732421875,169.4199981689453,164.91000366210938,165.50999450683594,81532000
2022-03-23,166.61561584472656,170.2100067138672,172.63999938964844,167.64999389648438,167.99000549316406,98062700
2022-03-24,170.39410400390625,174.07000732421875,174.13999938964844,170.2100067138672,171.05999755859375,90131400
2022-03-25,171.0303497314453,174.72000122070312,175.27999877929688,172.75,173.8800048828125,80546200
2022-03-28,171.89178466796875,175.60000610351562,175.72999572753906,172.0,172.1699981689453,90371900
2022-03-29,175.18081665039062,178.9600067138672,179.00999450683594,176.33999633789062,176.69000244140625,100589400
2022-03-30,174.01596069335938,177.77000427246094,179.61000061035156,176.6999969482422,178.5500030517578,92633200
2022-03-31,170.92271423339844,174.61000061035156,178.02999877929688,174.39999389648438,177.83999633789062,103049300
2022-04-01,170.6290283203125,174.30999755859375,174.8800048828125,171.94000244140625,174.02999877929688,78751300
2022-04-04,174.67184448242188,178.44000244140625,178.49000549316406,174.44000244140625,174.57000732421875,76468400
2022-04-05,171.3632049560547,175.05999755859375,178.3000030517578,174.4199981689453,177.5,73401800
2022-04-06,168.20143127441406,171.8300018310547,173.6300048828125,170.1300048828125,172.36000061035156,89058800
2022-04-07,168.5048828125,172.13999938964844,173.36000061035156,169.85000610351562,171.16000366210938,77594700
2022-04-08,166.49813842773438,170.08999633789062,171.77999877929688,169.1999969482422,171.77999877929688,76575500
2022-04-11,162.2498016357422,165.75,169.02999877929688,165.5,168.7100067138672,72246700
2022-04-12,164.1194610595703,167.66000366210938,169.8699951171875,166.63999938964844,168.02000427246094,79265200
2022-04-13,166.8015899658203,170.39999389648438,171.0399932861328,166.77000427246094,167.38999938964844,70618900
2022-04-14,161.79949951171875,165.2899932861328,171.27000427246094,165.0399932861328,170.6199951171875,75329400
2022-04-18,161.5841522216797,165.07000732421875,166.60000610351562,163.57000732421875,163.9199981689453,69023900
2022-04-19,163.86495971679688,167.39999389648438,167.82000732421875,163.91000366210938,165.02000427246094,67723800
2022-04-20,163.69854736328125,167.22999572753906,168.8800048828125,166.10000610351562,168.75999450683594,67929800
2022-04-21,162.90565490722656,166.4199981689453,171.52999877929688,165.91000366210938,168.91000366210938,87227800
2022-04-22,158.3734130859375,161.7899932861328,167.8699951171875,161.5,166.4600067138672,84882400
2022-04-25,159.44041442871094,162.8800048828125,163.1699981689453,158.4600067138672,161.1199951171875,96046400
2022-04-26,153.48880004882812,156.8000030517578,162.33999633789062,156.72000122070312,162.25,95623200
2022-04-27,153.26364135742188,156.57000732421875,159.7899932861328,155.3800048828125,155.91000366210938,88063200
2022-04-28,160.18435668945312,163.63999938964844,164.52000427246094,158.92999267578125,159.25,130216800
2022-04-29,154.3208465576172,157.64999389648438,166.1999969482422,157.25,161.83999633789062,131747600
2022-05-02,154.6243133544922,157.9600067138672,158.22999572753906,153.27000427246094,156.7100067138672,123055300
2022-05-03,156.11219787597656,159.47999572753906,160.7100067138672,156.32000732421875,158.14999389648438,88966500
2022-05-04,162.5141143798828,166.02000427246094,166.47999572753906,159.25999450683594,159.6699981689453,108256500
2022-05-05,153.45945739746094,156.77000427246094,164.0800018310547,154.9499969482422,163.85000610351562,130525300
2022-05-06,154.18487548828125,157.27999877929688,159.44000244140625,154.17999267578125,156.00999450683594,116124600
2022-05-09,149.0675811767578,152.05999755859375,155.8300018310547,151.49000549316406,154.92999267578125,131577900
2022-05-10,151.46934509277344,154.50999450683594,156.74000549316406,152.92999267578125,155.52000427246094,115366700
2022-05-11,143.61700439453125,146.5,155.4499969482422,145.80999755859375,153.5,142689800
2022-05-12,139.75454711914062,142.55999755859375,146.1999969482422,138.8000030517578,142.77000427246094,182602000
2022-05-13,144.21499633789062,147.11000061035156,148.10000610351562,143.11000061035156,144.58999633789062,113990900
2022-05-16,142.67591857910156,145.5399932861328,147.52000427246094,144.17999267578125,145.5500030517578,86643800
2022-05-17,146.30311584472656,149.24000549316406,149.77000427246094,146.67999267578125,148.86000061035156,78336300
2022-05-18,138.04881286621094,140.82000732421875,147.36000061035156,139.89999389648438,146.85000610351562,109742900
2022-05-19,134.64707946777344,137.35000610351562,141.66000366210938,136.60000610351562,139.8800048828125,136095600
2022-05-20,134.88233947753906,137.58999633789062,140.6999969482422,132.61000061035156,139.08999633789062,137426100
2022-05-23,140.293701171875,143.11000061035156,143.25999450683594,137.64999389648438,137.7899932861328,117726300
2022-05-24,137.59783935546875,140.36000061035156,141.97000122070312,137.3300018310547,140.80999755859375,104132700
2022-05-25,137.7546844482422,140.52000427246094,141.7899932861328,138.33999633789062,138.42999267578125,92482700
2022-05-26,140.95054626464844,143.77999877929688,144.33999633789062,137.13999938964844,137.38999938964844,90601500
2022-05-27,146.69520568847656,149.63999938964844,149.67999267578125,145.25999450683594,145.38999938964844,90978500
2022-05-31,145.9109344482422,148.83999633789062,150.66000366210938,146.83999633789062,149.07000732421875,103718400
2022-06-01,145.78355407714844,148.7100067138672,151.74000549316406,147.67999267578125,149.89999389648438,74286600
2022-06-02,148.23431396484375,151.2100067138672,151.27000427246094,146.86000061035156,147.8300018310547,72348100
2022-06-03,142.51904296875,145.3800048828125,147.97000122070312,144.4600067138672,146.89999389648438,88570300
2022-06-06,143.26406860351562,146.13999938964844,148.57000732421875,144.89999389648438,147.02999877929688,71598400
2022-06-07,145.78355407714844,148.7100067138672,149.0,144.10000610351562,144.35000610351562,67808200
2022-06-08,145.04827880859375,147.9600067138672,149.8699951171875,147.4600067138672,148.5800018310547,53950200
2022-06-09,139.83294677734375,142.63999938964844,147.9499969482422,142.52999877929688,147.0800018310547,69473000
2022-06-10,134.43142700195312,137.1300048828125,140.75999450683594,137.05999755859375,140.27999877929688,91437900
2022-06-13,129.2847442626953,131.8800048828125,135.1999969482422,131.44000244140625,132.8699951171875,122207100
2022-06-14,130.14739990234375,132.75999450683594,133.88999938964844,131.47999572753906,133.1300048828125,84784300
2022-06-15,132.7648468017578,135.42999267578125,137.33999633789062,132.16000366210938,134.2899932861328,91533000
2022-06-16,127.50051879882812,130.05999755859375,132.38999938964844,129.0399932861328,132.0800018310547,108123900
2022-06-17,128.9710235595703,131.55999755859375,133.0800018310547,129.80999755859375,130.07000732421875,134520300
2022-06-21,133.19619750976562,135.8699951171875,137.05999755859375,133.32000732421875,133.4199981689453,81000500
2022-06-22,132.68646240234375,135.35000610351562,137.75999450683594,133.91000366210938,134.7899932861328,73409200
2022-06-23,135.54898071289062,138.27000427246094,138.58999633789062,135.6300048828125,136.82000732421875,72433800
2022-06-24,138.8722381591797,141.66000366210938,141.91000366210938,139.77000427246094,139.89999389648438,89116800
2022-06-27,138.8722381591797,141.66000366210938,143.49000549316406,140.97000122070312,142.6999969482422,70207900
2022-06-28,134.7353057861328,137.44000244140625,143.4199981689453,137.32000732421875,142.1300048828125,67083400
2022-06-29,136.49008178710938,139.22999572753906,140.6699981689453,136.6699981689453,137.4600067138672,66242400
2022-06-30,134.02951049804688,136.72000122070312,138.3699951171875,133.77000427246094,137.25,98964500
2022-07-01,136.19598388671875,138.92999267578125,139.0399932861328,135.66000366210938,136.0399932861328,71051600
2022-07-05,138.7742462158203,141.55999755859375,141.61000061035156,136.92999267578125,137.77000427246094,73353800
2022-07-06,140.10745239257812,142.9199981689453,144.1199951171875,141.0800018310547,141.35000610351562,74064300
2022-07-07,143.46995544433594,146.35000610351562,146.5500030517578,143.27999877929688,143.2899932861328,66253700
2022-07-08,144.14639282226562,147.0399932861328,147.5500030517578,145.0,145.25999450683594,64547800
2022-07-11,142.0190887451172,144.8699951171875,146.63999938964844,143.77999877929688,145.6699981689453,63141600
2022-07-12,142.9896240234375,145.86000061035156,148.4499969482422,145.0500030517578,145.75999450683594,77588800
2022-07-13,142.6268768310547,145.49000549316406,146.4499969482422,142.1199951171875,142.99000549316406,71185600
2022-07-14,145.5482177734375,148.47000122070312,148.9499969482422,143.25,144.0800018310547,78140700
2022-07-15,147.21481323242188,150.1699981689453,150.86000061035156,148.1999969482422,149.77999877929688,76259900
2022-07-18,144.17581176757812,147.07000732421875,151.57000732421875,146.6999969482422,150.74000549316406,81420900
2022-07-19,148.0284423828125,151.0,151.22999572753906,146.91000366210938,147.9199981689453,82982400
2022-07-20,150.0283203125,153.0399932861328,153.72000122070312,150.3699951171875,151.1199951171875,64823400
2022-07-21,152.29283142089844,155.35000610351562,155.57000732421875,151.94000244140625,154.5,65086600
2022-07-22,151.05764770507812,154.08999633789062,156.27999877929688,153.41000366210938,155.38999938964844,66675400
2022-07-25,149.94007873535156,152.9499969482422,155.0399932861328,152.27999877929688,154.00999450683594,53623900
2022-07-26,148.61666870117188,151.60000610351562,153.08999633789062,150.8000030517578,152.25999450683594,55138700
2022-07-27,153.70448303222656,156.7899932861328,157.3300018310547,152.16000366210938,152.5800018310547,78620700
2022-07-28,154.2534942626953,157.35000610351562,157.63999938964844,154.41000366210938,156.97999572753906,81378700
2022-07-29,159.31192016601562,162.50999450683594,163.6300048828125,159.5,161.24000549316406,101786900
2022-08-01,158.33160400390625,161.50999450683594,163.58999633789062,160.88999938964844,161.00999450683594,67829400
2022-08-02,156.86114501953125,160.00999450683594,162.41000366210938,159.6300048828125,160.10000610351562,59907000
2022-08-03,162.8607177734375,166.1300048828125,166.58999633789062,160.75,160.83999633789062,82507500
2022-08-04,162.54702758789062,165.80999755859375,167.19000244140625,164.42999267578125,166.00999450683594,55474100
2022-08-05,162.3212127685547,165.35000610351562,165.85000610351562,163.0,163.2100067138672,56697000
2022-08-08,161.84999084472656,164.8699951171875,167.80999755859375,164.1999969482422,166.3699951171875,60276900
2022-08-09,161.89907836914062,164.9199981689453,165.82000732421875,163.25,164.02000427246094,63135500
2022-08-10,166.13995361328125,169.24000549316406,169.33999633789062,166.89999389648438,167.67999267578125,70170500
2022-08-11,165.40371704101562,168.49000549316406,170.99000549316406,168.19000244140625,170.05999755859375,57149200
2022-08-12,168.94760131835938,172.10000610351562,172.1699981689453,169.39999389648438,169.82000732421875,68039400
2022-08-15,170.01759338378906,173.19000244140625,173.38999938964844,171.35000610351562,171.52000427246094,54091700
2022-08-16,169.86053466796875,173.02999877929688,173.7100067138672,171.66000366210938,172.77999877929688,56377100
2022-08-17,171.3526611328125,174.5500030517578,176.14999389648438,172.57000732421875,172.77000427246094,79542000
2022-08-18,170.9600067138672,174.14999389648438,174.89999389648438,173.1199951171875,173.75,62290100
2022-08-19,168.37820434570312,171.52000427246094,173.74000549316406,171.30999755859375,173.02999877929688,70346300
2022-08-22,164.50054931640625,167.57000732421875,169.86000061035156,167.13999938964844,169.69000244140625,69026800
2022-08-23,164.16676330566406,167.22999572753906,168.7100067138672,166.64999389648438,167.0800018310547,54147100
2022-08-24,164.46127319335938,167.52999877929688,168.11000061035156,166.25,167.32000732421875,53841500
2022-08-25,166.91551208496094,170.02999877929688,170.13999938964844,168.35000610351562,168.77999877929688,51218200
2022-08-26,160.6229248046875,163.6199951171875,171.0500030517578,163.55999755859375,170.57000732421875,78961000
2022-08-29,158.42393493652344,161.3800048828125,162.89999389648438,159.82000732421875,161.14999389648438,73314000
2022-08-30,155.9991912841797,158.91000366210938,162.55999755859375,157.72000122070312,162.1300048828125,77906200
2022-08-31,154.3401336669922,157.22000122070312,160.5800018310547,157.13999938964844,160.30999755859375,87991100
2022-09-01,155.0665740966797,157.9600067138672,158.4199981689453,154.6699981689453,156.63999938964844,74229900
2022-09-02,152.9559783935547,155.80999755859375,160.36000061035156,154.97000122070312,159.75,76957800
2022-09-06,151.69937133789062,154.52999877929688,157.08999633789062,153.69000244140625,156.47000122070312,73714800
2022-09-07,153.10325622558594,155.9600067138672,156.6699981689453,153.61000061035156,154.82000732421875,87449600
2022-09-08,151.63070678710938,154.4600067138672,156.36000061035156,152.67999267578125,154.63999938964844,84923800
2022-09-09,154.4873809814453,157.3699951171875,157.82000732421875,154.75,155.47000122070312,68028800
2022-09-12,160.4364013671875,163.42999267578125,164.25999450683594,159.3000030517578,159.58999633789062,104956000
2022-09-13,151.0220489501953,153.83999633789062,160.5399932861328,153.3699951171875,159.89999389648438,122656600
2022-09-14,152.465087890625,155.30999755859375,157.10000610351562,153.61000061035156,154.7899932861328,87965400
2022-09-15,149.5789794921875,152.3699951171875,155.24000549316406,151.3800048828125,154.64999389648438,90481100
2022-09-16,147.9395751953125,150.6999969482422,151.35000610351562,148.3699951171875,151.2100067138672,162278800
2022-09-19,151.65032958984375,154.47999572753906,154.55999755859375,149.10000610351562,149.30999755859375,81474200
2022-09-20,154.02603149414062,156.89999389648438,158.0800018310547,153.0800018310547,153.39999389648438,107689800
2022-09-21,150.9042205810547,153.72000122070312,158.74000549316406,153.60000610351562,157.33999633789062,101696800
2022-09-22,149.94223022460938,152.74000549316406,154.47000122070312,150.91000366210938,152.3800048828125,86652500
2022-09-23,147.67449951171875,150.42999267578125,151.47000122070312,148.55999755859375,151.19000244140625,96029900
2022-09-26,148.00827026367188,150.77000427246094,153.77000427246094,149.63999938964844,149.66000366210938,93339400
2022-09-27,148.98013305664062,151.75999450683594,154.72000122070312,149.9499969482422,152.74000549316406,84442700
2022-09-28,147.09530639648438,149.83999633789062,150.63999938964844,144.83999633789062,147.63999938964844,146691400
2022-09-29,139.8701171875,142.47999572753906,146.72000122070312,140.67999267578125,146.10000610351562,128138200
2022-09-30,135.66856384277344,138.1999969482422,143.10000610351562,138.0,141.27999877929688,124925300
2022-10-03,139.8406982421875,142.4499969482422,143.07000732421875,137.69000244140625,138.2100067138672,114311700
2022-10-04,143.42379760742188,146.10000610351562,146.22000122070312,144.25999450683594,145.02999877929688,87830100
2022-10-05,143.7183074951172,146.39999389648438,147.3800048828125,143.00999450683594,144.07000732421875,79471000
2022-10-06,142.76609802246094,145.42999267578125,147.5399932861328,145.22000122070312,145.80999755859375,68402200
2022-10-07,137.52389526367188,140.08999633789062,143.10000610351562,139.4499969482422,142.5399932861328,85925600
2022-10-10,137.8478546142578,140.4199981689453,141.88999938964844,138.57000732421875,140.4199981689453,74899000
2022-10-11,136.43426513671875,138.97999572753906,141.35000610351562,138.22000122070312,139.89999389648438,77033700
2022-10-12,135.8059844970703,138.33999633789062,140.36000061035156,138.16000366210938,139.1300048828125,70433700
2022-10-13,140.37078857421875,142.99000549316406,143.58999633789062,134.3699951171875,134.99000549316406,113224000
2022-10-14,135.84524536132812,138.3800048828125,144.52000427246094,138.19000244140625,144.30999755859375,88598000
2022-10-17,139.80142211914062,142.41000366210938,142.89999389648438,140.27000427246094,141.07000732421875,85250900
2022-10-18,141.11688232421875,143.75,146.6999969482422,140.61000061035156,145.49000549316406,99136600
2022-10-19,141.224853515625,143.86000061035156,144.9499969482422,141.5,141.69000244140625,61758300
2022-10-20,140.76345825195312,143.38999938964844,145.88999938964844,142.64999389648438,143.02000427246094,64522000
2022-10-21,144.57240295410156,147.27000427246094,147.85000610351562,142.64999389648438,142.8699951171875,86548600
2022-10-24,146.7124481201172,149.4499969482422,150.22999572753906,146.0,147.19000244140625,75981900
2022-10-25,149.549560546875,152.33999633789062,152.49000549316406,149.36000061035156,150.08999633789062,74732300
2022-10-26,146.61428833007812,149.35000610351562,151.99000549316406,148.0399932861328,150.9600067138672,88194300
2022-10-27,142.1476593017578,144.8000030517578,149.0500030517578,144.1300048828125,148.07000732421875,109180200
2022-10-28,152.8872528076172,155.74000549316406,157.5,147.82000732421875,148.1999969482422,164762400
2022-10-31,150.53121948242188,153.33999633789062,154.24000549316406,151.9199981689453,153.16000366210938,97943200
2022-11-01,147.89047241210938,150.64999389648438,155.4499969482422,149.1300048828125,155.0800018310547,80379300
2022-11-02,142.37344360351562,145.02999877929688,152.1699981689453,145.0,148.9499969482422,93604600
2022-11-03,136.3361053466797,138.8800048828125,142.8000030517578,138.75,142.05999755859375,97918500
2022-11-04,136.07061767578125,138.3800048828125,142.6699981689453,134.3800048828125,142.08999633789062,140814800
2022-11-07,136.6015625,138.9199981689453,139.14999389648438,135.6699981689453,137.11000061035156,83374600
2022-11-08,137.17190551757812,139.5,141.42999267578125,137.49000549316406,140.41000366210938,89908500
2022-11-09,132.61915588378906,134.8699951171875,138.5500030517578,134.58999633789062,138.5,74917800
2022-11-10,144.41891479492188,146.8699951171875,146.8699951171875,139.5,141.24000549316406,118854000
2022-11-11,147.20164489746094,149.6999969482422,150.00999450683594,144.3699951171875,145.82000732421875,93979700
2022-11-14,145.80535888671875,148.27999877929688,150.27999877929688,147.42999267578125,148.97000122070312,73374100
2022-11-15,147.53598022460938,150.0399932861328,153.58999633789062,148.55999755859375,152.22000122070312,89868300
2022-11-16,146.3068389892578,148.7899932861328,149.8699951171875,147.2899932861328,149.1300048828125,64218300
2022-11-17,148.2046356201172,150.72000122070312,151.47999572753906,146.14999389648438,146.42999267578125,80389400
2022-11-18,148.76512145996094,151.2899932861328,152.6999969482422,149.97000122070312,152.30999755859375,74829600
2022-11-21,145.5398406982422,148.00999450683594,150.3699951171875,147.72000122070312,150.16000366210938,58724100
2022-11-22,147.6736602783203,150.17999267578125,150.4199981689453,146.92999267578125,148.1300048828125,51804100
2022-11-23,148.54879760742188,151.07000732421875,151.8300018310547,149.33999633789062,149.4499969482422,58301400
2022-11-25,145.6382293701172,148.11000061035156,148.8800048828125,147.1199951171875,148.30999755859375,35195900
2022-11-28,141.81312561035156,144.22000122070312,146.63999938964844,143.3800048828125,145.13999938964844,69246000
2022-11-29,138.8140411376953,141.1699981689453,144.80999755859375,140.35000610351562,144.2899932861328,83763800
2022-11-30,145.55955505371094,148.02999877929688,148.72000122070312,140.5500030517578,141.39999389648438,111380900
2022-12-01,145.8348846435547,148.30999755859375,149.1300048828125,146.61000061035156,148.2100067138672,71250400
2022-12-02,145.34323120117188,147.80999755859375,148.0,145.64999389648438,145.9600067138672,65447400
2022-12-05,144.18289184570312,146.6300048828125,150.9199981689453,145.77000427246094,147.77000427246094,68826400
2022-12-06,140.52496337890625,142.91000366210938,147.3000030517578,141.9199981689453,147.07000732421875,64727200
2022-12-07,138.5878448486328,140.94000244140625,143.3699951171875,140.0,142.19000244140625,69721100
2022-12-08,140.2693328857422,142.64999389648438,143.52000427246094,141.10000610351562,142.36000061035156,62128300
2022-12-09,139.78750610351562,142.16000366210938,145.57000732421875,140.89999389648438,142.33999633789062,76097000
2022-12-12,142.07861328125,144.49000549316406,144.5,141.05999755859375,142.6999969482422,70462700
2022-12-13,143.04226684570312,145.47000122070312,149.97000122070312,144.24000549316406,149.5,93886200
2022-12-14,140.8199920654297,143.2100067138672,146.66000366210938,141.16000366210938,145.35000610351562,82291200
2022-12-15,134.22198486328125,136.5,141.8000030517578,136.02999877929688,141.11000061035156,98931900
2022-12-16,132.26516723632812,134.50999450683594,137.64999389648438,133.72999572753906,136.69000244140625,160156900
2022-12-19,130.16087341308594,132.3699951171875,135.1999969482422,131.32000732421875,135.11000061035156,79592600
2022-12-20,130.09205627441406,132.3000030517578,133.25,129.88999938964844,131.38999938964844,77432800
2022-12-21,133.18948364257812,135.4499969482422,136.80999755859375,132.75,132.97999572753906,85928000
2022-12-22,130.0232391357422,132.22999572753906,134.55999755859375,130.3000030517578,134.35000610351562,77852100
2022-12-23,129.65939331054688,131.86000061035156,132.4199981689453,129.63999938964844,130.9199981689453,63814900
2022-12-27,127.85993194580078,130.02999877929688,131.41000366210938,128.72000122070312,131.3800048828125,69007800
2022-12-28,123.9365234375,126.04000091552734,131.02999877929688,125.87000274658203,129.6699981689453,85438400
2022-12-29,127.44696044921875,129.61000061035156,130.47999572753906,127.7300033569336,127.98999786376953,75703700
2022-12-30,127.7615966796875,129.92999267578125,129.9499969482422,127.43000030517578,128.41000366210938,77034200
2023-01-03,122.98271179199219,125.06999969482422,130.89999389648438,124.16999816894531,130.27999877929688,112117500
2023-01-04,124.2511978149414,126.36000061035156,128.66000366210938,125.08000183105469,126.88999938964844,89113600
2023-01-05,122.93355560302734,125.0199966430664,127.7699966430664,124.76000213623047,127.12999725341797,80962700
2023-01-06,127.4568099975586,129.6199951171875,130.2899932861328,124.88999938964844,126.01000213623047,87754700
2023-01-09,127.97795867919922,130.14999389648438,133.41000366210938,129.88999938964844,130.47000122070312,70790800
2023-01-10,128.54824829101562,130.72999572753906,131.25999450683594,128.1199951171875,130.25999450683594,63896200
2023-01-11,131.26223754882812,133.49000549316406,133.50999450683594,130.4600067138672,131.25,69458900
2023-01-12,131.1835479736328,133.41000366210938,134.25999450683594,131.44000244140625,133.8800048828125,71379600
2023-01-13,132.510986328125,134.75999450683594,134.9199981689453,131.66000366210938,132.02999877929688,57809700
2023-01-17,133.6713104248047,135.94000244140625,137.2899932861328,134.1300048828125,134.8300018310547,63646600
2023-01-18,132.95352172851562,135.2100067138672,138.61000061035156,135.02999877929688,136.82000732421875,69672800
2023-01-19,133.01251220703125,135.27000427246094,136.25,133.77000427246094,134.0800018310547,58280400
2023-01-20,135.56910705566406,137.8699951171875,138.02000427246094,134.22000122070312,135.27999877929688,80223600
2023-01-23,138.7550048828125,141.11000061035156,143.32000732421875,137.89999389648438,138.1199951171875,81760300
2023-01-24,140.15133666992188,142.52999877929688,143.16000366210938,140.3000030517578,140.30999755859375,66435100
2023-01-25,139.4925079345703,141.86000061035156,142.42999267578125,138.80999755859375,140.88999938964844,65799300
2023-01-26,141.55747985839844,143.9600067138672,144.25,141.89999389648438,143.1699981689453,54105100
2023-01-27,143.49456787109375,145.92999267578125,147.22999572753906,143.0800018310547,143.16000366210938,70555800
2023-01-30,140.61349487304688,143.0,145.5500030517578,142.85000610351562,144.9600067138672,64015300
2023-01-31,141.88194274902344,144.2899932861328,144.33999633789062,142.27999877929688,142.6999969482422,65874500
2023-02-01,143.00291442871094,145.42999267578125,146.61000061035156,141.32000732421875,143.97000122070312,77663600
2023-02-02,148.30294799804688,150.82000732421875,151.17999267578125,148.1699981689453,148.89999389648438,118339000
2023-02-03,151.92156982421875,154.5,157.3800048828125,147.8300018310547,148.02999877929688,154357300
2023-02-06,149.19776916503906,151.72999572753906,153.10000610351562,150.77999877929688,152.57000732421875,69858300
2023-02-07,152.0690460205078,154.64999389648438,155.22999572753906,150.63999938964844,150.63999938964844,83322600
2023-02-08,149.38462829589844,151.9199981689453,154.5800018310547,151.1699981689453,153.8800048828125,64120100
2023-02-09,148.35214233398438,150.8699951171875,154.3300018310547,150.4199981689453,153.77999877929688,56007100
2023-02-10,148.7165069580078,151.00999450683594,151.33999633789062,149.22000122070312,149.4600067138672,57450700
2023-02-13,151.51339721679688,153.85000610351562,154.25999450683594,150.9199981689453,150.9499969482422,62199000
2023-02-14,150.87327575683594,153.1999969482422,153.77000427246094,150.86000061035156,152.1199951171875,61707600
2023-02-15,152.97091674804688,155.3300018310547,155.5,152.8800048828125,153.11000061035156,65573800
2023-02-16,151.37550354003906,153.7100067138672,156.3300018310547,153.35000610351562,153.50999450683594,68167900
2023-02-17,150.23312377929688,152.5500030517578,153.0,150.85000610351562,152.35000610351562,59144100
2023-02-21,146.22494506835938,148.47999572753906,151.3000030517578,148.41000366210938,150.1999969482422,58867200
2023-02-22,146.6484375,148.91000366210938,149.9499969482422,147.16000366210938,148.8699951171875,51011300
2023-02-23,147.13099670410156,149.39999389648438,150.33999633789062,147.24000549316406,150.08999633789062,48394200
2023-02-24,144.48182678222656,146.7100067138672,147.19000244140625,145.72000122070312,147.11000061035156,55469600
2023-02-27,145.67343139648438,147.9199981689453,149.1699981689453,147.4499969482422,147.7100067138672,44998500
2023-02-28,145.1712188720703,147.41000366210938,149.0800018310547,146.8300018310547,147.0500030517578,50547000
2023-03-01,143.10308837890625,145.30999755859375,147.22999572753906,145.00999450683594,146.8300018310547,55479000
2023-03-02,143.69395446777344,145.91000366210938,146.7100067138672,143.89999389648438,144.3800048828125,52238100
2023-03-03,148.73622131347656,151.02999877929688,151.11000061035156,147.3300018310547,148.0399932861328,70732300
2023-03-06,151.49368286132812,153.8300018310547,156.3000030517578,153.4600067138672,153.7899932861328,87558000
2023-03-07,149.29754638671875,151.60000610351562,154.02999877929688,151.1300048828125,153.6999969482422,56182000
2023-03-08,150.5482940673828,152.8699951171875,153.47000122070312,151.8300018310547,152.80999755859375,47204800
2023-03-09,148.30288696289062,150.58999633789062,154.5399932861328,150.22999572753906,153.55999755859375,53833600
2023-03-10,146.24462890625,148.5,150.94000244140625,147.61000061035156,150.2100067138672,68572400
2023-03-13,148.18472290039062,150.47000122070312,153.13999938964844,147.6999969482422,147.80999755859375,84457100
2023-03-14,150.27255249023438,152.58999633789062,153.39999389648438,150.10000610351562,151.27999877929688,73695900
2023-03-15,150.6664581298828,152.99000549316406,153.25,149.9199981689453,151.19000244140625,77167900
2023-03-16,153.48300170898438,155.85000610351562,156.4600067138672,151.63999938964844,152.16000366210938,76161100
2023-03-17,152.64593505859375,155.0,156.74000549316406,154.27999877929688,156.0800018310547,98944600
2023-03-20,155.0094757080078,157.39999389648438,157.82000732421875,154.14999389648438,155.07000732421875,73641400
2023-03-21,156.8609161376953,159.27999877929688,159.39999389648438,156.5399932861328,157.32000732421875,73938300
2023-03-22,155.43295288085938,157.8300018310547,162.13999938964844,157.80999755859375,159.3000030517578,75701800
2023-03-23,156.51622009277344,158.92999267578125,161.5500030517578,157.67999267578125,158.8300018310547,67622100
2023-03-24,157.8162078857422,160.25,160.33999633789062,157.85000610351562,158.86000061035156,59196500
2023-03-27,155.87612915039062,158.27999877929688,160.77000427246094,157.8699951171875,159.94000244140625,52390300
2023-03-28,155.2556915283203,157.64999389648438,158.49000549316406,155.97999572753906,157.97000122070312,45992200
2023-03-29,158.32830810546875,160.77000427246094,161.0500030517578,159.35000610351562,159.3699951171875,51305700
2023-03-30,159.8941650390625,162.36000061035156,162.47000122070312,161.27000427246094,161.52999877929688,49501700
2023-03-31,162.39556884765625,164.89999389648438,165.0,161.91000366210938,162.44000244140625,68749800
2023-04-03,163.64627075195312,166.1699981689453,166.2899932861328,164.22000122070312,164.27000427246094,56976200
2023-04-04,163.11447143554688,165.6300048828125,166.83999633789062,165.11000061035156,166.60000610351562,46278300
2023-04-05,161.27288818359375,163.75999450683594,165.0500030517578,161.8000030517578,164.74000549316406,51511700
2023-04-06,162.15921020507812,164.66000366210938,164.9600067138672,162.0,162.42999267578125,45390100
2023-04-10,159.56915283203125,162.02999877929688,162.02999877929688,160.0800018310547,161.4199981689453,47716900
2023-04-11,158.35781860351562,160.8000030517578,162.36000061035156,160.50999450683594,162.35000610351562,47644200
2023-04-12,157.66845703125,160.10000610351562,162.05999755859375,159.77999877929688,161.22000122070312,50133100
2023-04-13,163.0455322265625,165.55999755859375,165.8000030517578,161.4199981689453,161.6300048828125,68445600
2023-04-14,162.70086669921875,165.2100067138672,166.32000732421875,163.82000732421875,164.58999633789062,49386500
2023-04-17,162.72052001953125,165.22999572753906,165.38999938964844,164.02999877929688,165.08999633789062,41516200
2023-04-18,163.9417266845703,166.47000122070312,167.41000366210938,165.64999389648438,166.10000610351562,49923000
2023-04-19,165.08412170410156,167.6300048828125,168.16000366210938,165.5399932861328,165.8000030517578,47720200
2023-04-20,164.11898803710938,166.64999389648438,167.8699951171875,165.55999755859375,166.08999633789062,52456400
2023-04-21,162.51376342773438,165.02000427246094,166.4499969482422,164.49000549316406,165.0500030517578,58337300
2023-04-24,162.8190460205078,165.3300018310547,165.60000610351562,163.88999938964844,165.0,41949600
2023-04-25,161.28274536132812,163.77000427246094,166.30999755859375,163.72999572753906,165.19000244140625,48714100
2023-04-26,161.27288818359375,163.75999450683594,165.27999877929688,162.8000030517578,163.05999755859375,45498800
2023-04-27,165.85227966308594,168.41000366210938,168.55999755859375,165.19000244140625,165.19000244140625,64902300
2023-04-28,167.1029815673828,169.67999267578125,169.85000610351562,167.8800048828125,168.49000549316406,55275900
2023-05-01,167.0143280029297,169.58999633789062,170.4499969482422,168.63999938964844,169.27999877929688,52472900
2023-05-02,165.9803009033203,168.5399932861328,170.35000610351562,167.5399932861328,170.08999633789062,48425700
2023-05-03,164.90679931640625,167.4499969482422,170.9199981689453,167.16000366210938,169.5,65136000
2023-05-04,163.2720489501953,165.7899932861328,167.0399932861328,164.30999755859375,164.88999938964844,81235400
2023-05-05,170.93386840820312,173.57000732421875,174.3000030517578,170.75999450683594,170.97999572753906,113453200
2023-05-08,170.86495971679688,173.5,173.85000610351562,172.11000061035156,172.47999572753906,55962800
2023-05-09,169.16123962402344,171.77000427246094,173.5399932861328,171.60000610351562,173.0500030517578,45326900
2023-05-10,170.9240264892578,173.55999755859375,174.02999877929688,171.89999389648438,173.02000427246094,53724500
2023-05-11,171.11114501953125,173.75,174.58999633789062,172.1699981689453,173.85000610351562,49514700
2023-05-12,170.18414306640625,172.57000732421875,174.05999755859375,171.0,173.6199951171875,45533100
2023-05-15,169.69107055664062,172.07000732421875,173.2100067138672,171.47000122070312,173.16000366210938,37266700
2023-05-16,169.69107055664062,172.07000732421875,173.13999938964844,171.8000030517578,171.99000549316406,42110300
2023-05-17,170.302490234375,172.69000244140625,172.92999267578125,170.4199981689453,171.7100067138672,57951600
2023-05-18,172.62986755371094,175.0500030517578,175.24000549316406,172.5800018310547,173.0,65496700
2023-05-19,172.73834228515625,175.16000366210938,176.38999938964844,174.94000244140625,176.38999938964844,55809500
2023-05-22,171.79165649414062,174.1999969482422,174.7100067138672,173.4499969482422,173.97999572753906,43570900
2023-05-23,169.1881103515625,171.55999755859375,173.3800048828125,171.27999877929688,173.1300048828125,50747300
2023-05-24,169.46426391601562,171.83999633789062,172.4199981689453,170.52000427246094,171.08999633789062,45143500
2023-05-25,170.598388671875,172.99000549316406,173.89999389648438,171.69000244140625,172.41000366210938,56058300
2023-05-26,173.0045928955078,175.42999267578125,175.77000427246094,173.11000061035156,173.32000732421875,54835000
2023-05-30,174.84877014160156,177.3000030517578,178.99000549316406,176.57000732421875,176.9600067138672,55964400
2023-05-31,174.79946899414062,177.25,179.35000610351562,176.75999450683594,177.3300018310547,99625300
2023-06-01,177.60018920898438,180.08999633789062,180.1199951171875,176.92999267578125,177.6999969482422,68901800
2023-06-02,178.44830322265625,180.9499969482422,181.77999877929688,179.25999450683594,181.02999877929688,61996900
2023-06-05,177.09725952148438,179.5800018310547,184.9499969482422,178.0399932861328,182.6300048828125,121946500
2023-06-06,176.7323455810547,179.2100067138672,180.1199951171875,177.42999267578125,179.97000122070312,64848400
2023-06-07,175.36158752441406,177.82000732421875,181.2100067138672,177.32000732421875,178.44000244140625,61944600
2023-06-08,178.0735321044922,180.57000732421875,180.83999633789062,177.4600067138672,177.89999389648438,50214900
2023-06-09,178.4581298828125,180.9600067138672,182.22999572753906,180.6300048828125,181.5,48900000
2023-06-12,181.2490234375,183.7899932861328,183.88999938964844,180.97000122070312,181.27000427246094,54274900
2023-06-13,180.77565002441406,183.30999755859375,184.14999389648438,182.44000244140625,182.8000030517578,54929100
2023-06-14,181.40679931640625,183.9499969482422,184.38999938964844,182.02000427246094,183.3699951171875,57462900
2023-06-15,183.4383544921875,186.00999450683594,186.52000427246094,183.77999877929688,183.9600067138672,65433200
2023-06-16,182.36341857910156,184.9199981689453,186.99000549316406,184.27000427246094,186.72999572753906,101256200
2023-06-20,182.4521484375,185.00999450683594,186.10000610351562,184.41000366210938,184.41000366210938,49799100
2023-06-21,181.41671752929688,183.9600067138672,185.41000366210938,182.58999633789062,184.89999389648438,49515700
2023-06-22,184.41464233398438,187.0,187.0500030517578,183.6699981689453,183.74000549316406,51245300
2023-06-23,184.09909057617188,186.67999267578125,187.55999755859375,185.00999450683594,185.5500030517578,53117000
2023-06-26,182.7085723876953,185.27000427246094,188.0500030517578,185.22999572753906,186.8300018310547,48088700
2023-06-27,185.45999145507812,188.05999755859375,188.38999938964844,185.6699981689453,185.88999938964844,50730800
2023-06-28,186.633544921875,189.25,189.89999389648438,187.60000610351562,187.92999267578125,51216800
2023-06-29,186.96884155273438,189.58999633789062,190.07000732421875,188.94000244140625,189.0800018310547,46347300
2023-06-30,191.2882843017578,193.97000122070312,194.47999572753906,191.25999450683594,191.6300048828125,85213200
2023-07-03,189.79917907714844,192.4600067138672,193.8800048828125,191.75999450683594,193.77999877929688,31458200
2023-07-05,188.68478393554688,191.3300018310547,192.97999572753906,190.6199951171875,191.57000732421875,46920300
2023-07-06,189.1581573486328,191.80999755859375,192.02000427246094,189.1999969482422,189.83999633789062,45094300
2023-07-07,188.04379272460938,190.67999267578125,192.6699981689453,190.24000549316406,191.41000366210938,46815000
2023-07-10,186.0023956298828,188.61000061035156,189.99000549316406,187.0399932861328,189.25999450683594,59922200
2023-07-11,185.47972106933594,188.0800018310547,189.3000030517578,186.60000610351562,189.16000366210938,46638100
2023-07-12,187.14639282226562,189.77000427246094,191.6999969482422,188.47000122070312,189.67999267578125,60750200
2023-07-13,187.9056854248047,190.5399932861328,191.19000244140625,189.77999877929688,190.5,41342300
2023-07-14,188.05364990234375,190.69000244140625,191.17999267578125,189.6300048828125,190.22999572753906,41616200
2023-07-17,191.30801391601562,193.99000549316406,194.32000732421875,191.80999755859375,191.89999389648438,50520200
2023-07-18,191.05162048339844,193.72999572753906,194.3300018310547,192.4199981689453,193.35000610351562,48288200
2023-07-19,192.4026641845703,195.10000610351562,198.22999572753906,192.64999389648438,193.10000610351562,80507300
2023-07-20,190.45994567871094,193.1300048828125,196.47000122070312,192.5,195.08999633789062,59581200
2023-07-21,189.286376953125,191.94000244140625,194.97000122070312,191.22999572753906,194.10000610351562,71951700
2023-07-24,190.0851593017578,192.75,194.91000366210938,192.25,193.41000366210938,45377800
2023-07-25,190.94314575195312,193.6199951171875,194.44000244140625,192.9199981689453,193.3300018310547,37283200
2023-07-26,191.8109893798828,194.5,195.63999938964844,193.32000732421875,193.6699981689453,47471900
2023-07-27,190.54867553710938,193.22000122070312,197.1999969482422,192.5500030517578,196.02000427246094,47460200
2023-07-28,193.12255859375,195.8300018310547,196.6300048828125,194.13999938964844,194.6699981689453,48291400
2023-07-31,193.73399353027344,196.4499969482422,196.49000549316406,195.25999450683594,196.05999755859375,38824100
2023-08-01,192.90562438964844,195.61000061035156,196.72999572753906,195.27999877929688,196.24000549316406,35175100
2023-08-02,189.91751098632812,192.5800018310547,195.17999267578125,191.85000610351562,195.0399932861328,50389300
2023-08-03,188.52700805664062,191.1699981689453,192.3699951171875,190.69000244140625,191.57000732421875,61235200
2023-08-04,179.47390747070312,181.99000549316406,187.3800048828125,181.9199981689453,185.52000427246094,115956800
2023-08-07,176.37733459472656,178.85000610351562,183.1300048828125,177.35000610351562,182.1300048828125,97576100
2023-08-08,177.31419372558594,179.8000030517578,180.27000427246094,177.5800018310547,179.69000244140625,67823000
2023-08-09,175.72645568847656,178.19000244140625,180.92999267578125,177.00999450683594,180.8699951171875,60378500
2023-08-10,175.50950622558594,177.97000122070312,180.75,177.60000610351562,179.47999572753906,54686900
2023-08-11,175.5687255859375,177.7899932861328,178.6199951171875,176.5500030517578,177.32000732421875,52036700
2023-08-14,177.21786499023438,179.4600067138672,179.69000244140625,177.30999755859375,177.97000122070312,43675600
2023-08-15,175.2329864501953,177.4499969482422,179.47999572753906,177.0500030517578,178.8800048828125,43622600
2023-08-16,174.36399841308594,176.57000732421875,178.5399932861328,176.5,177.1300048828125,46964900
2023-08-17,171.8261260986328,174.0,177.50999450683594,173.47999572753906,177.13999938964844,66062900
2023-08-18,172.3099822998047,174.49000549316406,175.10000610351562,171.9600067138672,172.3000030517578,61172200
2023-08-21,173.6431121826172,175.83999633789062,176.1300048828125,173.74000549316406,175.07000732421875,46311900
2023-08-22,175.01571655273438,177.22999572753906,177.67999267578125,176.25,177.05999755859375,42038900
2023-08-23,178.85716247558594,181.1199951171875,181.5500030517578,178.3300018310547,178.52000427246094,52722800
2023-08-24,174.17636108398438,176.3800048828125,181.10000610351562,176.00999450683594,180.6699981689453,54945800
2023-08-25,176.37852478027344,178.61000061035156,179.14999389648438,175.82000732421875,177.3800048828125,51449600
2023-08-28,177.9387664794922,180.19000244140625,180.58999633789062,178.5500030517578,180.08999633789062,43820700
2023-08-29,181.8196563720703,184.1199951171875,184.89999389648438,179.5,179.6999969482422,53003900
2023-08-30,185.3055419921875,187.64999389648438,187.85000610351562,184.74000549316406,184.94000244140625,60813900
2023-08-31,185.52279663085938,187.8699951171875,189.1199951171875,187.47999572753906,187.83999633789062,60794500
2023-09-01,187.09295654296875,189.4600067138672,189.9199981689453,188.27999877929688,189.49000549316406,45766500
2023-09-05,187.3299560546875,189.6999969482422,189.97999572753906,187.61000061035156,188.27999877929688,45280000
2023-09-06,180.62478637695312,182.91000366210938,188.85000610351562,181.47000122070312,188.39999389648438,81755800
2023-09-07,175.3416290283203,177.55999755859375,178.2100067138672,173.5399932861328,175.17999267578125,112488800
2023-09-08,175.95387268066406,178.17999267578125,180.24000549316406,177.7899932861328,178.35000610351562,65551300
2023-09-11,177.11912536621094,179.36000061035156,180.3000030517578,177.33999633789062,180.07000732421875,58953100
2023-09-12,174.09738159179688,176.3000030517578,180.1300048828125,174.82000732421875,179.49000549316406,90370200
2023-09-13,172.0334930419922,174.2100067138672,177.3000030517578,173.97999572753906,176.50999450683594,84267900
2023-09-14,173.54437255859375,175.74000549316406,176.10000610351562,173.5800018310547,174.0,60895800
2023-09-15,172.82347106933594,175.00999450683594,176.5,173.82000732421875,176.47999572753906,109259500
2023-09-18,175.7465057373047,177.97000122070312,179.3800048828125,176.1699981689453,176.47999572753906,67257600
2023-09-19,176.832763671875,179.07000732421875,179.6300048828125,177.1300048828125,177.52000427246094,51826900
2023-09-20,173.29751586914062,175.49000549316406,179.6999969482422,175.39999389648438,179.25999450683594,58436200
2023-09-21,171.75698852539062,173.92999267578125,176.3000030517578,173.86000061035156,174.5500030517578,63149100
2023-09-22,172.60623168945312,174.7899932861328,177.0800018310547,174.0500030517578,174.6699981689453,56725400
2023-09-25,173.88011169433594,176.0800018310547,176.97000122070312,174.14999389648438,174.1999969482422,46172700
2023-09-26,169.81161499023438,171.9600067138672,175.1999969482422,171.66000366210938,174.82000732421875,64588900
2023-09-27,168.30072021484375,170.42999267578125,173.0399932861328,169.0500030517578,172.6199951171875,66921800
2023-09-28,168.5574493408203,170.69000244140625,172.02999877929688,167.6199951171875,169.33999633789062,56294400
2023-09-29,169.07095336914062,171.2100067138672,173.07000732421875,170.33999633789062,172.02000427246094,51861100
2023-10-02,171.5792236328125,173.75,174.3000030517578,170.92999267578125,171.22000122070312,52164500
2023-10-03,170.24606323242188,172.39999389648438,173.6300048828125,170.82000732421875,172.25999450683594,49594600
2023-10-04,171.49038696289062,173.66000366210938,174.2100067138672,170.97000122070312,171.08999633789062,53020300
2023-10-05,172.72471618652344,174.91000366210938,175.4499969482422,172.67999267578125,173.7899932861328,48527900
2023-10-06,175.27252197265625,177.49000549316406,177.99000549316406,173.17999267578125,173.8000030517578,57266700
2023-10-09,176.7537841796875,178.99000549316406,179.0500030517578,175.8000030517578,176.80999755859375,42390800
2023-10-10,176.16123962402344,178.38999938964844,179.72000122070312,177.9499969482422,178.10000610351562,43698000
2023-10-11,177.5536346435547,179.8000030517578,179.85000610351562,177.60000610351562,178.1999969482422,47551100
2023-10-12,178.45230102539062,180.7100067138672,182.33999633789062,179.0399932861328,180.07000732421875,56743100
2023-10-13,176.61549377441406,178.85000610351562,181.92999267578125,178.13999938964844,181.4199981689453,51427100
2023-10-16,176.48712158203125,178.72000122070312,179.0800018310547,176.50999450683594,176.75,52517000
2023-10-17,174.93673706054688,177.14999389648438,178.4199981689453,174.8000030517578,176.64999389648438,57549400
2023-10-18,173.6431121826172,175.83999633789062,177.5800018310547,175.11000061035156,175.5800018310547,54764400
2023-10-19,173.2678680419922,175.4600067138672,177.83999633789062,175.19000244140625,176.0399932861328,59302900
2023-10-20,170.72007751464844,172.8800048828125,175.4199981689453,172.63999938964844,175.30999755859375,64244000
2023-10-23,170.8385772705078,173.0,174.00999450683594,169.92999267578125,170.91000366210938,55980100
2023-10-24,171.27308654785156,173.44000244140625,173.6699981689453,171.4499969482422,173.0500030517578,43816600
2023-10-25,168.96231079101562,171.10000610351562,173.05999755859375,170.64999389648438,171.8800048828125,57157000
2023-10-26,164.80496215820312,166.88999938964844,171.3800048828125,165.6699981689453,170.3699951171875,70625300
2023-10-27,166.1182861328125,168.22000122070312,168.9600067138672,166.8300018310547,166.91000366210938,58499100
2023-10-30,168.16244506835938,170.2899932861328,171.1699981689453,168.8699951171875,169.02000427246094,51131000
2023-10-31,168.63645935058594,170.77000427246094,170.89999389648438,167.89999389648438,169.35000610351562,44846000
2023-11-01,171.7964630126953,173.97000122070312,174.22999572753906,170.1199951171875,171.0,56934900
2023-11-02,175.35153198242188,177.57000732421875,177.77999877929688,175.4600067138672,175.52000427246094,77334800
2023-11-03,174.44297790527344,176.64999389648438,176.82000732421875,173.35000610351562,174.24000549316406,79829200
2023-11-06,176.99078369140625,179.22999572753906,179.42999267578125,176.2100067138672,176.3800048828125,63841300
2023-11-07,179.5484161376953,181.82000732421875,182.44000244140625,178.97000122070312,179.17999267578125,70530000
2023-11-08,180.60504150390625,182.88999938964844,183.4499969482422,181.58999633789062,182.35000610351562,49340300
2023-11-09,180.1310577392578,182.41000366210938,184.1199951171875,181.80999755859375,182.9600067138672,53763500
2023-11-10,184.31369018554688,186.39999389648438,186.57000732421875,183.52999877929688,183.97000122070312,66133400
2023-11-13,182.7316131591797,184.8000030517578,186.02999877929688,184.2100067138672,185.82000732421875,43627500
2023-11-14,185.34207153320312,187.44000244140625,188.11000061035156,186.3000030517578,187.6999969482422,60108400
2023-11-15,185.90567016601562,188.00999450683594,189.5,187.77999877929688,187.85000610351562,53790500
2023-11-16,187.5866241455078,189.7100067138672,190.9600067138672,188.64999389648438,189.57000732421875,54412900
2023-11-17,187.56686401367188,189.69000244140625,190.3800048828125,188.57000732421875,190.25,50922700
2023-11-20,189.30714416503906,191.4499969482422,191.91000366210938,189.8800048828125,189.88999938964844,46505100
2023-11-21,188.5062255859375,190.63999938964844,191.52000427246094,189.74000549316406,191.41000366210938,38134500
2023-11-22,189.16876220703125,191.30999755859375,192.92999267578125,190.8300018310547,191.49000549316406,39617700
2023-11-24,187.8437042236328,189.97000122070312,190.89999389648438,189.25,190.8699951171875,24048300
2023-11-27,187.6657257080078,189.7899932861328,190.6699981689453,188.89999389648438,189.9199981689453,40552600
2023-11-28,188.26890563964844,190.39999389648438,191.0800018310547,189.39999389648438,189.77999877929688,38415400
2023-11-29,187.2504425048828,189.3699951171875,192.08999633789062,188.97000122070312,190.89999389648438,43014200
2023-11-30,187.823974609375,189.9499969482422,190.32000732421875,188.19000244140625,189.83999633789062,48794400
2023-12-01,189.09951782226562,191.24000549316406,191.55999755859375,189.22999572753906,190.3300018310547,45704800
2023-12-04,187.3097686767578,189.42999267578125,190.0500030517578,187.4499969482422,189.97999572753906,43389500
2023-12-05,191.255126953125,193.4199981689453,194.39999389648438,190.17999267578125,190.2100067138672,66628400
2023-12-06,190.1674346923828,192.32000732421875,194.75999450683594,192.11000061035156,194.4499969482422,41089700
2023-12-07,192.09559631347656,194.27000427246094,195.0,193.58999633789062,193.6300048828125,47477700
2023-12-08,193.51950073242188,195.7100067138672,195.99000549316406,193.6699981689453,194.1999969482422,53406400
2023-12-11,191.0177764892578,193.17999267578125,193.49000549316406,191.4199981689453,193.11000061035156,60943700
2023-12-12,192.53070068359375,194.7100067138672,194.72000122070312,191.72000122070312,193.0800018310547,52696900
2023-12-13,195.7443084716797,197.9600067138672,198.0,194.85000610351562,195.08999633789062,70404200
2023-12-14,195.89260864257812,198.11000061035156,199.6199951171875,196.16000366210938,198.02000427246094,66831600
2023-12-15,195.3586883544922,197.57000732421875,198.39999389648438,197.0,197.52999877929688,128538400
2023-12-18,193.69747924804688,195.88999938964844,196.6300048828125,194.38999938964844,196.08999633789062,55751900
2023-12-19,194.7357177734375,196.94000244140625,196.9499969482422,195.88999938964844,196.16000366210938,40714100
2023-12-20,192.64932250976562,194.8300018310547,197.67999267578125,194.8300018310547,196.89999389648438,52242800
2023-12-21,192.50100708007812,194.67999267578125,197.0800018310547,193.5,196.10000610351562,46482500
2023-12-22,191.43310546875,193.60000610351562,195.41000366210938,192.97000122070312,195.17999267578125,37149600
2023-12-26,190.88925170898438,193.0500030517578,193.88999938964844,192.8300018310547,193.61000061035156,28919300
2023-12-27,190.98812866210938,193.14999389648438,193.5,191.08999633789062,192.49000549316406,48087700
2023-12-28,191.41334533691406,193.5800018310547,194.66000366210938,193.1699981689453,194.13999938964844,34049900
2023-12-29,190.37509155273438,192.52999877929688,194.39999389648438,191.72999572753906,193.89999389648438,42672100
2024-01-02,183.56214904785156,185.63999938964844,188.44000244140625,183.88999938964844,187.14999389648438,82488700
2024-01-03,182.18772888183594,184.25,185.8800048828125,183.42999267578125,184.22000122070312,58414500
2024-01-04,179.8739471435547,181.91000366210938,183.08999633789062,180.8800048828125,182.14999389648438,71983600
2024-01-05,179.15208435058594,181.17999267578125,182.75999450683594,180.1699981689453,181.99000549316406,62379700
2024-01-08,183.48304748535156,185.55999755859375,185.60000610351562,181.5,182.08999633789062,59144500
2024-01-09,183.06777954101562,185.13999938964844,185.14999389648438,182.72999572753906,183.9199981689453,42841800
2024-01-10,184.1060333251953,186.19000244140625,186.39999389648438,183.9199981689453,184.35000610351562,46792900
2024-01-11,183.5127410888672,185.58999633789062,187.0500030517578,183.6199951171875,186.5399932861328,49128400
2024-01-12,183.8390350341797,185.9199981689453,186.74000549316406,185.19000244140625,186.05999755859375,40477800
2024-01-16,181.57469177246094,183.6300048828125,184.25999450683594,180.92999267578125,182.16000366210938,65603000
2024-01-17,180.63531494140625,182.67999267578125,182.92999267578125,180.3000030517578,181.27000427246094,47317400
2024-01-18,186.51870727539062,188.6300048828125,189.13999938964844,185.8300018310547,186.08999633789062,78005800
2024-01-19,189.41590881347656,191.55999755859375,191.9499969482422,188.82000732421875,189.3300018310547,68903000
2024-01-22,191.71983337402344,193.88999938964844,195.3300018310547,192.25999450683594,192.3000030517578,60133900
2024-01-23,192.9954071044922,195.17999267578125,195.75,193.8300018310547,195.02000427246094,42355600
2024-01-24,192.3230438232422,194.5,196.3800048828125,194.33999633789062,195.4199981689453,53631300
2024-01-25,191.9967041015625,194.1699981689453,196.27000427246094,193.11000061035156,195.22000122070312,54822100
2024-01-26,190.2663116455078,192.4199981689453,194.75999450683594,191.94000244140625,194.27000427246094,44594000
2024-01-29,189.58401489257812,191.72999572753906,192.1999969482422,189.5800018310547,192.00999450683594,47145600
2024-01-30,185.9353485107422,188.0399932861328,191.8000030517578,187.47000122070312,190.94000244140625,55859400
2024-01-31,182.33604431152344,184.39999389648438,187.10000610351562,184.35000610351562,187.0399932861328,55467800
2024-02-01,184.7685546875,186.86000061035156,186.9499969482422,183.82000732421875,183.99000549316406,64885400
2024-02-02,183.7698211669922,185.85000610351562,187.3300018310547,179.25,179.86000061035156,102551700
2024-02-05,185.579345703125,187.67999267578125,189.25,185.83999633789062,188.14999389648438,69668800
2024-02-06,187.18121337890625,189.3000030517578,189.30999755859375,186.77000427246094,186.86000061035156,43490800
2024-02-07,187.2899932861328,189.41000366210938,191.0500030517578,188.61000061035156,190.63999938964844,53439000
2024-02-08,186.2122039794922,188.32000732421875,189.5399932861328,187.35000610351562,189.38999938964844,40962000
2024-02-09,186.9745330810547,188.85000610351562,189.99000549316406,188.0,188.64999389648438,45155200
2024-02-12,185.29139709472656,187.14999389648438,188.6699981689453,186.7899932861328,188.4199981689453,41781900
2024-02-13,183.202392578125,185.0399932861328,186.2100067138672,183.50999450683594,185.77000427246094,56529500
2024-02-14,182.32118225097656,184.14999389648438,185.52999877929688,182.44000244140625,185.32000732421875,54630500
2024-02-15,182.0341033935547,183.86000061035156,184.49000549316406,181.35000610351562,183.5500030517578,65434500
2024-02-16,180.49948120117188,182.30999755859375,184.85000610351562,181.6699981689453,183.4199981689453,49752500
2024-02-20,179.75692749023438,181.55999755859375,182.42999267578125,180.0,181.7899932861328,53665600
2024-02-21,180.50936889648438,182.32000732421875,182.88999938964844,180.66000366210938,181.94000244140625,41371400
2024-02-22,182.5390167236328,184.3699951171875,184.9600067138672,182.4600067138672,183.47999572753906,52292200
2024-02-23,180.70741271972656,182.52000427246094,185.0399932861328,182.22999572753906,185.00999450683594,45119700
2024-02-26,179.3609161376953,181.16000366210938,182.75999450683594,180.64999389648438,182.24000549316406,40867400
2024-02-27,180.81631469726562,182.6300048828125,183.9199981689453,179.55999755859375,181.10000610351562,54318900
2024-02-28,179.61834716796875,181.4199981689453,183.1199951171875,180.1300048828125,182.50999450683594,48953900
2024-02-29,178.95498657226562,180.75,182.57000732421875,179.52999877929688,181.27000427246094,136682600
2024-03-01,177.87582397460938,179.66000366210938,180.52999877929688,177.3800048828125,179.5500030517578,73563100
2024-03-04,173.361083984375,175.10000610351562,176.89999389648438,173.7899932861328,176.14999389648438,81510100
2024-03-05,168.4305419921875,170.1199951171875,172.0399932861328,169.6199951171875,170.75999450683594,95132400
2024-03-06,167.44046020507812,169.1199951171875,171.24000549316406,168.67999267578125,171.05999755859375,68587700
2024-03-07,167.32167053222656,169.0,170.72999572753906,168.49000549316406,169.14999389648438,71765100
2024-03-08,169.0344696044922,170.72999572753906,173.6999969482422,168.94000244140625,169.0,76267000
2024-03-11,171.034423828125,172.75,174.3800048828125,172.0500030517578,172.94000244140625,60139500
2024-03-12,171.5096435546875,173.22999572753906,174.02999877929688,171.00999450683594,173.14999389648438,59825400
2024-03-13,169.43052673339844,171.1300048828125,173.19000244140625,170.75999450683594,172.77000427246094,52488700
2024-03-14,171.2819366455078,173.0,174.30999755859375,172.0500030517578,172.91000366210938,72913500
2024-03-15,170.9057159423828,172.6199951171875,172.6199951171875,170.2899932861328,171.1699981689453,121752700
2024-03-18,171.9947967529297,173.72000122070312,177.7100067138672,173.52000427246094,175.57000732421875,75604200
2024-03-19,174.33135986328125,176.0800018310547,176.61000061035156,173.02999877929688,174.33999633789062,55215200
2024-03-20,176.89561462402344,178.6699981689453,178.6699981689453,175.08999633789062,175.72000122070312,53423100
2024-03-21,169.66812133789062,171.3699951171875,177.49000549316406,170.83999633789062,177.0500030517578,106181300
2024-03-22,170.56907653808594,172.27999877929688,173.0500030517578,170.05999755859375,171.75999450683594,71160100
2024-03-25,169.15330505371094,170.85000610351562,171.94000244140625,169.4499969482422,170.57000732421875,54288300
2024-03-26,168.0246124267578,169.7100067138672,171.4199981689453,169.5800018310547,170.0,57388400
2024-03-27,171.58885192871094,173.30999755859375,173.60000610351562,170.11000061035156,170.41000366210938,60273300
2024-03-28,169.7770538330078,171.47999572753906,172.22999572753906,170.50999450683594,171.75,65672700
2024-04-01,168.34144592285156,170.02999877929688,171.25,169.47999572753906,171.19000244140625,46240500
2024-04-02,167.1632537841797,168.83999633789062,169.33999633789062,168.22999572753906,169.0800018310547,49329500
2024-04-03,167.96522521972656,169.64999389648438,170.67999267578125,168.5800018310547,168.7899932861328,47691700
2024-04-04,167.14346313476562,168.82000732421875,171.9199981689453,168.82000732421875,170.2899932861328,53704400
2024-04-05,167.8959197998047,169.5800018310547,170.38999938964844,168.9499969482422,169.58999633789062,42104800
2024-04-08,166.7771453857422,168.4499969482422,169.1999969482422,168.24000549316406,169.02999877929688,37425500
2024-04-09,167.9850311279297,169.6699981689453,170.0800018310547,168.35000610351562,168.6999969482422,42373800
2024-04-10,166.11378479003906,167.77999877929688,169.08999633789062,167.11000061035156,168.8000030517578,49709300
2024-04-11,173.3016815185547,175.0399932861328,175.4600067138672,168.16000366210938,168.33999633789062,91070300
2024-04-12,174.79669189453125,176.5500030517578,178.36000061035156,174.2100067138672,174.25999450683594,101670900
2024-04-15,170.97503662109375,172.69000244140625,176.6300048828125,172.5,175.36000061035156,73531800
2024-04-16,167.69789123535156,169.3800048828125,173.75999450683594,168.27000427246094,171.75,73711200
2024-04-17,166.3316192626953,168.0,170.64999389648438,168.0,169.61000061035156,50901200
2024-04-18,165.381103515625,167.0399932861328,168.63999938964844,166.5500030517578,168.02999877929688,43122900
2024-04-19,163.3614044189453,165.0,166.39999389648438,164.0800018310547,166.2100067138672,68149400
2024-04-22,164.1930389404297,165.83999633789062,167.25999450683594,164.77000427246094,165.52000427246094,48116400
2024-04-23,165.24252319335938,166.89999389648438,167.0500030517578,164.9199981689453,165.35000610351562,49537800
2024-04-24,167.3414764404297,169.02000427246094,169.3000030517578,166.2100067138672,166.5399932861328,48251800
2024-04-25,168.20281982421875,169.88999938964844,170.61000061035156,168.14999389648438,169.52999877929688,50558300
2024-04-26,167.61868286132812,169.3000030517578,171.33999633789062,169.17999267578125,169.8800048828125,44838400
2024-04-29,171.7769775390625,173.5,176.02999877929688,173.10000610351562,173.3699951171875,68169400
2024-04-30,168.63845825195312,170.3300018310547,174.99000549316406,170.0,173.3300018310547,65934800
2024-05-01,167.61868286132812,169.3000030517578,172.7100067138672,169.11000061035156,169.5800018310547,50383100
2024-05-02,171.3116455078125,173.02999877929688,173.4199981689453,170.88999938964844,172.50999450683594,94214900
2024-05-03,181.55885314941406,183.3800048828125,187.0,182.66000366210938,186.64999389648438,163224100
2024-05-06,179.90545654296875,181.7100067138672,184.1999969482422,180.4199981689453,182.35000610351562,78569700
2024-05-07,180.58859252929688,182.39999389648438,184.89999389648438,181.32000732421875,183.4499969482422,77305800
2024-05-08,180.9252166748047,182.74000549316406,183.07000732421875,181.4499969482422,182.85000610351562,45057100
2024-05-09,182.73704528808594,184.57000732421875,184.66000366210938,182.11000061035156,182.55999755859375,48983000
2024-05-10,181.4779510498047,183.0500030517578,185.08999633789062,182.1300048828125,184.89999389648438,50759500
2024-05-13,184.68023681640625,186.27999877929688,187.10000610351562,184.6199951171875,185.44000244140625,72044800
2024-05-14,185.8203582763672,187.42999267578125,188.3000030517578,186.2899932861328,187.50999450683594,52393600
2024-05-15,188.0906982421875,189.72000122070312,190.64999389648438,187.3699951171875,187.91000366210938,70400000
2024-05-16,188.20962524414062,189.83999633789062,191.10000610351562,189.66000366210938,190.47000122070312,52845200
2024-05-17,188.23939514160156,189.8699951171875,190.80999755859375,189.17999267578125,189.50999450683594,41282900
2024-05-20,189.39932250976562,191.0399932861328,191.9199981689453,189.00999450683594,189.3300018310547,44361300
2024-05-21,190.69810485839844,192.35000610351562,192.72999572753906,190.9199981689453,191.08999633789062,42309400
2024-05-22,189.2605438232422,190.89999389648438,192.82000732421875,190.27000427246094,192.27000427246094,34648500
2024-05-23,185.27503967285156,186.8800048828125,191.0,186.6300048828125,190.97999572753906,51005900
2024-05-24,188.3484344482422,189.97999572753906,190.5800018310547,188.0399932861328,188.82000732421875,36327000
2024-05-28,188.3583526611328,189.99000549316406,193.0,189.10000610351562,191.50999450683594,52280100
2024-05-29,188.65579223632812,190.2899932861328,192.25,189.50999450683594,189.61000061035156,53068000
2024-05-30,189.64718627929688,191.2899932861328,192.17999267578125,190.6300048828125,190.75999450683594,49889100
2024-05-31,190.5989227294922,192.25,192.57000732421875,189.91000366210938,191.44000244140625,75158300
2024-06-03,192.3636474609375,194.02999877929688,194.99000549316406,192.52000427246094,192.89999389648438,50080500
2024-06-04,192.68092346191406,194.35000610351562,195.32000732421875,193.02999877929688,194.63999938964844,47471400
2024-06-05,194.18785095214844,195.8699951171875,196.89999389648438,194.8699951171875,195.39999389648438,54156800
2024-06-06,192.80978393554688,194.47999572753906,196.5,194.1699981689453,195.69000244140625,41181800
2024-06-07,195.19908142089844,196.88999938964844,196.94000244140625,194.13999938964844,194.64999389648438,53103900
2024-06-10,191.4614715576172,193.1199951171875,197.3000030517578,192.14999389648438,196.89999389648438,97010200
2024-06-11,205.3709716796875,207.14999389648438,207.16000366210938,193.6300048828125,193.64999389648438,172373300
2024-06-12,211.2401580810547,213.07000732421875,220.1999969482422,206.89999389648438,207.3699951171875,198134300
2024-06-13,212.4001007080078,214.24000549316406,216.75,211.60000610351562,214.74000549316406,97862700
2024-06-14,210.66514587402344,212.49000549316406,215.1699981689453,211.3000030517578,213.85000610351562,70122700
2024-06-17,214.80923461914062,216.6699981689453,218.9499969482422,212.72000122070312,213.3699951171875,93728300
2024-06-18,212.44964599609375,214.2899932861328,218.6300048828125,213.0,217.58999633789062,79943300
2024-06-20,207.87924194335938,209.67999267578125,214.24000549316406,208.85000610351562,213.92999267578125,86172500
2024-06-21,205.70806884765625,207.49000549316406,211.88999938964844,207.11000061035156,210.38999938964844,241805100
2024-06-24,206.3524932861328,208.13999938964844,212.6999969482422,206.58999633789062,207.72000122070312,80727000
2024-06-25,207.27452087402344,209.07000732421875,211.3800048828125,208.61000061035156,209.14999389648438,55549700
2024-06-26,211.41859436035156,213.25,214.86000061035156,210.63999938964844,211.5,66213200
2024-06-27,212.2613067626953,214.10000610351562,215.74000549316406,212.35000610351562,214.69000244140625,49772700
2024-06-28,208.81117248535156,210.6199951171875,216.07000732421875,210.3000030517578,215.77000427246094,82542700
2024-07-01,214.88853454589844,216.75,217.50999450683594,211.9199981689453,212.08999633789062,60402900
2024-07-02,218.3782958984375,220.27000427246094,220.3800048828125,215.10000610351562,216.14999389648438,58046200
2024-07-03,219.6473388671875,221.5500030517578,221.5500030517578,219.02999877929688,220.0,37369800
2024-07-05,224.39617919921875,226.33999633789062,226.4499969482422,221.64999389648438,221.64999389648438,60412400
2024-07-08,225.8634796142578,227.82000732421875,227.85000610351562,223.25,227.08999633789062,59085900
2024-07-09,226.71607971191406,228.67999267578125,229.39999389648438,226.3699951171875,227.92999267578125,48076100
2024-07-10,230.97915649414062,232.97999572753906,233.0800018310547,229.25,229.3000030517578,62627700
2024-07-11,225.6156463623047,227.57000732421875,232.38999938964844,225.77000427246094,231.38999938964844,64710600
2024-07-12,228.5601043701172,230.5399932861328,232.63999938964844,228.67999267578125,228.9199981689453,53046500
2024-07-15,232.38693237304688,234.39999389648438,237.22999572753906,233.08999633789062,236.47999572753906,62631300
2024-07-16,232.80335998535156,234.82000732421875,236.27000427246094,232.3300018310547,235.0,43234300
2024-07-17,226.9143829345703,228.8800048828125,231.4600067138672,226.63999938964844,229.4499969482422,57345900
2024-07-18,222.2547149658203,224.17999267578125,230.44000244140625,222.27000427246094,230.27999877929688,66034600
2024-07-19,222.3836212158203,224.30999755859375,226.8000030517578,223.27999877929688,224.82000732421875,49151500
2024-07-22,222.03663635253906,223.9600067138672,227.77999877929688,223.08999633789062,227.00999450683594,48201800
2024-07-23,223.0775909423828,225.00999450683594,226.94000244140625,222.67999267578125,224.3699951171875,39960300
2024-07-24,216.66317749023438,218.5399932861328,224.8000030517578,217.1300048828125,224.0,61777600
2024-07-25,215.62217712402344,217.49000549316406,220.85000610351562,214.6199951171875,218.92999267578125,51391200
2024-07-26,216.088134765625,217.9600067138672,219.49000549316406,216.00999450683594,218.6999969482422,41601300
2024-07-29,216.36573791503906,218.24000549316406,219.3000030517578,215.75,216.9600067138672,36311800
2024-07-30,216.92092895507812,218.8000030517578,220.3300018310547,216.1199951171875,219.19000244140625,41643800
2024-07-31,220.17276000976562,222.0800018310547,223.82000732421875,220.6300048828125,221.44000244140625,50036300
2024-08-01,216.48471069335938,218.36000061035156,224.47999572753906,217.02000427246094,224.3699951171875,62501000
2024-08-02,217.97181701660156,219.86000061035156,225.60000610351562,217.7100067138672,219.14999389648438,105568600
2024-08-05,207.47280883789062,209.27000427246094,213.5,196.0,199.08999633789062,119548600
2024-08-06,205.4502716064453,207.22999572753906,209.99000549316406,201.07000732421875,205.3000030517578,69660500
2024-08-07,208.01805114746094,209.82000732421875,213.63999938964844,206.38999938964844,206.89999389648438,63516400
2024-08-08,211.4781036376953,213.30999755859375,214.1999969482422,208.8300018310547,213.11000061035156,47161100
2024-08-09,214.3829345703125,216.24000549316406,216.77999877929688,211.97000122070312,212.10000610351562,42201600
2024-08-12,215.91146850585938,217.52999877929688,219.50999450683594,215.60000610351562,216.07000732421875,38028100
2024-08-13,219.62362670898438,221.27000427246094,221.88999938964844,219.00999450683594,219.00999450683594,44155300
2024-08-14,220.07029724121094,221.72000122070312,223.02999877929688,219.6999969482422,220.57000732421875,41960600
2024-08-15,223.0479736328125,224.72000122070312,225.35000610351562,222.75999450683594,224.60000610351562,46414000
2024-08-16,224.3680877685547,226.0500030517578,226.8300018310547,223.64999389648438,223.9199981689453,44340200
2024-08-19,224.20925903320312,225.88999938964844,225.99000549316406,223.0399932861328,225.72000122070312,40687800
2024-08-20,224.82464599609375,226.50999450683594,227.1699981689453,225.4499969482422,225.77000427246094,30299000
2024-08-21,224.71546936035156,226.39999389648438,227.97999572753906,225.0500030517578,226.52000427246094,34765500
2024-08-22,222.859375,224.52999877929688,228.33999633789062,223.89999389648438,227.7899932861328,43695300
2024-08-23,225.15219116210938,226.83999633789062,228.22000122070312,224.3300018310547,225.66000366210938,38677300
2024-08-26,225.48965454101562,227.17999267578125,227.27999877929688,223.88999938964844,226.75999450683594,30602200
2024-08-27,226.33334350585938,228.02999877929688,228.85000610351562,224.88999938964844,226.0,35934600
2024-08-28,224.80479431152344,226.49000549316406,229.86000061035156,225.67999267578125,227.9199981689453,38052200
2024-08-29,228.0802459716797,229.7899932861328,232.9199981689453,228.8800048828125,230.10000610351562,51906300
2024-08-30,227.29612731933594,229.0,230.39999389648438,227.47999572753906,230.19000244140625,52990800
2024-09-03,221.11248779296875,222.77000427246094,229.0,221.1699981689453,228.5500030517578,50190600
2024-09-04,219.20677185058594,220.85000610351562,221.77999877929688,217.47999572753906,221.66000366210938,43840200
2024-09-05,220.7253875732422,222.3800048828125,225.47999572753906,221.52000427246094,221.6300048828125,36615400
2024-09-06,219.177001953125,220.82000732421875,225.24000549316406,219.77000427246094,223.9499969482422,48423000
2024-09-09,219.2663116455078,220.91000366210938,221.27000427246094,216.7100067138672,220.82000732421875,67180000
2024-09-10,218.47227478027344,220.11000061035156,221.47999572753906,216.72999572753906,218.9199981689453,51591000
2024-09-11,221.0032958984375,222.66000366210938,223.08999633789062,217.88999938964844,221.4600067138672,44587100
2024-09-12,221.11248779296875,222.77000427246094,223.5500030517578,219.82000732421875,222.5,37455600
2024-09-13,220.84449768066406,222.5,224.0399932861328,221.91000366210938,223.5800018310547,36766600
2024-09-16,214.71047973632812,216.32000732421875,217.22000122070312,213.9199981689453,216.5399932861328,59357400
2024-09-17,215.1769561767578,216.7899932861328,216.89999389648438,214.5,215.75,45519300
2024-09-18,219.04795837402344,220.69000244140625,222.7100067138672,217.5399932861328,217.5500030517578,59894900
2024-09-19,227.16709899902344,228.8699951171875,229.82000732421875,224.6300048828125,224.99000549316406,66781300
2024-09-20,226.50205993652344,228.1999969482422,233.08999633789062,227.6199951171875,229.97000122070312,318679900
2024-09-23,224.78494262695312,226.47000122070312,229.4499969482422,225.80999755859375,227.33999633789062,54146000
2024-09-24,225.67823791503906,227.3699951171875,229.35000610351562,225.72999572753906,228.64999389648438,43556100
2024-09-25,224.68568420410156,226.3699951171875,227.2899932861328,224.02000427246094,224.92999267578125,42308700
2024-09-26,225.82713317871094,227.52000427246094,228.5,225.41000366210938,227.3000030517578,36636700
2024-09-27,226.09510803222656,227.7899932861328,229.52000427246094,227.3000030517578,228.4600067138672,34026000
2024-09-30,231.266357421875,233.0,233.0,229.64999389648438,230.0399932861328,54541900
2024-10-01,224.52688598632812,226.2100067138672,229.64999389648438,223.74000549316406,229.52000427246094,63285000
2024-10-02,225.0926513671875,226.77999877929688,227.3699951171875,223.02000427246094,225.88999938964844,32880600
2024-10-03,223.99090576171875,225.6699981689453,226.80999755859375,223.32000732421875,225.13999938964844,34044200
2024-10-04,225.1125030517578,226.8000030517578,228.0,224.1300048828125,227.89999389648438,37245100
2024-10-07,220.04052734375,221.69000244140625,225.69000244140625,221.3300018310547,224.5,39505400
2024-10-08,224.0901641845703,225.77000427246094,225.97999572753906,223.25,224.3000030517578,31855700
2024-10-09,227.8321075439453,229.5399932861328,229.75,224.8300018310547,225.22999572753906,33591100
2024-10-10,227.33580017089844,229.0399932861328,229.5,227.1699981689453,227.77999877929688,28183500
2024-10-11,225.85690307617188,227.5500030517578,229.41000366210938,227.33999633789062,229.3000030517578,31759200
2024-10-14,229.57901000976562,231.3000030517578,231.72999572753906,228.60000610351562,228.6999969482422,39882100
2024-10-15,232.1100311279297,233.85000610351562,237.49000549316406,232.3699951171875,233.61000061035156,64751400
2024-10-16,230.05545043945312,231.77999877929688,232.1199951171875,229.83999633789062,231.60000610351562,34082200
2024-10-17,230.4226837158203,232.14999389648438,233.85000610351562,230.52000427246094,233.42999267578125,32993800
2024-10-18,233.25148010253906,235.0,236.17999267578125,234.00999450683594,236.17999267578125,46431500
2024-10-21,234.720458984375,236.47999572753906,236.85000610351562,234.4499969482422,234.4499969482422,36254500
2024-10-22,234.10507202148438,235.86000061035156,236.22000122070312,232.60000610351562,233.88999938964844,38846600
2024-10-23,229.0430145263672,230.75999450683594,235.13999938964844,227.75999450683594,234.0800018310547,52287000
2024-10-24,228.85446166992188,230.57000732421875,230.82000732421875,228.41000366210938,229.97999572753906,31109500
2024-10-25,229.68820190429688,231.41000366210938,233.22000122070312,229.57000732421875,229.74000549316406,38802300
2024-10-28,231.6633758544922,233.39999389648438,234.72999572753906,232.5500030517578,233.32000732421875,36087100
2024-10-29,231.93136596679688,233.6699981689453,234.3300018310547,232.32000732421875,233.10000610351562,35417200
2024-10-30,228.387939453125,230.10000610351562,233.47000122070312,229.5500030517578,232.61000061035156,47070900
2024-10-31,224.22911071777344,225.91000366210938,229.8300018310547,225.3699951171875,229.33999633789062,64370100
2024-11-01,221.25143432617188,222.91000366210938,225.35000610351562,220.27000427246094,220.97000122070312,65276700
2024-11-04,220.3581085205078,222.00999450683594,222.7899932861328,219.7100067138672,220.99000549316406,44944500
2024-11-05,221.7874298095703,223.4499969482422,223.9499969482422,221.13999938964844,221.8000030517578,28111300
2024-11-06,221.06285095214844,222.72000122070312,226.07000732421875,221.19000244140625,222.61000061035156,54561100
2024-11-07,225.78741455078125,227.47999572753906,227.8800048828125,224.57000732421875,224.6300048828125,42137700
2024-11-08,225.51914978027344,226.9600067138672,228.66000366210938,226.41000366210938,227.1699981689453,38328800
2024-11-11,222.80648803710938,224.22999572753906,225.6999969482422,221.5,225.0,42005600
2024-11-12,222.80648803710938,224.22999572753906,225.58999633789062,223.36000061035156,224.5500030517578,40398300
2024-11-13,223.69082641601562,225.1199951171875,226.64999389648438,222.75999450683594,224.00999450683594,48566200
2024-11-14,226.77114868164062,228.22000122070312,228.8699951171875,225.0,225.02000427246094,44923900
2024-11-15,223.5715789794922,225.0,226.9199981689453,224.27000427246094,226.39999389648438,47923700
2024-11-18,226.57241821289062,228.02000427246094,229.74000549316406,225.1699981689453,225.25,44633700
2024-11-19,226.8307647705078,228.27999877929688,230.16000366210938,226.66000366210938,226.97999572753906,36211800
2024-11-20,227.5461883544922,229.0,229.92999267578125,225.88999938964844,228.05999755859375,35169600
2024-11-21,227.06922912597656,228.52000427246094,230.16000366210938,225.7100067138672,228.8800048828125,42108300
2024-11-22,228.41065979003906,229.8699951171875,230.72000122070312,228.05999755859375,228.05999755859375,38168300
2024-11-25,231.39161682128906,232.8699951171875,233.25,229.74000549316406,231.4600067138672,90152800
2024-11-26,233.56771850585938,235.05999755859375,235.57000732421875,233.3300018310547,233.3300018310547,45986200
2024-11-27,233.4385528564453,234.92999267578125,235.69000244140625,233.80999755859375,234.47000122070312,33498400
2024-11-29,235.82330322265625,237.3300018310547,237.80999755859375,233.97000122070312,234.80999755859375,28481400
2024-12-02,238.06895446777344,239.58999633789062,240.7899932861328,237.16000366210938,237.27000427246094,48137100
2024-12-03,241.10952758789062,242.64999389648438,242.75999450683594,238.89999389648438,239.80999755859375,38861000
2024-12-04,241.46725463867188,243.00999450683594,244.11000061035156,241.25,242.8699951171875,44383900
2024-12-05,241.4970703125,243.0399932861328,244.5399932861328,242.1300048828125,243.99000549316406,40033900
2024-12-06,241.29832458496094,242.83999633789062,244.6300048828125,242.0800018310547,242.91000366210938,36870600
2024-12-09,245.18350219726562,246.75,247.24000549316406,241.75,241.8300018310547,44649200
2024-12-10,246.197021484375,247.77000427246094,248.2100067138672,245.33999633789062,246.88999938964844,36914800
2024-12-11,244.9251708984375,246.49000549316406,250.8000030517578,246.25999450683594,247.9600067138672,45205800
2024-12-12,246.38584899902344,247.9600067138672,248.74000549316406,245.67999267578125,246.88999938964844,32777500
2024-12-13,246.55474853515625,248.1300048828125,249.2899932861328,246.24000549316406,247.82000732421875,33155300
2024-12-16,249.44627380371094,251.0399932861328,251.3800048828125,247.64999389648438,247.99000549316406,51694800
2024-12-17,251.8707733154297,253.47999572753906,253.8300018310547,249.77999877929688,250.0800018310547,51356400
2024-12-18,246.47525024414062,248.0500030517578,254.27999877929688,247.74000549316406,252.16000366210938,56774100
2024-12-19,248.20420837402344,249.7899932861328,252.0,247.08999633789062,247.5,60882300
2024-12-20,252.8743896484375,254.49000549316406,255.0,245.69000244140625,248.0399932861328,147495300
2024-12-23,253.64942932128906,255.27000427246094,255.64999389648438,253.4499969482422,254.77000427246094,40858800
2024-12-24,256.5608215332031,258.20001220703125,258.2099914550781,255.2899932861328,255.49000549316406,23234700
2024-12-26,257.3755798339844,259.0199890136719,260.1000061035156,257.6300048828125,258.19000244140625,27237100
2024-12-27,253.96739196777344,255.58999633789062,258.70001220703125,253.05999755859375,257.8299865722656,42355300
2024-12-30,250.59889221191406,252.1999969482422,253.5,250.75,252.22999572753906,35557500
2024-12-31,248.83021545410156,250.4199981689453,253.27999877929688,249.42999267578125,252.44000244140625,39480700
2025-01-02,242.3019256591797,243.85000610351562,249.10000610351562,241.82000732421875,248.92999267578125,55740700
2025-01-03,241.8150177001953,243.36000061035156,244.17999267578125,241.88999938964844,243.36000061035156,40244100
2025-01-06,243.4446258544922,245.0,247.3300018310547,243.1999969482422,244.30999755859375,45045600
2025-01-07,240.67234802246094,242.2100067138672,245.5500030517578,241.35000610351562,242.97999572753906,40856000
2025-01-08,241.1592254638672,242.6999969482422,243.7100067138672,240.0500030517578,241.9199981689453,37628900
2025-01-10,235.34637451171875,236.85000610351562,240.16000366210938,233.0,240.00999450683594,61710900
2025-01-13,232.9119110107422,234.39999389648438,234.6699981689453,229.72000122070312,233.52999877929688,49630700
2025-01-14,231.7990264892578,233.27999877929688,236.1199951171875,232.47000122070312,234.75,39435300
2025-01-15,236.35987854003906,237.8699951171875,238.9600067138672,234.42999267578125,234.63999938964844,39832000
2025-01-16,226.81088256835938,228.25999450683594,238.00999450683594,228.02999877929688,237.35000610351562,71759100
2025-01-17,228.5199737548828,229.97999572753906,232.2899932861328,228.47999572753906,232.1199951171875,68488300
2025-01-21,221.2265625,222.63999938964844,224.4199981689453,219.3800048828125,224.0,98070400
2025-01-22,222.40902709960938,223.8300018310547,224.1199951171875,219.7899932861328,219.7899932861328,64126500
2025-01-23,222.24009704589844,223.66000366210938,227.02999877929688,222.3000030517578,224.74000549316406,60234800
2025-01-24,221.36569213867188,222.77999877929688,225.6300048828125,221.41000366210938,224.77999877929688,54697900
2025-01-27,228.40074157714844,229.86000061035156,232.14999389648438,223.97999572753906,224.02000427246094,94863400
2025-01-28,236.7473907470703,238.25999450683594,240.19000244140625,230.80999755859375,230.85000610351562,75707600
2025-01-29,237.84043884277344,239.36000061035156,239.86000061035156,234.00999450683594,234.1199951171875,45486100
2025-01-30,236.0816650390625,237.58999633789062,240.7899932861328,237.2100067138672,238.6699981689453,55658300
2025-01-31,234.50173950195312,236.0,247.19000244140625,233.44000244140625,247.19000244140625,100959800
2025-02-03,226.56246948242188,228.00999450683594,231.8300018310547,225.6999969482422,229.99000549316406,73063300
2025-02-04,231.3220672607422,232.8000030517578,233.1300048828125,226.64999389648438,227.25,45067300
2025-02-05,230.99417114257812,232.47000122070312,232.6699981689453,228.27000427246094,228.52999877929688,39620300
2025-02-06,231.73941040039062,233.22000122070312,233.8000030517578,230.42999267578125,231.2899932861328,29925300
2025-02-07,226.1848907470703,227.6300048828125,234.0,227.25999450683594,232.60000610351562,39707200
2025-02-10,226.45346069335938,227.64999389648438,230.58999633789062,227.1999969482422,229.57000732421875,33115600
2025-02-11,231.39735412597656,232.6199951171875,235.22999572753906,228.1300048828125,228.1999969482422,53718400
2025-02-12,235.62501525878906,236.8699951171875,236.9600067138672,230.67999267578125,231.1999969482422,45243300
2025-02-13,240.26051330566406,241.52999877929688,242.33999633789062,235.57000732421875,236.91000366210938,53614100
2025-02-14,243.3143768310547,244.60000610351562,245.5500030517578,240.99000549316406,241.25,40896200
2025-02-18,243.18507385253906,244.47000122070312,245.17999267578125,241.83999633789062,244.14999389648438,48822500
2025-02-19,243.58294677734375,244.8699951171875,246.00999450683594,243.16000366210938,244.66000366210938,32204200
2025-02-20,244.53790283203125,245.8300018310547,246.77999877929688,244.2899932861328,244.94000244140625,32316900
2025-02-21,244.25938415527344,245.5500030517578,248.69000244140625,245.22000122070312,245.9499969482422,53197400
2025-02-24,245.80123901367188,247.10000610351562,248.86000061035156,244.4199981689453,244.92999267578125,51326400
2025-02-25,245.74156188964844,247.0399932861328,250.0,244.91000366210938,248.0,48013300
2025-02-26,239.09666442871094,240.36000061035156,244.97999572753906,239.1300048828125,244.3300018310547,44433600
2025-02-27,236.05276489257812,237.3000030517578,242.4600067138672,237.05999755859375,239.41000366210938,41153600
2025-02-28,240.5688934326172,241.83999633789062,242.08999633789062,230.1999969482422,236.9499969482422,56833400
2025-03-03,236.77890014648438,238.02999877929688,244.02999877929688,236.11000061035156,241.7899932861328,47184000
2025-03-04,234.68994140625,235.92999267578125,240.07000732421875,234.67999267578125,237.7100067138672,53798100
2025-03-05,234.50096130371094,235.74000549316406,236.5500030517578,229.22999572753906,235.4199981689453,47227600
2025-03-06,234.09312438964844,235.3300018310547,237.86000061035156,233.16000366210938,234.44000244140625,45170400
2025-03-07,237.81346130371094,239.07000732421875,241.3699951171875,234.75999450683594,235.11000061035156,46273600
2025-03-10,226.2843475341797,227.47999572753906,236.16000366210938,224.22000122070312,235.5399932861328,72071200
2025-03-11,219.6792755126953,220.83999633789062,225.83999633789062,217.4499969482422,223.80999755859375,76137400
2025-03-12,215.83956909179688,216.97999572753906,221.75,214.91000366210938,220.13999938964844,62547500
2025-03-13,208.5779266357422,209.67999267578125,216.83999633789062,208.4199981689453,215.9499969482422,61368300
2025-03-14,212.36788940429688,213.49000549316406,213.9499969482422,209.5800018310547,211.25,60107600
2025-03-17,212.87522888183594,214.0,215.22000122070312,209.97000122070312,213.30999755859375,48073400
2025-03-18,211.57211303710938,212.69000244140625,215.14999389648438,211.49000549316406,214.16000366210938,42432400
2025-03-19,214.1087188720703,215.24000549316406,218.75999450683594,213.75,214.22000122070312,54385400
2025-03-20,212.97470092773438,214.10000610351562,217.49000549316406,212.22000122070312,213.99000549316406,48862900
2025-03-21,217.12277221679688,218.27000427246094,218.83999633789062,211.27999877929688,211.55999755859375,94127800
2025-03-24,219.56983947753906,220.72999572753906,221.47999572753906,218.5800018310547,221.0,44299500
2025-03-25,222.573974609375,223.75,224.10000610351562,220.0800018310547,220.77000427246094,34493600
2025-03-26,220.36563110351562,221.52999877929688,225.02000427246094,220.47000122070312,223.50999450683594,34466100
2025-03-27,222.67343139648438,223.85000610351562,224.99000549316406,220.55999755859375,221.38999938964844,37094800
2025-03-28,216.75473022460938,217.89999389648438,223.80999755859375,217.67999267578125,221.6699981689453,39818600
2025-03-31,220.9624786376953,222.1300048828125,225.6199951171875,216.22999572753906,217.00999450683594,65299300
2025-04-01,222.0169219970703,223.19000244140625,223.67999267578125,218.89999389648438,219.80999755859375,36412700
2025-04-02,222.71324157714844,223.88999938964844,225.19000244140625,221.02000427246094,221.32000732421875,35905900
2025-04-03,202.12203979492188,203.19000244140625,207.49000549316406,201.25,205.5399932861328,103419000
2025-04-04,187.38987731933594,188.3800048828125,199.8800048828125,187.33999633789062,193.88999938964844,125910900
2025-04-07,180.50625610351562,181.4600067138672,194.14999389648438,174.6199951171875,177.1999969482422,160466300
2025-04-08,171.51376342773438,172.4199981689453,190.33999633789062,169.2100067138672,186.6999969482422,120859500
2025-04-09,197.80487060546875,198.85000610351562,200.61000061035156,171.88999938964844,171.9499969482422,184395900
2025-04-10,189.41915893554688,190.4199981689453,194.77999877929688,183.0,189.07000732421875,121880000
2025-04-11,197.1085205078125,198.14999389648438,199.5399932861328,186.05999755859375,186.10000610351562,87435900
2025-04-14,201.45555114746094,202.52000427246094,212.94000244140625,201.16000366210938,211.44000244140625,101352900
2025-04-15,201.07754516601562,202.13999938964844,203.50999450683594,199.8000030517578,201.86000061035156,51343900
2025-04-16,193.24893188476562,194.27000427246094,200.6999969482422,192.3699951171875,198.36000061035156,59732400
2025-04-17,195.94467163085938,196.97999572753906,198.8300018310547,194.4199981689453,197.1999969482422,52164700
2025-04-21,192.14476013183594,193.16000366210938,193.8000030517578,189.80999755859375,193.27000427246094,46742500
2025-04-22,198.69017028808594,199.74000549316406,201.58999633789062,195.97000122070312,196.1199951171875,52976400
2025-04-23,203.52464294433594,204.60000610351562,208.0,202.8000030517578,206.0,52929200
2025-04-24,207.27481079101562,208.3699951171875,208.8300018310547,202.94000244140625,204.88999938964844,47311000
2025-04-25,208.1800079345703,209.27999877929688,209.75,206.1999969482422,206.3699951171875,38222300
2025-04-28,209.03549194335938,210.13999938964844,211.5,207.4600067138672,210.0,38743100
2025-04-29,210.09988403320312,211.2100067138672,212.24000549316406,208.3699951171875,208.69000244140625,36827600
2025-04-30,211.3831024169922,212.5,213.5800018310547,206.6699981689453,209.3000030517578,52286500
2025-05-01,212.1988067626953,213.32000732421875,214.55999755859375,208.89999389648438,209.0800018310547,57365700
2025-05-02,204.27069091796875,205.35000610351562,206.99000549316406,202.16000366210938,206.08999633789062,101010600
2025-05-05,197.84463500976562,198.88999938964844,204.10000610351562,198.2100067138672,203.10000610351562,69018500
2025-05-06,197.4666290283203,198.50999450683594,200.64999389648438,197.02000427246094,198.2100067138672,51216500
2025-05-07,195.218505859375,196.25,199.44000244140625,193.25,199.1699981689453,68536700
2025-05-08,196.45199584960938,197.49000549316406,200.0500030517578,194.67999267578125,197.72000122070312,50478900
2025-05-09,197.4865264892578,198.52999877929688,200.5399932861328,197.5399932861328,199.0,36453900
2025-05-12,209.95704650878906,210.7899932861328,211.27000427246094,206.75,210.97000122070312,63775800
2025-05-13,212.08859252929688,212.92999267578125,213.39999389648438,209.0,210.42999267578125,51909300
2025-05-14,211.490966796875,212.3300018310547,213.94000244140625,210.5800018310547,212.42999267578125,49325800
2025-05-15,210.61444091796875,211.4499969482422,212.9600067138672,209.5399932861328,210.9499969482422,45029500
2025-05-16,210.42520141601562,211.25999450683594,212.57000732421875,209.77000427246094,212.36000061035156,54737900
2025-05-19,207.95501708984375,208.77999877929688,209.47999572753906,204.25999450683594,207.91000366210938,46140500
2025-05-20,206.04257202148438,206.86000061035156,208.47000122070312,205.02999877929688,207.6699981689453,42496600
2025-05-21,201.2914276123047,202.08999633789062,207.0399932861328,200.7100067138672,205.1699981689453,59211800
2025-05-22,200.56431579589844,201.36000061035156,202.75,199.6999969482422,200.7100067138672,46742400
2025-05-23,194.49838256835938,195.27000427246094,197.6999969482422,193.4600067138672,193.6699981689453,78432900
2025-05-27,199.41885375976562,200.2100067138672,200.74000549316406,197.42999267578125,198.3000030517578,56288500
2025-05-28,199.62803649902344,200.4199981689453,202.72999572753906,199.89999389648438,200.58999633789062,45339700
2025-05-29,199.15988159179688,199.9499969482422,203.80999755859375,198.50999450683594,203.5800018310547,51396800
2025-05-30,200.05633544921875,200.85000610351562,201.9600067138672,196.77999877929688,199.3699951171875,70819900
2025-06-02,200.90298461914062,201.6999969482422,202.1300048828125,200.1199951171875,200.27999877929688,35423300
2025-06-03,202.46676635742188,203.27000427246094,203.77000427246094,200.9600067138672,201.35000610351562,46381600
2025-06-04,202.01856994628906,202.82000732421875,206.24000549316406,202.10000610351562,202.91000366210938,43604000
2025-06-05,199.8372039794922,200.6300048828125,204.75,200.14999389648438,203.5,55126100
2025-06-06,203.11419677734375,203.9199981689453,205.6999969482422,202.0500030517578,203.0,46607700
2025-06-09,200.65394592285156,201.4499969482422,206.0,200.02000427246094,204.38999938964844,72862600
2025-06-10,201.869140625,202.6699981689453,204.35000610351562,200.57000732421875,200.60000610351562,54672600
2025-06-11,197.9945068359375,198.77999877929688,204.5,198.41000366210938,203.5,60989900
2025-06-12,198.412841796875,199.1999969482422,199.67999267578125,197.36000061035156,199.0800018310547,43904600
2025-06-13,195.6737060546875,196.4499969482422,200.3699951171875,195.6999969482422,199.72999572753906,51447300
2025-06-16,197.63592529296875,198.4199981689453,198.69000244140625,196.55999755859375,197.3000030517578,43020700
2025-06-17,194.86691284179688,195.63999938964844,198.38999938964844,195.2100067138672,197.1999969482422,38856200
2025-06-18,195.80320739746094,196.5800018310547,197.57000732421875,195.07000732421875,195.94000244140625,45394700
2025-06-20,200.20574951171875,201.0,201.6999969482422,196.86000061035156,198.24000549316406,96813500
2025-06-23,200.70376586914062,201.5,202.3000030517578,198.9600067138672,201.6300048828125,55814300
2025-06-24,199.50851440429688,200.3000030517578,203.44000244140625,200.1999969482422,202.58999633789062,54064000
2025-06-25,200.76351928710938,201.55999755859375,203.6699981689453,200.6199951171875,201.4499969482422,39525700
2025-06-26,200.20574951171875,201.0,202.63999938964844,199.4600067138672,201.42999267578125,50799100
2025-06-27,200.28543090820312,201.0800018310547,203.22000122070312,200.0,201.88999938964844,73188600
2025-06-30,204.35926818847656,205.1699981689453,207.38999938964844,199.25999450683594,202.00999450683594,91912800
2025-07-01,206.998779296875,207.82000732421875,210.19000244140625,206.13999938964844,206.6699981689453,78788900
2025-07-02,211.6005401611328,212.44000244140625,213.33999633789062,208.13999938964844,208.91000366210938,67941800
2025-07-03,212.70616149902344,213.5500030517578,214.64999389648438,211.80999755859375,212.14999389648438,34955800
2025-07-07,209.12037658691406,209.9499969482422,216.22999572753906,208.8000030517578,212.67999267578125,50229000
2025-07-08,209.1801300048828,210.00999450683594,211.42999267578125,208.4499969482422,210.10000610351562,42848900
2025-07-09,210.3056640625,211.13999938964844,211.3300018310547,207.22000122070312,209.52999877929688,48749400
2025-07-10,211.5706787109375,212.41000366210938,213.47999572753906,210.02999877929688,210.50999450683594,44443600
2025-07-11,210.32559204101562,211.16000366210938,212.1300048828125,209.86000061035156,210.57000732421875,39765800
2025-07-14,207.79563903808594,208.6199951171875,210.91000366210938,207.5399932861328,209.92999267578125,38840100
2025-07-15,208.28370666503906,209.11000061035156,211.88999938964844,208.9199981689453,209.22000122070312,42296300
2025-07-16,209.3295440673828,210.16000366210938,212.39999389648438,208.63999938964844,210.3000030517578,47490500
2025-07-17,209.1901092529297,210.02000427246094,211.8000030517578,209.58999633789062,210.57000732421875,48068100
2025-07-18,210.34552001953125,211.17999267578125,211.7899932861328,209.6999969482422,210.8699951171875,48974600
2025-07-21,211.64036560058594,212.47999572753906,215.77999877929688,211.6300048828125,212.10000610351562,51377400
2025-07-22,213.5527801513672,214.39999389648438,214.9499969482422,212.22999572753906,213.13999938964844,46404100
2025-07-23,213.3037872314453,214.14999389648438,215.14999389648438,212.41000366210938,215.0,46989300
2025-07-24,212.91531372070312,213.75999450683594,215.69000244140625,213.52999877929688,213.89999389648438,46022600
2025-07-25,213.0348663330078,213.8800048828125,215.24000549316406,213.39999389648438,214.6999969482422,40268800
2025-07-28,213.2041778564453,214.0500030517578,214.85000610351562,213.05999755859375,214.02999877929688,37858000
2025-07-29,210.43515014648438,211.27000427246094,214.80999755859375,210.82000732421875,214.17999267578125,51411700
2025-07-30,208.2239227294922,209.0500030517578,212.38999938964844,207.72000122070312,211.89999389648438,45512500
2025-07-31,206.7498016357422,207.57000732421875,209.83999633789062,207.16000366210938,208.49000549316406,80698400
2025-08-01,201.58029174804688,202.3800048828125,213.5800018310547,201.5,210.8699951171875,104434500
2025-08-04,202.5464630126953,203.35000610351562,207.8800048828125,201.67999267578125,204.50999450683594,75109300
2025-08-05,202.11813354492188,202.9199981689453,205.33999633789062,202.16000366210938,203.39999389648438,44155100
2025-08-06,212.40733337402344,213.25,215.3800048828125,205.58999633789062,205.6300048828125,108483100
2025-08-07,219.16055297851562,220.02999877929688,220.85000610351562,216.5800018310547,218.8800048828125,90224800
2025-08-08,228.44374084472656,229.35000610351562,231.0,219.25,220.8300018310547,113854000
2025-08-11,226.53909301757812,227.17999267578125,229.55999755859375,224.75999450683594,227.9199981689453,61806100
2025-08-12,229.0021209716797,229.64999389648438,230.8000030517578,227.07000732421875,228.00999450683594,55626200
2025-08-13,232.6717529296875,233.3300018310547,235.0,230.42999267578125,231.07000732421875,69878500
2025-08-14,232.12330627441406,232.77999877929688,235.1199951171875,230.85000610351562,234.05999755859375,51916300
2025-08-15,230.93667602539062,231.58999633789062,234.27999877929688,229.33999633789062,234.0,56038700
2025-08-18,230.23863220214844,230.88999938964844,233.1199951171875,230.11000061035156,231.6999969482422,37476200
2025-08-19,229.90957641601562,230.55999755859375,232.8699951171875,229.35000610351562,231.27999877929688,39402600
2025-08-20,225.3723907470703,226.00999450683594,230.47000122070312,225.77000427246094,229.97999572753906,42263900
2025-08-21,224.26551818847656,224.89999389648438,226.52000427246094,223.77999877929688,226.27000427246094,30621200
2025-08-22,227.11746215820312,227.75999450683594,229.08999633789062,225.41000366210938,226.1699981689453,42477800
2025-08-25,226.5191650390625,227.16000366210938,229.3000030517578,226.22999572753906,226.47999572753906,30983100
2025-08-26,228.6630859375,229.30999755859375,229.49000549316406,224.69000244140625,226.8699951171875,54575100
2025-08-27,229.8397674560547,230.49000549316406,230.89999389648438,228.25999450683594,228.61000061035156,31259500
2025-08-28,231.90391540527344,232.55999755859375,233.41000366210938,229.33999633789062,230.82000732421875,38074700
2025-08-29,231.485107421875,232.13999938964844,233.3800048828125,231.3699951171875,232.50999450683594,39418400
2025-09-02,229.07192993164062,229.72000122070312,230.85000610351562,226.97000122070312,229.25,44075600
2025-09-03,237.7972412109375,238.47000122070312,238.85000610351562,234.36000061035156,237.2100067138672,66427800
2025-09-04,239.10354614257812,239.77999877929688,239.89999389648438,236.74000549316406,238.4499969482422,47549400
2025-09-05,239.01380920410156,239.69000244140625,241.32000732421875,238.49000549316406,240.0,54870400
2025-09-08,237.20892333984375,237.8800048828125,240.14999389648438,236.33999633789062,239.3000030517578,48999500
2025-09-09,233.6888885498047,234.35000610351562,238.77999877929688,233.36000061035156,237.0,66313900
2025-09-10,226.1501922607422,226.7899932861328,232.4199981689453,225.9499969482422,232.19000244140625,83440800
2025-09-11,229.3810577392578,230.02999877929688,230.4499969482422,226.64999389648438,226.8800048828125,50208600
2025-09-12,233.40966796875,234.07000732421875,234.50999450683594,229.02000427246094,229.22000122070312,55824200
2025-09-15,236.03224182128906,236.6999969482422,238.19000244140625,235.02999877929688,237.0,42699500
2025-09-16,237.4781494140625,238.14999389648438,241.22000122070312,236.32000732421875,237.17999267578125,63421100
2025-09-17,238.3157958984375,238.99000549316406,240.10000610351562,237.72999572753906,238.97000122070312,46508000
2025-09-18,237.20892333984375,237.8800048828125,241.1999969482422,236.64999389648438,239.97000122070312,44249600
2025-09-19,244.80740356445312,245.5,246.3000030517578,240.2100067138672,241.22999572753906,163741300
2025-09-22,255.35755920410156,256.0799865722656,256.6400146484375,248.1199951171875,248.3000030517578,105517400
2025-09-23,253.7122344970703,254.42999267578125,257.3399963378906,253.5800018310547,255.8800048828125,60275200
2025-09-24,251.59820556640625,252.30999755859375,255.74000549316406,251.0399932861328,255.22000122070312,42303700
2025-09-25,256.1453552246094,256.8699951171875,257.1700134277344,251.7100067138672,253.2100067138672,55202100
2025-09-26,254.73931884765625,255.4600067138672,257.6000061035156,253.77999877929688,254.10000610351562,46076300
2025-09-29,253.7122344970703,254.42999267578125,255.0,253.00999450683594,254.55999755859375,40127700
2025-09-30,253.9116668701172,254.6300048828125,255.9199981689453,253.11000061035156,254.86000061035156,37704300
2025-10-01,254.72933959960938,255.4499969482422,258.7900085449219,254.92999267578125,255.0399932861328,48713900
2025-10-02,256.40460205078125,257.1300048828125,258.17999267578125,254.14999389648438,256.5799865722656,42630200
2025-10-03,257.2920837402344,258.0199890136719,259.239990234375,253.9499969482422,254.6699981689453,49155600
2025-10-06,255.96585083007812,256.69000244140625,259.07000732421875,255.0500030517578,257.989990234375,44664100
2025-10-07,255.7564697265625,256.4800109863281,257.3999938964844,255.42999267578125,256.80999755859375,31955800
2025-10-08,257.33197021484375,258.05999755859375,258.5199890136719,256.1099853515625,256.5199890136719,36496900
2025-10-09,253.32330322265625,254.0399932861328,258.0,253.13999938964844,257.80999755859375,38322000
2025-10-10,244.57806396484375,245.27000427246094,256.3800048828125,244.0,254.94000244140625,61999100
2025-10-13,246.96131896972656,247.66000366210938,249.69000244140625,245.55999755859375,249.3800048828125,38142900
2025-10-14,247.07101440429688,247.77000427246094,248.85000610351562,244.6999969482422,246.60000610351562,35478000
2025-10-15,248.63658142089844,249.33999633789062,251.82000732421875,247.47000122070312,249.49000549316406,33893600
2025-10-16,246.75192260742188,247.4499969482422,249.0399932861328,245.1300048828125,248.25,39777000
2025-10-17,251.57826232910156,252.2899932861328,253.3800048828125,247.27000427246094,248.02000427246094,49147000
2025-10-20,261.5001525878906,262.239990234375,264.3800048828125,255.6300048828125,255.88999938964844,90483000
2025-10-21,262.0286865234375,262.7699890136719,265.2900085449219,261.8299865722656,261.8800048828125,46695900
2025-10-22,257.72088623046875,258.45001220703125,262.8500061035156,255.42999267578125,262.6499938964844,45015300
2025-10-23,258.84771728515625,259.5799865722656,260.6199951171875,258.010009765625,259.94000244140625,32754900
2025-10-24,262.07855224609375,262.82000732421875,264.1300048828125,259.17999267578125,261.19000244140625,38253700
2025-10-27,268.0516357421875,268.80999755859375,269.1199951171875,264.6499938964844,264.8800048828125,44888200
2025-10-28,268.2410888671875,269.0,269.8900146484375,268.1499938964844,268.989990234375,41534800
2025-10-29,268.93914794921875,269.70001220703125,271.4100036621094,267.1099853515625,269.2799987792969,51086700
2025-10-30,270.63433837890625,271.3999938964844,274.1400146484375,268.4800109863281,271.989990234375,69886500
2025-10-31,269.60723876953125,270.3699951171875,277.32000732421875,269.1600036621094,276.989990234375,86167100
2025-11-03,268.2909851074219,269.04998779296875,270.8500061035156,266.25,270.4200134277344,50194600
2025-11-04,269.2781982421875,270.0400085449219,271.489990234375,267.6199951171875,268.3299865722656,49274800
2025-11-05,269.3778991699219,270.1400146484375,271.70001220703125,266.92999267578125,268.6099853515625,43683100
2025-11-06,269.0089416503906,269.7699890136719,273.3999938964844,267.8900146484375,267.8900146484375,51204000
2025-11-07,267.7126159667969,268.4700012207031,272.2900085449219,266.7699890136719,269.79998779296875,48227400
2025-11-10,268.9303283691406,269.42999267578125,273.7300109863281,267.4599914550781,268.9599914550781,41312400
2025-11-11,274.73956298828125,275.25,275.9100036621094,269.79998779296875,269.80999755859375,46208300
2025-11-12,272.962890625,273.4700012207031,275.7300109863281,271.70001220703125,275.0,48398000
2025-11-13,272.4438171386719,272.95001220703125,276.70001220703125,272.0899963378906,274.1099853515625,49602800
2025-11-14,271.90484619140625,272.4100036621094,275.9599914550781,269.6000061035156,271.04998779296875,47431300
2025-11-17,266.9639892578125,267.4599914550781,270.489990234375,265.7300109863281,268.82000732421875,45018300
2025-11-18,266.94403076171875,267.44000244140625,270.7099914550781,265.32000732421875,269.989990234375,45677300
2025-11-19,268.0619812011719,268.55999755859375,272.2099914550781,265.5,265.5299987792969,40424500
2025-11-20,265.7562561035156,266.25,275.42999267578125,265.9200134277344,270.8299865722656,45823600
2025-11-21,270.98651123046875,271.489990234375,273.3299865722656,265.6700134277344,265.95001220703125,59030800
2025-11-24,275.4083557128906,275.9200134277344,277.0,270.8999938964844,270.8999938964844,65585800
2025-11-25,276.45635986328125,276.9700012207031,280.3800048828125,275.25,275.2699890136719,46914200
2025-11-26,277.0353088378906,277.54998779296875,279.5299987792969,276.6300048828125,276.9599914550781,33431400
2025-11-28,278.3328857421875,278.8500061035156,279.0,275.989990234375,277.260009765625,20135600
2025-12-01,282.57501220703125,283.1000061035156,283.4200134277344,276.1400146484375,278.010009765625,46587700
2025-12-02,285.6592712402344,286.19000244140625,287.3999938964844,282.6300048828125,283.0,53669500
2025-12-03,283.623046875,284.1499938964844,288.6199951171875,283.29998779296875,286.20001220703125,43538700
2025-12-04,280.179443359375,280.70001220703125,284.7300109863281,278.5899963378906,284.1000061035156,43989100
2025-12-05,278.26300048828125,278.7799987792969,281.1400146484375,278.04998779296875,280.5400085449219,47265800
2025-12-08,277.3746643066406,277.8900146484375,279.6700134277344,276.1499938964844,278.1300048828125,38211800
2025-12-09,276.6659851074219,277.17999267578125,280.0299987792969,276.9200134277344,278.1600036621094,32193300
2025-12-10,278.26300048828125,278.7799987792969,279.75,276.44000244140625,277.75,33038300
2025-12-11,277.514404296875,278.0299987792969,279.5899963378906,273.80999755859375,279.1000061035156,33248000
2025-12-12,277.763916015625,278.2799987792969,279.2200012207031,276.82000732421875,277.8999938964844,39532900
2025-12-15,273.6016540527344,274.1099853515625,280.1499938964844,272.8399963378906,280.1499938964844,50409100
2025-12-16,274.1007385253906,274.6099853515625,275.5,271.7900085449219,272.82000732421875,37648600
2025-12-17,271.33587646484375,271.8399963378906,276.1600036621094,271.6400146484375,275.010009765625,50138700
2025-12-18,271.68524169921875,272.19000244140625,273.6300048828125,266.95001220703125,273.6099853515625,51630700
2025-12-19,273.1625061035156,273.6700134277344,274.6000061035156,269.8999938964844,272.1499938964844,144632000
2025-12-22,270.4674987792969,270.9700012207031,273.8800048828125,270.510009765625,272.8599853515625,36571800
2025-12-23,271.85491943359375,272.3599853515625,272.5,269.55999755859375,270.8399963378906,29642000
2025-12-24,273.3022155761719,273.80999755859375,275.42999267578125,272.20001220703125,272.3399963378906,17910600
2025-12-26,272.89300537109375,273.3999938964844,275.3699951171875,272.8599853515625,274.1600036621094,21521800
2025-12-29,273.2523498535156,273.760009765625,274.3599853515625,272.3500061035156,272.69000244140625,23715200
2025-12-30,272.57354736328125,273.0799865722656,274.0799865722656,272.2799987792969,272.80999755859375,22139600
2025-12-31,271.3558349609375,271.8599853515625,273.67999267578125,271.75,273.05999755859375,27293600
2026-01-02,270.5074462890625,271.010009765625,277.8399963378906,269.0,272.260009765625,37838100
2026-01-05,266.764404296875,267.260009765625,271.510009765625,266.1400146484375,270.6400146484375,45647200
2026-01-06,261.87347412109375,262.3599853515625,267.54998779296875,262.1199951171875,267.0,52352100
2026-01-07,259.84722900390625,260.3299865722656,263.67999267578125,259.80999755859375,263.20001220703125,48309800
2026-01-08,258.55963134765625,259.0400085449219,259.2900085449219,255.6999969482422,257.0199890136719,50419300
2026-01-09,258.8890075683594,259.3699951171875,260.2099914550781,256.2200012207031,259.0799865722656,39997000
2026-01-12,259.7673645019531,260.25,261.29998779296875,256.79998779296875,259.1600036621094,45263800
2026-01-13,260.5658874511719,261.04998779296875,261.80999755859375,258.3900146484375,258.7200012207031,45730800
2026-01-14,259.4779052734375,259.9599914550781,261.82000732421875,256.7099914550781,259.489990234375,40019400
2026-01-15,257.7311706542969,258.2099914550781,261.0400085449219,257.04998779296875,260.6499938964844,39388600
2026-01-16,255.05612182617188,255.52999877929688,258.8999938964844,254.92999267578125,257.8999938964844,72142800
2026-01-20,246.2425079345703,246.6999969482422,254.7899932861328,243.4199981689453,252.72999572753906,80267500
2026-01-21,247.1907501220703,247.64999389648438,251.55999755859375,245.17999267578125,248.6999969482422,54641700
2026-01-22,247.8894500732422,248.35000610351562,251.0,248.14999389648438,249.1999969482422,39708300
2026-01-23,247.58001708984375,248.0399932861328,249.41000366210938,244.67999267578125,247.32000732421875,41689000
2026-01-26,254.93637084960938,255.41000366210938,256.55999755859375,249.8000030517578,251.47999572753906,55969200
2026-01-27,257.7910461425781,258.2699890136719,261.95001220703125,258.2099914550781,259.1700134277344,49648300
2026-01-28,255.96444702148438,256.44000244140625,258.8599853515625,254.50999450683594,257.6499938964844,41288000
2026-01-29,257.801025390625,258.2799987792969,259.6499938964844,254.41000366210938,258.0,67253000
2026-01-30,258.99884033203125,259.4800109863281,261.8999938964844,252.17999267578125,255.1699981689453,92443400
2026-02-02,269.50927734375,270.010009765625,270.489990234375,259.2099914550781,260.0299987792969,73913400
2026-02-03,268.98028564453125,269.4800109863281,271.8800048828125,267.6099853515625,269.20001220703125,64394700
2026-02-04,275.97723388671875,276.489990234375,278.95001220703125,272.2900085449219,272.2900085449219,90545700
2026-02-05,275.3983459472656,275.9100036621094,279.5,273.2300109863281,278.1300048828125,52977400
2026-02-06,277.6042175292969,278.1199951171875,280.9100036621094,276.92999267578125,277.1199951171875,50453400
2026-02-09,274.3672180175781,274.6199951171875,278.20001220703125,271.70001220703125,277.9100036621094,44623400
2026-02-10,273.4280700683594,273.67999267578125,275.3699951171875,272.94000244140625,274.8900146484375,34376900
2026-02-11,275.24639892578125,275.5,280.17999267578125,274.45001220703125,274.70001220703125,51931300
2026-02-12,261.4891052246094,261.7300109863281,275.7200012207031,260.17999267578125,275.5899963378906,81077200
2026-02-13,255.5445556640625,255.77999877929688,262.2300109863281,255.4499969482422,262.010009765625,56290700
2026-02-17,263.6371154785156,263.8800048828125,266.2900085449219,255.5399932861328,258.04998779296875,58469100
2026-02-18,264.106689453125,264.3500061035156,266.82000732421875,262.45001220703125,263.6000061035156,34203300
2026-02-19,260.3401184082031,260.5799865722656,264.4800109863281,260.04998779296875,262.6000061035156,30845300
2026-02-20,264.3364562988281,264.5799865722656,264.75,258.1600036621094,258.9700012207031,42070500
2026-02-23,265.9349670410156,266.17999267578125,269.42999267578125,263.3800048828125,263.489990234375,37308200
2026-02-24,271.8895263671875,272.1400146484375,274.8900146484375,267.7099914550781,267.8599853515625,47014600
2026-02-25,273.97760009765625,274.2300109863281,274.94000244140625,271.04998779296875,271.7799987792969,33714300
2026-02-26,272.6987609863281,272.95001220703125,276.1099853515625,270.79998779296875,274.95001220703125,32345100
2026-02-27,263.93682861328125,264.17999267578125,272.80999755859375,262.8900146484375,272.80999755859375,72366500
2026-03-02,264.476318359375,264.7200012207031,266.5299987792969,260.20001220703125,262.4100036621094,41827900
2026-03-03,263.5072326660156,263.75,265.55999755859375,260.1300048828125,263.4800109863281,38568900
2026-03-04,262.2783508300781,262.5199890136719,266.1499938964844,261.4200134277344,264.6499938964844,39803100
2026-03-05,260.0504150390625,260.2900085449219,261.55999755859375,257.25,260.7900085449219,49658600
2026-03-06,257.2229919433594,257.4599914550781,258.7699890136719,254.3699951171875,258.6300048828125,41120000
2026-03-09,259.6407775878906,259.8800048828125,261.1499938964844,253.67999267578125,255.69000244140625,38218500
2026-03-10,260.58990478515625,260.8299865722656,262.4800109863281,256.95001220703125,257.6499938964844,30590800
2026-03-11,260.5699157714844,260.80999755859375,262.1300048828125,259.54998779296875,261.0899963378906,26218900
2026-03-12,255.52456665039062,255.75999450683594,258.95001220703125,254.17999267578125,258.6600036621094,40794000
2026-03-13,249.8897705078125,250.1199951171875,256.3299865722656,249.52000427246094,255.47999572753906,36930000
2026-03-16,252.58729553222656,252.82000732421875,253.88999938964844,249.8800048828125,252.11000061035156,32074200
2026-03-17,253.99598693847656,254.22999572753906,255.1300048828125,252.17999267578125,252.9600067138672,32361600
2026-03-18,249.70994567871094,249.94000244140625,254.94000244140625,249.0,252.6300048828125,35757900
2026-03-19,248.73085021972656,248.9600067138672,251.8300018310547,247.3000030517578,249.39999389648438,34864100
2026-03-20,247.76173400878906,247.99000549316406,249.1999969482422,246.0,247.97999572753906,88331100
2026-03-23,251.25851440429688,251.49000549316406,254.60000610351562,250.27999877929688,253.97000122070312,40546100
2026-03-24,251.4083709716797,251.63999938964844,254.8300018310547,249.5500030517578,250.35000610351562,45152300
2026-03-25,252.38746643066406,252.6199951171875,255.0,251.60000610351562,254.10000610351562,28476700
2026-03-26,252.6572265625,252.88999938964844,257.0,250.77000427246094,252.1199951171875,41796700
2026-03-27,248.57098388671875,248.8000030517578,255.49000549316406,248.07000732421875,253.89999389648438,47900000
2026-03-30,246.40298461914062,246.6300048828125,250.8699951171875,245.50999450683594,250.07000732421875,39446200
2026-03-31,253.55638122558594,253.7899932861328,255.47999572753906,247.10000610351562,247.91000366210938,49598100
2026-04-01,255.3946990966797,255.6300048828125,256.17999267578125,253.3300018310547,254.0800018310547,40059400
2026-04-02,255.68443298339844,255.9199981689453,256.1300048828125,250.64999389648438,254.1999969482422,31289400
2026-04-06,258.6217041015625,258.8599853515625,262.1600036621094,256.4599914550781,256.510009765625,29329900
2026-04-07,253.26666259765625,253.5,256.20001220703125,245.6999969482422,256.1600036621094,62148000
2026-04-08,258.66168212890625,258.8999938964844,259.75,256.5299987792969,258.45001220703125,41032800
2026-04-09,260.2502136230469,260.489990234375,261.1199951171875,256.07000732421875,259.0,28121600
2026-04-10,260.240234375,260.4800109863281,262.19000244140625,259.0199890136719,259.9800109863281,31291500
2026-04-13,258.96142578125,259.20001220703125,260.17999267578125,256.6600036621094,259.7300109863281,36234700
2026-04-14,258.59173583984375,258.8299865722656,261.92999267578125,257.19000244140625,259.25,48370700
2026-04-15,266.18475341796875,266.42999267578125,266.55999755859375,257.80999755859375,258.1600036621094,49913500
2026-04-16,263.15753173828125,263.3999938964844,267.1600036621094,261.2699890136719,266.79998779296875,43323100
2026-04-17,269.98126220703125,270.2300109863281,272.29998779296875,266.7200012207031,266.9599914550781,61436200
2026-04-20,272.79864501953125,273.04998779296875,274.2799987792969,270.2900085449219,270.3299865722656,36590200
2026-04-21,265.9250183105469,266.1700134277344,272.79998779296875,265.3999938964844,271.5,50209800
2026-04-22,272.9185791015625,273.1700134277344,273.739990234375,266.8699951171875,267.82000732421875,43249200
2026-04-23,273.1783142089844,273.42999267578125,275.7699890136719,271.6499938964844,275.04998779296875,33399600
2026-04-24,270.81048583984375,271.05999755859375,273.05999755859375,269.6499938964844,272.760009765625,38157100
2026-04-27,267.3636474609375,267.6099853515625,268.3599853515625,265.07000732421875,266.0899963378906,41466800
2026-04-28,270.4608154296875,270.7099914550781,273.2300109863281,268.6600036621094,272.3399963378906,40018900
2026-04-29,269.92132568359375,270.1700134277344,271.0400085449219,267.0400085449219,267.54998779296875,30047900
2026-04-30,271.1002502441406,271.3500061035156,276.0,268.1400146484375,270.5,91848200
2026-05-01,279.88214111328125,280.1400146484375,287.2200012207031,278.3699951171875,278.8599853515625,79915400
2026-05-04,276.5751647949219,276.8299865722656,280.6300048828125,274.8599853515625,279.6600036621094,46668400
2026-05-05,283.9184265136719,284.17999267578125,284.57000732421875,276.5,276.92999267578125,49311700
2026-05-06,287.245361328125,287.510009765625,288.0299987792969,281.07000732421875,281.9200134277344,58336100
2026-05-07,287.1754150390625,287.44000244140625,292.1300048828125,285.7799987792969,289.2699890136719,45224300
2026-05-08,293.0500183105469,293.32000732421875,294.760009765625,290.0,290.010009765625,52692800
2026-05-11,292.67999267578125,292.67999267578125,293.8800048828125,290.2300109863281,291.9800109863281,42247300
2026-05-12,294.79998779296875,294.79998779296875,295.2699890136719,292.55999755859375,292.55999755859375,45748100
2026-05-13,298.8699951171875,298.8699951171875,300.9200134277344,293.5,293.5,52684300
2026-05-14,298.2099914550781,298.2099914550781,300.45001220703125,295.3800048828125,299.82000732421875,35324900
2026-05-15,300.2300109863281,300.2300109863281,303.20001220703125,296.5199890136719,297.8999938964844,54862800
2026-05-18,297.8399963378906,297.8399963378906,300.6600036621094,294.9100036621094,300.239990234375,34483000
2026-05-19,298.9700012207031,298.9700012207031,300.510009765625,296.3500061035156,296.9700012207031,42243600
2026-05-20,302.25,302.25,302.79998779296875,298.0799865722656,298.17999267578125,38229800
2026-05-21,304.989990234375,304.989990234375,305.5400085449219,300.3999938964844,301.05999755859375,42965100
2026-05-22,308.82000732421875,308.82000732421875,311.3999938964844,305.8399963378906,306.1199951171875,43670200
2026-05-26,308.3299865722656,308.3299865722656,311.82000732421875,307.6700134277344,309.55999755859375,48000500
2026-05-27,310.8500061035156,310.8500061035156,313.260009765625,308.29998779296875,308.3299865722656,50430900
2026-05-28,312.510009765625,312.510009765625,312.79998779296875,309.57000732421875,310.67999267578125,48220400
2026-05-29,312.05999755859375,312.05999755859375,315.0,309.5299987792969,311.7799987792969,70026800
2026-06-01,306.30999755859375,306.30999755859375,310.94000244140625,305.0199890136719,309.6300048828125,48849900
2026-06-02,315.20001220703125,315.20001220703125,315.45001220703125,306.69000244140625,307.4599914550781,44534700
2026-06-03,310.260009765625,310.260009765625,316.94000244140625,308.8500061035156,314.17999267578125,50836700
2026-06-04,311.2300109863281,311.2300109863281,313.5400085449219,309.6499938964844,313.2300109863281,44869100
2026-06-05,307.3399963378906,307.3399963378906,315.1700134277344,307.1499938964844,312.8599853515625,65310500
2026-06-08,301.5400085449219,301.5400085449219,317.3999938964844,301.1700134277344,308.739990234375,77949100
2026-06-09,290.54998779296875,290.54998779296875,300.75,287.7799987792969,300.2799987792969,70108800
2026-06-10,291.5799865722656,291.5799865722656,294.75,287.3800048828125,290.739990234375,52793300
2026-06-11,295.6300048828125,295.6300048828125,297.0,289.5899963378906,293.7200012207031,42572500
2026-06-12,291.1300048828125,291.1300048828125,297.1400146484375,289.6199951171875,296.0299987792969,38742100
2026-06-15,296.4200134277344,296.4200134277344,297.7799987792969,291.70001220703125,294.1199951171875,45732600
2026-06-16,299.239990234375,299.239990234375,300.4800109863281,293.9700012207031,295.25,39874400
2026-06-17,295.95001220703125,295.95001220703125,302.07000732421875,294.3599853515625,300.8500061035156,42745100
2026-06-18,298.010009765625,298.010009765625,300.57000732421875,295.6199951171875,298.1099853515625,85962200
2026-06-22,297.010009765625,297.010009765625,302.4200134277344,296.760009765625,297.30999755859375,44879900
2026-06-23,294.29998779296875,294.29998779296875,301.6400146484375,294.17999267578125,297.5400085449219,52010900
2026-06-24,293.0799865722656,293.0799865722656,299.70001220703125,292.94000244140625,295.3599853515625,52882100
